index,partition,label,gloss,original_filename
0,train,37,computer,
1,train,37,computer,
2,train,37,computer,
3,train,37,computer,
4,train,37,computer,
5,train,37,computer,
6,train,37,computer,
7,train,37,computer,
8,train,37,computer,
9,train,37,computer,
10,train,37,computer,
11,train,37,computer,
12,train,37,computer,
13,train,37,computer,
14,train,39,cousin,
15,train,39,cousin,
16,train,39,cousin,
17,train,39,cousin,
18,train,39,cousin,
19,train,39,cousin,
20,train,39,cousin,
21,train,39,cousin,
22,train,39,cousin,
23,train,39,cousin,
24,train,39,cousin,
25,train,39,cousin,
26,train,39,cousin,
27,train,39,cousin,
28,train,48,help,
29,train,48,help,
30,train,48,help,
31,train,48,help,
32,train,48,help,
33,train,48,help,
34,train,48,help,
35,train,48,help,
36,train,48,help,
37,train,48,help,
38,train,48,help,
39,train,48,help,
40,train,48,help,
41,train,48,help,
42,train,71,who,
43,train,71,who,
44,train,71,who,
45,train,71,who,
46,train,71,who,
47,train,71,who,
48,train,71,who,
49,train,71,who,
50,train,71,who,
51,train,71,who,
52,train,71,who,
53,train,71,who,
54,train,71,who,
55,train,71,who,
56,train,24,accident,
57,train,24,accident,
58,train,24,accident,
59,train,24,accident,
60,train,24,accident,
61,train,24,accident,
62,train,24,accident,
63,train,24,accident,
64,train,24,accident,
65,train,24,accident,
66,train,24,accident,
67,train,24,accident,
68,train,24,accident,
69,train,28,bed,
70,train,28,bed,
71,train,28,bed,
72,train,28,bed,
73,train,28,bed,
74,train,28,bed,
75,train,28,bed,
76,train,28,bed,
77,train,28,bed,
78,train,28,bed,
79,train,28,bed,
80,train,28,bed,
81,train,28,bed,
82,train,29,bowling,
83,train,29,bowling,
84,train,29,bowling,
85,train,29,bowling,
86,train,29,bowling,
87,train,29,bowling,
88,train,29,bowling,
89,train,29,bowling,
90,train,29,bowling,
91,train,29,bowling,
92,train,29,bowling,
93,train,29,bowling,
94,train,29,bowling,
95,train,32,candy,
96,train,32,candy,
97,train,32,candy,
98,train,32,candy,
99,train,32,candy,
100,train,32,candy,
101,train,32,candy,
102,train,32,candy,
103,train,32,candy,
104,train,32,candy,
105,train,32,candy,
106,train,32,candy,
107,train,32,candy,
108,train,62,short,
109,train,62,short,
110,train,62,short,
111,train,62,short,
112,train,62,short,
113,train,62,short,
114,train,62,short,
115,train,62,short,
116,train,62,short,
117,train,62,short,
118,train,62,short,
119,train,62,short,
120,train,62,short,
121,train,65,tall,
122,train,65,tall,
123,train,65,tall,
124,train,65,tall,
125,train,65,tall,
126,train,65,tall,
127,train,65,tall,
128,train,65,tall,
129,train,65,tall,
130,train,65,tall,
131,train,65,tall,
132,train,65,tall,
133,train,65,tall,
134,train,66,thanksgiving,
135,train,66,thanksgiving,
136,train,66,thanksgiving,
137,train,66,thanksgiving,
138,train,66,thanksgiving,
139,train,66,thanksgiving,
140,train,66,thanksgiving,
141,train,66,thanksgiving,
142,train,66,thanksgiving,
143,train,66,thanksgiving,
144,train,66,thanksgiving,
145,train,66,thanksgiving,
146,train,66,thanksgiving,
147,train,68,trade,
148,train,68,trade,
149,train,68,trade,
150,train,68,trade,
151,train,68,trade,
152,train,68,trade,
153,train,68,trade,
154,train,68,trade,
155,train,68,trade,
156,train,68,trade,
157,train,68,trade,
158,train,68,trade,
159,train,68,trade,
160,train,27,basketball,
161,train,27,basketball,
162,train,27,basketball,
163,train,27,basketball,
164,train,27,basketball,
165,train,27,basketball,
166,train,27,basketball,
167,train,27,basketball,
168,train,27,basketball,
169,train,27,basketball,
170,train,27,basketball,
171,train,27,basketball,
172,train,31,call,
173,train,31,call,
174,train,31,call,
175,train,31,call,
176,train,31,call,
177,train,31,call,
178,train,31,call,
179,train,31,call,
180,train,31,call,
181,train,31,call,
182,train,31,call,
183,train,31,call,
184,train,34,change,
185,train,34,change,
186,train,34,change,
187,train,34,change,
188,train,34,change,
189,train,34,change,
190,train,34,change,
191,train,34,change,
192,train,34,change,
193,train,34,change,
194,train,34,change,
195,train,34,change,
196,train,36,cold,
197,train,36,cold,
198,train,36,cold,
199,train,36,cold,
200,train,36,cold,
201,train,36,cold,
202,train,36,cold,
203,train,36,cold,
204,train,36,cold,
205,train,36,cold,
206,train,36,cold,
207,train,36,cold,
208,train,38,corn,
209,train,38,corn,
210,train,38,corn,
211,train,38,corn,
212,train,38,corn,
213,train,38,corn,
214,train,38,corn,
215,train,38,corn,
216,train,38,corn,
217,train,38,corn,
218,train,38,corn,
219,train,38,corn,
220,train,40,dark,
221,train,40,dark,
222,train,40,dark,
223,train,40,dark,
224,train,40,dark,
225,train,40,dark,
226,train,40,dark,
227,train,40,dark,
228,train,40,dark,
229,train,40,dark,
230,train,40,dark,
231,train,40,dark,
232,train,49,last,
233,train,49,last,
234,train,49,last,
235,train,49,last,
236,train,49,last,
237,train,49,last,
238,train,49,last,
239,train,49,last,
240,train,49,last,
241,train,49,last,
242,train,49,last,
243,train,49,last,
244,train,50,later,
245,train,50,later,
246,train,50,later,
247,train,50,later,
248,train,50,later,
249,train,50,later,
250,train,50,later,
251,train,50,later,
252,train,50,later,
253,train,50,later,
254,train,50,later,
255,train,50,later,
256,train,54,man,
257,train,54,man,
258,train,54,man,
259,train,54,man,
260,train,54,man,
261,train,54,man,
262,train,54,man,
263,train,54,man,
264,train,54,man,
265,train,54,man,
266,train,54,man,
267,train,54,man,
268,train,57,pizza,
269,train,57,pizza,
270,train,57,pizza,
271,train,57,pizza,
272,train,57,pizza,
273,train,57,pizza,
274,train,57,pizza,
275,train,57,pizza,
276,train,57,pizza,
277,train,57,pizza,
278,train,57,pizza,
279,train,57,pizza,
280,train,61,shirt,
281,train,61,shirt,
282,train,61,shirt,
283,train,61,shirt,
284,train,61,shirt,
285,train,61,shirt,
286,train,61,shirt,
287,train,61,shirt,
288,train,61,shirt,
289,train,61,shirt,
290,train,61,shirt,
291,train,61,shirt,
292,train,70,what,
293,train,70,what,
294,train,70,what,
295,train,70,what,
296,train,70,what,
297,train,70,what,
298,train,70,what,
299,train,70,what,
300,train,70,what,
301,train,70,what,
302,train,70,what,
303,train,70,what,
304,train,73,yes,
305,train,73,yes,
306,train,73,yes,
307,train,73,yes,
308,train,73,yes,
309,train,73,yes,
310,train,73,yes,
311,train,73,yes,
312,train,73,yes,
313,train,73,yes,
314,train,73,yes,
315,train,73,yes,
316,train,25,apple,
317,train,25,apple,
318,train,25,apple,
319,train,25,apple,
320,train,25,apple,
321,train,25,apple,
322,train,25,apple,
323,train,25,apple,
324,train,25,apple,
325,train,25,apple,
326,train,25,apple,
327,train,26,bar,
328,train,26,bar,
329,train,26,bar,
330,train,26,bar,
331,train,26,bar,
332,train,26,bar,
333,train,26,bar,
334,train,26,bar,
335,train,26,bar,
336,train,26,bar,
337,train,26,bar,
338,train,30,brother,
339,train,30,brother,
340,train,30,brother,
341,train,30,brother,
342,train,30,brother,
343,train,30,brother,
344,train,30,brother,
345,train,30,brother,
346,train,30,brother,
347,train,30,brother,
348,train,30,brother,
349,train,33,champion,
350,train,33,champion,
351,train,33,champion,
352,train,33,champion,
353,train,33,champion,
354,train,33,champion,
355,train,33,champion,
356,train,33,champion,
357,train,33,champion,
358,train,33,champion,
359,train,33,champion,
360,train,35,check,
361,train,35,check,
362,train,35,check,
363,train,35,check,
364,train,35,check,
365,train,35,check,
366,train,35,check,
367,train,35,check,
368,train,35,check,
369,train,35,check,
370,train,35,check,
371,train,41,deaf,
372,train,41,deaf,
373,train,41,deaf,
374,train,41,deaf,
375,train,41,deaf,
376,train,41,deaf,
377,train,41,deaf,
378,train,41,deaf,
379,train,41,deaf,
380,train,41,deaf,
381,train,41,deaf,
382,train,42,delay,
383,train,42,delay,
384,train,42,delay,
385,train,42,delay,
386,train,42,delay,
387,train,42,delay,
388,train,42,delay,
389,train,42,delay,
390,train,42,delay,
391,train,42,delay,
392,train,42,delay,
393,train,43,dog,
394,train,43,dog,
395,train,43,dog,
396,train,43,dog,
397,train,43,dog,
398,train,43,dog,
399,train,43,dog,
400,train,43,dog,
401,train,43,dog,
402,train,43,dog,
403,train,43,dog,
404,train,44,environment,
405,train,44,environment,
406,train,44,environment,
407,train,44,environment,
408,train,44,environment,
409,train,44,environment,
410,train,44,environment,
411,train,44,environment,
412,train,44,environment,
413,train,44,environment,
414,train,44,environment,
415,train,45,example,
416,train,45,example,
417,train,45,example,
418,train,45,example,
419,train,45,example,
420,train,45,example,
421,train,45,example,
422,train,45,example,
423,train,45,example,
424,train,45,example,
425,train,45,example,
426,train,46,family,
427,train,46,family,
428,train,46,family,
429,train,46,family,
430,train,46,family,
431,train,46,family,
432,train,46,family,
433,train,46,family,
434,train,46,family,
435,train,46,family,
436,train,46,family,
437,train,47,far,
438,train,47,far,
439,train,47,far,
440,train,47,far,
441,train,47,far,
442,train,47,far,
443,train,47,far,
444,train,47,far,
445,train,47,far,
446,train,47,far,
447,train,47,far,
448,train,51,laugh,
449,train,51,laugh,
450,train,51,laugh,
451,train,51,laugh,
452,train,51,laugh,
453,train,51,laugh,
454,train,51,laugh,
455,train,51,laugh,
456,train,51,laugh,
457,train,51,laugh,
458,train,51,laugh,
459,train,52,leave,
460,train,52,leave,
461,train,52,leave,
462,train,52,leave,
463,train,52,leave,
464,train,52,leave,
465,train,52,leave,
466,train,52,leave,
467,train,52,leave,
468,train,52,leave,
469,train,52,leave,
470,train,53,letter,
471,train,53,letter,
472,train,53,letter,
473,train,53,letter,
474,train,53,letter,
475,train,53,letter,
476,train,53,letter,
477,train,53,letter,
478,train,53,letter,
479,train,53,letter,
480,train,53,letter,
481,train,55,mother,
482,train,55,mother,
483,train,55,mother,
484,train,55,mother,
485,train,55,mother,
486,train,55,mother,
487,train,55,mother,
488,train,55,mother,
489,train,55,mother,
490,train,55,mother,
491,train,55,mother,
492,train,56,no,
493,train,56,no,
494,train,56,no,
495,train,56,no,
496,train,56,no,
497,train,56,no,
498,train,56,no,
499,train,56,no,
500,train,56,no,
501,train,56,no,
502,train,56,no,
503,train,58,play,
504,train,58,play,
505,train,58,play,
506,train,58,play,
507,train,58,play,
508,train,58,play,
509,train,58,play,
510,train,58,play,
511,train,58,play,
512,train,58,play,
513,train,58,play,
514,train,59,room,
515,train,59,room,
516,train,59,room,
517,train,59,room,
518,train,59,room,
519,train,59,room,
520,train,59,room,
521,train,59,room,
522,train,59,room,
523,train,59,room,
524,train,59,room,
525,train,60,score,
526,train,60,score,
527,train,60,score,
528,train,60,score,
529,train,60,score,
530,train,60,score,
531,train,60,score,
532,train,60,score,
533,train,60,score,
534,train,60,score,
535,train,60,score,
536,train,63,soon,
537,train,63,soon,
538,train,63,soon,
539,train,63,soon,
540,train,63,soon,
541,train,63,soon,
542,train,63,soon,
543,train,63,soon,
544,train,63,soon,
545,train,63,soon,
546,train,63,soon,
547,train,64,take,
548,train,64,take,
549,train,64,take,
550,train,64,take,
551,train,64,take,
552,train,64,take,
553,train,64,take,
554,train,64,take,
555,train,64,take,
556,train,64,take,
557,train,64,take,
558,train,67,thursday,
559,train,67,thursday,
560,train,67,thursday,
561,train,67,thursday,
562,train,67,thursday,
563,train,67,thursday,
564,train,67,thursday,
565,train,67,thursday,
566,train,67,thursday,
567,train,67,thursday,
568,train,67,thursday,
569,train,69,walk,
570,train,69,walk,
571,train,69,walk,
572,train,69,walk,
573,train,69,walk,
574,train,69,walk,
575,train,69,walk,
576,train,69,walk,
577,train,69,walk,
578,train,69,walk,
579,train,69,walk,
580,train,72,why,
581,train,72,why,
582,train,72,why,
583,train,72,why,
584,train,72,why,
585,train,72,why,
586,train,72,why,
587,train,72,why,
588,train,72,why,
589,train,72,why,
590,train,72,why,
591,train,16,R,R2837.jpg
0,val,16,R,R2189.jpg
592,train,16,R,R1480.jpg
593,train,16,R,R1494.jpg
594,train,16,R,R2823.jpg
595,train,16,R,R228.jpg
596,train,16,R,R200.jpg
597,train,16,R,R566.jpg
598,train,16,R,R572.jpg
599,train,16,R,R214.jpg
600,train,16,R,R1325.jpg
601,train,16,R,R1443.jpg
602,train,16,R,R599.jpg
603,train,16,R,R1457.jpg
604,train,16,R,R1331.jpg
605,train,16,R,R1319.jpg
1,val,16,R,R2610.jpg
606,train,16,R,R2176.jpg
607,train,16,R,R2162.jpg
608,train,16,R,R1682.jpg
609,train,16,R,R980.jpg
610,train,16,R,R758.jpg
611,train,16,R,R1696.jpg
612,train,16,R,R994.jpg
613,train,16,R,R764.jpg
614,train,16,R,R1866.jpg
615,train,16,R,R770.jpg
616,train,16,R,R1872.jpg
617,train,16,R,R2348.jpg
618,train,16,R,R1899.jpg
619,train,16,R,R1641.jpg
620,train,16,R,R943.jpg
2,val,16,R,R1127.jpg
621,train,16,R,R1133.jpg
622,train,16,R,R1655.jpg
623,train,16,R,R957.jpg
624,train,16,R,R2374.jpg
625,train,16,R,R2412.jpg
626,train,16,R,R2406.jpg
627,train,16,R,R2360.jpg
628,train,16,R,R1669.jpg
629,train,16,R,R1090.jpg
630,train,16,R,R1084.jpg
631,train,16,R,R10.jpg
632,train,16,R,R638.jpg
633,train,16,R,R38.jpg
634,train,16,R,R610.jpg
635,train,16,R,R1912.jpg
636,train,16,R,R162.jpg
637,train,16,R,R604.jpg
638,train,16,R,R1906.jpg
639,train,16,R,R1735.jpg
3,val,16,R,R837.jpg
4,val,16,R,R189.jpg
640,train,16,R,R1053.jpg
641,train,16,R,R1047.jpg
642,train,16,R,R1721.jpg
643,train,16,R,R823.jpg
644,train,16,R,R2228.jpg
645,train,16,R,R1709.jpg
646,train,16,R,R348.jpg
647,train,16,R,R1292.jpg
648,train,16,R,R2943.jpg
5,val,16,R,R2957.jpg
649,train,16,R,R1286.jpg
650,train,16,R,R374.jpg
651,train,16,R,R412.jpg
652,train,16,R,R406.jpg
6,val,16,R,R360.jpg
653,train,16,R,R2980.jpg
654,train,16,R,R1251.jpg
655,train,16,R,R1537.jpg
656,train,16,R,R1523.jpg
657,train,16,R,R1245.jpg
658,train,16,R,R2994.jpg
659,train,16,R,R2002.jpg
660,train,16,R,R2016.jpg
661,train,16,R,R2770.jpg
7,val,16,R,R1279.jpg
662,train,16,R,R2017.jpg
8,val,16,R,R1278.jpg
9,val,16,R,R2771.jpg
663,train,16,R,R2003.jpg
664,train,16,R,R1522.jpg
665,train,16,R,R2995.jpg
666,train,16,R,R1244.jpg
667,train,16,R,R1250.jpg
668,train,16,R,R2981.jpg
669,train,16,R,R1536.jpg
670,train,16,R,R407.jpg
10,val,16,R,R361.jpg
671,train,16,R,R375.jpg
672,train,16,R,R413.jpg
673,train,16,R,R1287.jpg
674,train,16,R,R2956.jpg
11,val,16,R,R2942.jpg
675,train,16,R,R1293.jpg
676,train,16,R,R349.jpg
677,train,16,R,R1708.jpg
678,train,16,R,R1046.jpg
679,train,16,R,R822.jpg
680,train,16,R,R1720.jpg
681,train,16,R,R836.jpg
12,val,16,R,R1734.jpg
682,train,16,R,R1052.jpg
683,train,16,R,R188.jpg
684,train,16,R,R163.jpg
13,val,16,R,R1907.jpg
14,val,16,R,R605.jpg
15,val,16,R,R1913.jpg
685,train,16,R,R611.jpg
686,train,16,R,R39.jpg
687,train,16,R,R177.jpg
688,train,16,R,R1085.jpg
689,train,16,R,R639.jpg
690,train,16,R,R11.jpg
691,train,16,R,R1091.jpg
16,val,16,R,R2407.jpg
692,train,16,R,R1668.jpg
693,train,16,R,R2361.jpg
694,train,16,R,R2375.jpg
695,train,16,R,R2413.jpg
17,val,16,R,R1132.jpg
18,val,16,R,R956.jpg
19,val,16,R,R1654.jpg
696,train,16,R,R942.jpg
20,val,16,R,R1640.jpg
697,train,16,R,R1898.jpg
698,train,16,R,R2349.jpg
699,train,16,R,R1126.jpg
21,val,16,R,R1873.jpg
700,train,16,R,R771.jpg
701,train,16,R,R1867.jpg
702,train,16,R,R765.jpg
703,train,16,R,R995.jpg
704,train,16,R,R1697.jpg
22,val,16,R,R759.jpg
705,train,16,R,R981.jpg
706,train,16,R,R1683.jpg
707,train,16,R,R2163.jpg
708,train,16,R,R1318.jpg
709,train,16,R,R2177.jpg
23,val,16,R,R1456.jpg
710,train,16,R,R1330.jpg
24,val,16,R,R1324.jpg
711,train,16,R,R598.jpg
712,train,16,R,R1442.jpg
713,train,16,R,R573.jpg
25,val,16,R,R215.jpg
714,train,16,R,R201.jpg
715,train,16,R,R567.jpg
716,train,16,R,R1495.jpg
717,train,16,R,R229.jpg
718,train,16,R,R2822.jpg
719,train,16,R,R2836.jpg
720,train,16,R,R1481.jpg
721,train,16,R,R2188.jpg
26,val,16,R,R2820.jpg
722,train,16,R,R1497.jpg
723,train,16,R,R559.jpg
27,val,16,R,R1483.jpg
724,train,16,R,R2834.jpg
725,train,16,R,R217.jpg
726,train,16,R,R571.jpg
727,train,16,R,R565.jpg
728,train,16,R,R2808.jpg
729,train,16,R,R203.jpg
730,train,16,R,R1332.jpg
731,train,16,R,R1454.jpg
732,train,16,R,R1440.jpg
733,train,16,R,R2149.jpg
734,train,16,R,R1468.jpg
735,train,16,R,R2161.jpg
736,train,16,R,R997.jpg
737,train,16,R,R1695.jpg
738,train,16,R,R983.jpg
739,train,16,R,R1681.jpg
740,train,16,R,R1859.jpg
741,train,16,R,R2388.jpg
742,train,16,R,R1871.jpg
743,train,16,R,R773.jpg
744,train,16,R,R1865.jpg
745,train,16,R,R767.jpg
746,train,16,R,R954.jpg
747,train,16,R,R1656.jpg
748,train,16,R,R2439.jpg
28,val,16,R,R1130.jpg
749,train,16,R,R1124.jpg
750,train,16,R,R798.jpg
751,train,16,R,R940.jpg
752,train,16,R,R1642.jpg
29,val,16,R,R2363.jpg
753,train,16,R,R968.jpg
754,train,16,R,R2405.jpg
30,val,16,R,R2411.jpg
755,train,16,R,R1118.jpg
31,val,16,R,R2377.jpg
756,train,16,R,R13.jpg
757,train,16,R,R1939.jpg
32,val,16,R,R1087.jpg
758,train,16,R,R1093.jpg
759,train,16,R,R149.jpg
760,train,16,R,R1905.jpg
33,val,16,R,R607.jpg
34,val,16,R,R161.jpg
35,val,16,R,R175.jpg
761,train,16,R,R1911.jpg
762,train,16,R,R613.jpg
763,train,16,R,R820.jpg
764,train,16,R,R1722.jpg
765,train,16,R,R1044.jpg
766,train,16,R,R1050.jpg
767,train,16,R,R2559.jpg
768,train,16,R,R834.jpg
769,train,16,R,R1736.jpg
770,train,16,R,R1078.jpg
771,train,16,R,R2565.jpg
772,train,16,R,R808.jpg
773,train,16,R,R2954.jpg
36,val,16,R,R1285.jpg
774,train,16,R,R439.jpg
775,train,16,R,R1291.jpg
776,train,16,R,R2798.jpg
777,train,16,R,R2940.jpg
778,train,16,R,R363.jpg
779,train,16,R,R2968.jpg
780,train,16,R,R405.jpg
781,train,16,R,R411.jpg
782,train,16,R,R377.jpg
783,train,16,R,R1246.jpg
37,val,16,R,R2997.jpg
784,train,16,R,R2029.jpg
785,train,16,R,R1520.jpg
786,train,16,R,R1534.jpg
38,val,16,R,R2983.jpg
787,train,16,R,R1252.jpg
788,train,16,R,R388.jpg
789,train,16,R,R2015.jpg
39,val,16,R,R2001.jpg
790,train,16,R,R1508.jpg
791,train,16,R,R1509.jpg
792,train,16,R,R2000.jpg
793,train,16,R,R2766.jpg
40,val,16,R,R2772.jpg
794,train,16,R,R2014.jpg
795,train,16,R,R1535.jpg
796,train,16,R,R389.jpg
797,train,16,R,R1253.jpg
798,train,16,R,R2982.jpg
799,train,16,R,R2996.jpg
800,train,16,R,R1247.jpg
801,train,16,R,R1521.jpg
41,val,16,R,R2028.jpg
802,train,16,R,R410.jpg
42,val,16,R,R376.jpg
803,train,16,R,R2969.jpg
804,train,16,R,R362.jpg
805,train,16,R,R404.jpg
806,train,16,R,R2941.jpg
807,train,16,R,R1290.jpg
808,train,16,R,R1284.jpg
809,train,16,R,R2955.jpg
810,train,16,R,R2564.jpg
811,train,16,R,R809.jpg
812,train,16,R,R1079.jpg
813,train,16,R,R2558.jpg
43,val,16,R,R1051.jpg
814,train,16,R,R1737.jpg
815,train,16,R,R835.jpg
44,val,16,R,R1723.jpg
816,train,16,R,R821.jpg
45,val,16,R,R1045.jpg
46,val,16,R,R174.jpg
817,train,16,R,R612.jpg
818,train,16,R,R1910.jpg
819,train,16,R,R606.jpg
47,val,16,R,R1904.jpg
820,train,16,R,R160.jpg
821,train,16,R,R148.jpg
822,train,16,R,R1092.jpg
823,train,16,R,R1938.jpg
48,val,16,R,R12.jpg
824,train,16,R,R1086.jpg
825,train,16,R,R1119.jpg
49,val,16,R,R2410.jpg
826,train,16,R,R2376.jpg
827,train,16,R,R969.jpg
50,val,16,R,R2362.jpg
51,val,16,R,R2404.jpg
828,train,16,R,R1125.jpg
52,val,16,R,R1643.jpg
53,val,16,R,R941.jpg
829,train,16,R,R799.jpg
830,train,16,R,R1657.jpg
54,val,16,R,R955.jpg
831,train,16,R,R1131.jpg
55,val,16,R,R2438.jpg
832,train,16,R,R766.jpg
833,train,16,R,R1864.jpg
834,train,16,R,R772.jpg
835,train,16,R,R1870.jpg
836,train,16,R,R2389.jpg
837,train,16,R,R1858.jpg
838,train,16,R,R1680.jpg
839,train,16,R,R982.jpg
840,train,16,R,R1694.jpg
841,train,16,R,R996.jpg
842,train,16,R,R2612.jpg
843,train,16,R,R2160.jpg
56,val,16,R,R1469.jpg
844,train,16,R,R2148.jpg
845,train,16,R,R1441.jpg
846,train,16,R,R1333.jpg
847,train,16,R,R1455.jpg
848,train,16,R,R564.jpg
57,val,16,R,R202.jpg
849,train,16,R,R2809.jpg
850,train,16,R,R216.jpg
851,train,16,R,R570.jpg
852,train,16,R,R1482.jpg
58,val,16,R,R558.jpg
853,train,16,R,R2835.jpg
59,val,16,R,R2821.jpg
854,train,16,R,R1496.jpg
855,train,16,R,R574.jpg
856,train,16,R,R212.jpg
857,train,16,R,R2819.jpg
858,train,16,R,R206.jpg
859,train,16,R,R560.jpg
60,val,16,R,R548.jpg
860,train,16,R,R1492.jpg
861,train,16,R,R2825.jpg
862,train,16,R,R2831.jpg
863,train,16,R,R1486.jpg
61,val,16,R,R2164.jpg
62,val,16,R,R2170.jpg
864,train,16,R,R1479.jpg
63,val,16,R,R2158.jpg
865,train,16,R,R1451.jpg
866,train,16,R,R1337.jpg
867,train,16,R,R1323.jpg
868,train,16,R,R1445.jpg
869,train,16,R,R1874.jpg
64,val,16,R,R776.jpg
65,val,16,R,R1860.jpg
870,train,16,R,R762.jpg
871,train,16,R,R2399.jpg
872,train,16,R,R992.jpg
66,val,16,R,R1690.jpg
873,train,16,R,R1848.jpg
874,train,16,R,R986.jpg
875,train,16,R,R1684.jpg
876,train,16,R,R1109.jpg
67,val,16,R,R2400.jpg
877,train,16,R,R2366.jpg
878,train,16,R,R979.jpg
879,train,16,R,R2372.jpg
880,train,16,R,R2414.jpg
68,val,16,R,R1135.jpg
881,train,16,R,R789.jpg
882,train,16,R,R951.jpg
883,train,16,R,R1653.jpg
884,train,16,R,R945.jpg
885,train,16,R,R1647.jpg
886,train,16,R,R1121.jpg
69,val,16,R,R2428.jpg
70,val,16,R,R164.jpg
887,train,16,R,R1900.jpg
888,train,16,R,R602.jpg
889,train,16,R,R1914.jpg
890,train,16,R,R616.jpg
891,train,16,R,R1082.jpg
892,train,16,R,R158.jpg
893,train,16,R,R16.jpg
894,train,16,R,R1928.jpg
895,train,16,R,R1096.jpg
71,val,16,R,R819.jpg
896,train,16,R,R2560.jpg
897,train,16,R,R1069.jpg
72,val,16,R,R2548.jpg
898,train,16,R,R1041.jpg
899,train,16,R,R825.jpg
900,train,16,R,R1727.jpg
901,train,16,R,R831.jpg
902,train,16,R,R1733.jpg
903,train,16,R,R1055.jpg
904,train,16,R,R400.jpg
905,train,16,R,R366.jpg
906,train,16,R,R2979.jpg
907,train,16,R,R372.jpg
908,train,16,R,R414.jpg
73,val,16,R,R2789.jpg
909,train,16,R,R2951.jpg
74,val,16,R,R1280.jpg
910,train,16,R,R1294.jpg
911,train,16,R,R2945.jpg
912,train,16,R,R1519.jpg
913,train,16,R,R2010.jpg
914,train,16,R,R2776.jpg
915,train,16,R,R2004.jpg
916,train,16,R,R1525.jpg
917,train,16,R,R1243.jpg
918,train,16,R,R399.jpg
919,train,16,R,R2992.jpg
920,train,16,R,R2986.jpg
921,train,16,R,R1257.jpg
922,train,16,R,R1531.jpg
923,train,16,R,R2038.jpg
924,train,16,R,R1256.jpg
75,val,16,R,R2987.jpg
925,train,16,R,R2039.jpg
926,train,16,R,R1530.jpg
927,train,16,R,R1524.jpg
928,train,16,R,R2993.jpg
929,train,16,R,R398.jpg
930,train,16,R,R1242.jpg
931,train,16,R,R2005.jpg
932,train,16,R,R2011.jpg
933,train,16,R,R1518.jpg
934,train,16,R,R2777.jpg
935,train,16,R,R2944.jpg
936,train,16,R,R1295.jpg
937,train,16,R,R429.jpg
938,train,16,R,R1281.jpg
76,val,16,R,R2950.jpg
77,val,16,R,R2788.jpg
939,train,16,R,R373.jpg
78,val,16,R,R2978.jpg
940,train,16,R,R415.jpg
941,train,16,R,R401.jpg
79,val,16,R,R367.jpg
942,train,16,R,R1732.jpg
943,train,16,R,R830.jpg
80,val,16,R,R1054.jpg
944,train,16,R,R1040.jpg
81,val,16,R,R2549.jpg
945,train,16,R,R1726.jpg
946,train,16,R,R824.jpg
82,val,16,R,R1068.jpg
947,train,16,R,R2561.jpg
948,train,16,R,R818.jpg
949,train,16,R,R1929.jpg
950,train,16,R,R1097.jpg
951,train,16,R,R1083.jpg
83,val,16,R,R17.jpg
952,train,16,R,R617.jpg
953,train,16,R,R1915.jpg
954,train,16,R,R171.jpg
955,train,16,R,R165.jpg
956,train,16,R,R603.jpg
957,train,16,R,R1901.jpg
958,train,16,R,R1646.jpg
84,val,16,R,R944.jpg
85,val,16,R,R2429.jpg
959,train,16,R,R1120.jpg
960,train,16,R,R1134.jpg
961,train,16,R,R1652.jpg
962,train,16,R,R950.jpg
963,train,16,R,R788.jpg
964,train,16,R,R2373.jpg
965,train,16,R,R978.jpg
86,val,16,R,R2415.jpg
966,train,16,R,R2401.jpg
967,train,16,R,R1108.jpg
87,val,16,R,R2367.jpg
968,train,16,R,R1685.jpg
969,train,16,R,R987.jpg
88,val,16,R,R1849.jpg
970,train,16,R,R1691.jpg
971,train,16,R,R993.jpg
972,train,16,R,R2398.jpg
973,train,16,R,R763.jpg
974,train,16,R,R1861.jpg
89,val,16,R,R777.jpg
90,val,16,R,R1875.jpg
975,train,16,R,R1322.jpg
976,train,16,R,R1444.jpg
977,train,16,R,R1450.jpg
978,train,16,R,R2159.jpg
979,train,16,R,R1336.jpg
980,train,16,R,R2617.jpg
981,train,16,R,R1478.jpg
91,val,16,R,R2171.jpg
982,train,16,R,R2165.jpg
92,val,16,R,R2830.jpg
983,train,16,R,R1487.jpg
984,train,16,R,R1493.jpg
93,val,16,R,R549.jpg
985,train,16,R,R2824.jpg
986,train,16,R,R207.jpg
987,train,16,R,R561.jpg
988,train,16,R,R575.jpg
989,train,16,R,R2818.jpg
990,train,16,R,R213.jpg
991,train,16,R,R563.jpg
992,train,16,R,R205.jpg
993,train,16,R,R211.jpg
994,train,16,R,R577.jpg
94,val,16,R,R1485.jpg
995,train,16,R,R239.jpg
996,train,16,R,R2832.jpg
95,val,16,R,R2826.jpg
997,train,16,R,R1491.jpg
998,train,16,R,R2173.jpg
999,train,16,R,R1308.jpg
1000,train,16,R,R2167.jpg
1001,train,16,R,R1446.jpg
96,val,16,R,R1320.jpg
1002,train,16,R,R1334.jpg
1003,train,16,R,R1452.jpg
1004,train,16,R,R588.jpg
1005,train,16,R,R761.jpg
1006,train,16,R,R1863.jpg
1007,train,16,R,R775.jpg
1008,train,16,R,R1877.jpg
1009,train,16,R,R1687.jpg
97,val,16,R,R985.jpg
1010,train,16,R,R1693.jpg
1011,train,16,R,R991.jpg
1012,train,16,R,R749.jpg
1013,train,16,R,R2417.jpg
1014,train,16,R,R1678.jpg
1015,train,16,R,R2371.jpg
1016,train,16,R,R2365.jpg
1017,train,16,R,R2403.jpg
1018,train,16,R,R1122.jpg
1019,train,16,R,R1644.jpg
1020,train,16,R,R946.jpg
98,val,16,R,R1888.jpg
1021,train,16,R,R1650.jpg
99,val,16,R,R952.jpg
1022,train,16,R,R2359.jpg
1023,train,16,R,R1136.jpg
100,val,16,R,R173.jpg
1024,train,16,R,R615.jpg
1025,train,16,R,R1917.jpg
1026,train,16,R,R601.jpg
1027,train,16,R,R1903.jpg
1028,train,16,R,R29.jpg
101,val,16,R,R1095.jpg
102,val,16,R,R629.jpg
1029,train,16,R,R15.jpg
1030,train,16,R,R1081.jpg
1031,train,16,R,R1718.jpg
1032,train,16,R,R1056.jpg
1033,train,16,R,R2239.jpg
103,val,16,R,R1730.jpg
104,val,16,R,R832.jpg
1034,train,16,R,R1724.jpg
1035,train,16,R,R826.jpg
1036,train,16,R,R198.jpg
1037,train,16,R,R1042.jpg
1038,train,16,R,R417.jpg
1039,train,16,R,R371.jpg
1040,train,16,R,R365.jpg
1041,train,16,R,R403.jpg
1042,train,16,R,R1297.jpg
1043,train,16,R,R2946.jpg
1044,train,16,R,R2952.jpg
1045,train,16,R,R359.jpg
1046,train,16,R,R1283.jpg
1047,train,16,R,R2007.jpg
105,val,16,R,R1268.jpg
1048,train,16,R,R2775.jpg
1049,train,16,R,R2013.jpg
1050,train,16,R,R1532.jpg
1051,train,16,R,R2985.jpg
1052,train,16,R,R1254.jpg
1053,train,16,R,R1240.jpg
1054,train,16,R,R2991.jpg
1055,train,16,R,R1526.jpg
1056,train,16,R,R2990.jpg
1057,train,16,R,R1241.jpg
1058,train,16,R,R1527.jpg
1059,train,16,R,R1533.jpg
106,val,16,R,R1255.jpg
1060,train,16,R,R2984.jpg
1061,train,16,R,R2774.jpg
1062,train,16,R,R2012.jpg
1063,train,16,R,R2006.jpg
1064,train,16,R,R1269.jpg
1065,train,16,R,R1282.jpg
1066,train,16,R,R358.jpg
1067,train,16,R,R2953.jpg
1068,train,16,R,R2947.jpg
1069,train,16,R,R1296.jpg
1070,train,16,R,R364.jpg
1071,train,16,R,R402.jpg
1072,train,16,R,R416.jpg
1073,train,16,R,R370.jpg
1074,train,16,R,R827.jpg
1075,train,16,R,R1725.jpg
107,val,16,R,R1043.jpg
1076,train,16,R,R199.jpg
1077,train,16,R,R1057.jpg
1078,train,16,R,R833.jpg
1079,train,16,R,R1731.jpg
1080,train,16,R,R2238.jpg
1081,train,16,R,R1719.jpg
1082,train,16,R,R2562.jpg
1083,train,16,R,R14.jpg
1084,train,16,R,R1080.jpg
108,val,16,R,R1094.jpg
109,val,16,R,R628.jpg
1085,train,16,R,R28.jpg
1086,train,16,R,R1902.jpg
1087,train,16,R,R600.jpg
1088,train,16,R,R172.jpg
1089,train,16,R,R1916.jpg
1090,train,16,R,R614.jpg
1091,train,16,R,R2358.jpg
1092,train,16,R,R953.jpg
1093,train,16,R,R1651.jpg
1094,train,16,R,R1889.jpg
1095,train,16,R,R1137.jpg
1096,train,16,R,R1123.jpg
1097,train,16,R,R947.jpg
110,val,16,R,R1645.jpg
1098,train,16,R,R2364.jpg
1099,train,16,R,R2402.jpg
1100,train,16,R,R2416.jpg
1101,train,16,R,R2370.jpg
1102,train,16,R,R1679.jpg
1103,train,16,R,R748.jpg
1104,train,16,R,R990.jpg
1105,train,16,R,R1692.jpg
1106,train,16,R,R984.jpg
1107,train,16,R,R1686.jpg
1108,train,16,R,R1876.jpg
111,val,16,R,R774.jpg
1109,train,16,R,R1862.jpg
112,val,16,R,R760.jpg
1110,train,16,R,R1335.jpg
1111,train,16,R,R589.jpg
113,val,16,R,R1453.jpg
114,val,16,R,R1447.jpg
1112,train,16,R,R1321.jpg
1113,train,16,R,R1309.jpg
115,val,16,R,R2166.jpg
116,val,16,R,R2172.jpg
1114,train,16,R,R2614.jpg
1115,train,16,R,R2827.jpg
1116,train,16,R,R1490.jpg
1117,train,16,R,R1484.jpg
1118,train,16,R,R2833.jpg
1119,train,16,R,R238.jpg
1120,train,16,R,R210.jpg
1121,train,16,R,R576.jpg
1122,train,16,R,R562.jpg
1123,train,16,R,R204.jpg
1124,train,16,R,R2854.jpg
1125,train,16,R,R1385.jpg
1126,train,16,R,R1391.jpg
117,val,16,R,R2840.jpg
1127,train,16,R,R263.jpg
118,val,16,R,R2868.jpg
119,val,16,R,R277.jpg
1128,train,16,R,R2129.jpg
1129,train,16,R,R1420.jpg
1130,train,16,R,R2897.jpg
1131,train,16,R,R2883.jpg
1132,train,16,R,R288.jpg
1133,train,16,R,R1352.jpg
1134,train,16,R,R1434.jpg
1135,train,16,R,R2115.jpg
1136,train,16,R,R2101.jpg
120,val,16,R,R1408.jpg
1137,train,16,R,R1187.jpg
121,val,16,R,R1839.jpg
122,val,16,R,R1193.jpg
1138,train,16,R,R1805.jpg
1139,train,16,R,R707.jpg
123,val,16,R,R1811.jpg
1140,train,16,R,R713.jpg
1141,train,16,R,R1144.jpg
1142,train,16,R,R920.jpg
1143,train,16,R,R1622.jpg
124,val,16,R,R934.jpg
1144,train,16,R,R1636.jpg
125,val,16,R,R1150.jpg
1145,train,16,R,R2459.jpg
1146,train,16,R,R1178.jpg
1147,train,16,R,R2471.jpg
126,val,16,R,R2317.jpg
1148,train,16,R,R2.jpg
1149,train,16,R,R908.jpg
1150,train,16,R,R2303.jpg
1151,train,16,R,R2465.jpg
1152,train,16,R,R129.jpg
1153,train,16,R,R67.jpg
1154,train,16,R,R897.jpg
127,val,16,R,R1795.jpg
1155,train,16,R,R1959.jpg
1156,train,16,R,R883.jpg
1157,train,16,R,R1781.jpg
1158,train,16,R,R2288.jpg
1159,train,16,R,R73.jpg
1160,train,16,R,R115.jpg
1161,train,16,R,R1971.jpg
1162,train,16,R,R673.jpg
1163,train,16,R,R1965.jpg
128,val,16,R,R667.jpg
1164,train,16,R,R101.jpg
1165,train,16,R,R2539.jpg
1166,train,16,R,R1030.jpg
1167,train,16,R,R854.jpg
1168,train,16,R,R1756.jpg
1169,train,16,R,R840.jpg
1170,train,16,R,R1742.jpg
1171,train,16,R,R698.jpg
1172,train,16,R,R1024.jpg
1173,train,16,R,R98.jpg
1174,train,16,R,R2263.jpg
1175,train,16,R,R868.jpg
129,val,16,R,R2277.jpg
130,val,16,R,R1018.jpg
1176,train,16,R,R1597.jpg
1177,train,16,R,R2920.jpg
131,val,16,R,R2934.jpg
1178,train,16,R,R1583.jpg
1179,train,16,R,R471.jpg
1180,train,16,R,R317.jpg
1181,train,16,R,R2908.jpg
132,val,16,R,R303.jpg
1182,train,16,R,R1554.jpg
1183,train,16,R,R1232.jpg
1184,train,16,R,R1226.jpg
1185,train,16,R,R1540.jpg
1186,train,16,R,R2049.jpg
1187,train,16,R,R1568.jpg
1188,train,16,R,R2061.jpg
133,val,16,R,R2075.jpg
134,val,16,R,R2074.jpg
135,val,16,R,R2060.jpg
1189,train,16,R,R1569.jpg
1190,train,16,R,R1227.jpg
1191,train,16,R,R2048.jpg
1192,train,16,R,R1541.jpg
136,val,16,R,R1555.jpg
1193,train,16,R,R1233.jpg
1194,train,16,R,R302.jpg
1195,train,16,R,R2909.jpg
1196,train,16,R,R470.jpg
1197,train,16,R,R316.jpg
137,val,16,R,R2935.jpg
138,val,16,R,R1582.jpg
1198,train,16,R,R1596.jpg
1199,train,16,R,R2921.jpg
1200,train,16,R,R2276.jpg
1201,train,16,R,R1019.jpg
139,val,16,R,R869.jpg
1202,train,16,R,R2262.jpg
140,val,16,R,R99.jpg
1203,train,16,R,R699.jpg
1204,train,16,R,R1743.jpg
1205,train,16,R,R841.jpg
141,val,16,R,R1025.jpg
142,val,16,R,R1031.jpg
1206,train,16,R,R2538.jpg
1207,train,16,R,R1757.jpg
1208,train,16,R,R855.jpg
1209,train,16,R,R666.jpg
1210,train,16,R,R1964.jpg
143,val,16,R,R100.jpg
144,val,16,R,R114.jpg
1211,train,16,R,R672.jpg
145,val,16,R,R1970.jpg
1212,train,16,R,R72.jpg
1213,train,16,R,R2289.jpg
1214,train,16,R,R1780.jpg
1215,train,16,R,R882.jpg
1216,train,16,R,R1958.jpg
1217,train,16,R,R128.jpg
146,val,16,R,R1794.jpg
1218,train,16,R,R896.jpg
1219,train,16,R,R66.jpg
147,val,16,R,R2302.jpg
1220,train,16,R,R909.jpg
1221,train,16,R,R2464.jpg
1222,train,16,R,R2470.jpg
1223,train,16,R,R1179.jpg
1224,train,16,R,R3.jpg
148,val,16,R,R2316.jpg
1225,train,16,R,R1637.jpg
1226,train,16,R,R935.jpg
149,val,16,R,R2458.jpg
1227,train,16,R,R1151.jpg
1228,train,16,R,R1145.jpg
1229,train,16,R,R1623.jpg
1230,train,16,R,R921.jpg
1231,train,16,R,R712.jpg
150,val,16,R,R1810.jpg
1232,train,16,R,R706.jpg
151,val,16,R,R1804.jpg
152,val,16,R,R1192.jpg
153,val,16,R,R1186.jpg
1233,train,16,R,R1838.jpg
1234,train,16,R,R1409.jpg
1235,train,16,R,R2100.jpg
154,val,16,R,R2114.jpg
1236,train,16,R,R1353.jpg
1237,train,16,R,R289.jpg
1238,train,16,R,R2882.jpg
1239,train,16,R,R1435.jpg
1240,train,16,R,R1421.jpg
1241,train,16,R,R2128.jpg
1242,train,16,R,R2896.jpg
1243,train,16,R,R1347.jpg
155,val,16,R,R276.jpg
156,val,16,R,R2869.jpg
1244,train,16,R,R262.jpg
1245,train,16,R,R2841.jpg
1246,train,16,R,R1390.jpg
1247,train,16,R,R538.jpg
157,val,16,R,R1384.jpg
1248,train,16,R,R2855.jpg
1249,train,16,R,R1392.jpg
158,val,16,R,R248.jpg
1250,train,16,R,R2843.jpg
1251,train,16,R,R2857.jpg
159,val,16,R,R1386.jpg
1252,train,16,R,R274.jpg
1253,train,16,R,R260.jpg
1254,train,16,R,R1437.jpg
1255,train,16,R,R2880.jpg
160,val,16,R,R1345.jpg
1256,train,16,R,R2894.jpg
1257,train,16,R,R1423.jpg
1258,train,16,R,R2102.jpg
1259,train,16,R,R1379.jpg
1260,train,16,R,R2116.jpg
1261,train,16,R,R2499.jpg
1262,train,16,R,R1190.jpg
1263,train,16,R,R738.jpg
1264,train,16,R,R1184.jpg
1265,train,16,R,R710.jpg
161,val,16,R,R1812.jpg
1266,train,16,R,R704.jpg
162,val,16,R,R1806.jpg
1267,train,16,R,R1153.jpg
1268,train,16,R,R1635.jpg
1269,train,16,R,R937.jpg
1270,train,16,R,R1621.jpg
1271,train,16,R,R923.jpg
1272,train,16,R,R2328.jpg
1273,train,16,R,R1147.jpg
1274,train,16,R,R2466.jpg
1275,train,16,R,R1609.jpg
163,val,16,R,R2300.jpg
1276,train,16,R,R2314.jpg
1277,train,16,R,R1.jpg
1278,train,16,R,R2472.jpg
1279,train,16,R,R658.jpg
1280,train,16,R,R1782.jpg
1281,train,16,R,R880.jpg
1282,train,16,R,R70.jpg
1283,train,16,R,R64.jpg
1284,train,16,R,R1796.jpg
1285,train,16,R,R894.jpg
1286,train,16,R,R102.jpg
1287,train,16,R,R664.jpg
1288,train,16,R,R1966.jpg
164,val,16,R,R670.jpg
1289,train,16,R,R1972.jpg
1290,train,16,R,R58.jpg
165,val,16,R,R116.jpg
1291,train,16,R,R1027.jpg
1292,train,16,R,R2248.jpg
1293,train,16,R,R1741.jpg
1294,train,16,R,R843.jpg
1295,train,16,R,R1999.jpg
1296,train,16,R,R1755.jpg
1297,train,16,R,R857.jpg
166,val,16,R,R1033.jpg
1298,train,16,R,R2274.jpg
1299,train,16,R,R2260.jpg
1300,train,16,R,R1769.jpg
1301,train,16,R,R2089.jpg
1302,train,16,R,R1580.jpg
1303,train,16,R,R2937.jpg
1304,train,16,R,R2923.jpg
1305,train,16,R,R328.jpg
1306,train,16,R,R1594.jpg
1307,train,16,R,R466.jpg
167,val,16,R,R300.jpg
168,val,16,R,R314.jpg
1308,train,16,R,R472.jpg
169,val,16,R,R499.jpg
1309,train,16,R,R1543.jpg
170,val,16,R,R1225.jpg
1310,train,16,R,R1231.jpg
1311,train,16,R,R1557.jpg
171,val,16,R,R2076.jpg
1312,train,16,R,R1219.jpg
1313,train,16,R,R2062.jpg
1314,train,16,R,R2063.jpg
1315,train,16,R,R2077.jpg
172,val,16,R,R1218.jpg
1316,train,16,R,R1230.jpg
1317,train,16,R,R1556.jpg
1318,train,16,R,R1542.jpg
1319,train,16,R,R498.jpg
1320,train,16,R,R1224.jpg
1321,train,16,R,R315.jpg
173,val,16,R,R473.jpg
1322,train,16,R,R467.jpg
174,val,16,R,R301.jpg
1323,train,16,R,R329.jpg
1324,train,16,R,R2922.jpg
1325,train,16,R,R1595.jpg
1326,train,16,R,R1581.jpg
175,val,16,R,R2088.jpg
1327,train,16,R,R2936.jpg
1328,train,16,R,R1768.jpg
176,val,16,R,R2261.jpg
177,val,16,R,R2275.jpg
1329,train,16,R,R856.jpg
1330,train,16,R,R1754.jpg
1331,train,16,R,R1032.jpg
1332,train,16,R,R1026.jpg
1333,train,16,R,R1998.jpg
178,val,16,R,R842.jpg
1334,train,16,R,R1740.jpg
1335,train,16,R,R2249.jpg
179,val,16,R,R59.jpg
1336,train,16,R,R1973.jpg
1337,train,16,R,R671.jpg
1338,train,16,R,R117.jpg
180,val,16,R,R103.jpg
1339,train,16,R,R1967.jpg
181,val,16,R,R665.jpg
1340,train,16,R,R895.jpg
182,val,16,R,R1797.jpg
1341,train,16,R,R65.jpg
1342,train,16,R,R71.jpg
183,val,16,R,R881.jpg
1343,train,16,R,R1783.jpg
184,val,16,R,R659.jpg
1344,train,16,R,R2315.jpg
1345,train,16,R,R2473.jpg
1346,train,16,R,R2467.jpg
1347,train,16,R,R2301.jpg
1348,train,16,R,R1608.jpg
185,val,16,R,R2329.jpg
1349,train,16,R,R922.jpg
1350,train,16,R,R1620.jpg
1351,train,16,R,R1146.jpg
1352,train,16,R,R1152.jpg
1353,train,16,R,R936.jpg
1354,train,16,R,R1634.jpg
1355,train,16,R,R1807.jpg
1356,train,16,R,R705.jpg
186,val,16,R,R1813.jpg
1357,train,16,R,R711.jpg
1358,train,16,R,R739.jpg
1359,train,16,R,R1185.jpg
1360,train,16,R,R1191.jpg
1361,train,16,R,R2498.jpg
1362,train,16,R,R1378.jpg
1363,train,16,R,R2117.jpg
1364,train,16,R,R2103.jpg
1365,train,16,R,R2895.jpg
1366,train,16,R,R1344.jpg
1367,train,16,R,R1422.jpg
1368,train,16,R,R1436.jpg
1369,train,16,R,R1350.jpg
1370,train,16,R,R2881.jpg
1371,train,16,R,R261.jpg
1372,train,16,R,R275.jpg
1373,train,16,R,R1387.jpg
187,val,16,R,R2856.jpg
1374,train,16,R,R2842.jpg
1375,train,16,R,R249.jpg
1376,train,16,R,R1393.jpg
1377,train,16,R,R271.jpg
1378,train,16,R,R517.jpg
1379,train,16,R,R265.jpg
1380,train,16,R,R1397.jpg
1381,train,16,R,R2846.jpg
1382,train,16,R,R2852.jpg
1383,train,16,R,R1383.jpg
1384,train,16,R,R259.jpg
188,val,16,R,R1368.jpg
1385,train,16,R,R2107.jpg
189,val,16,R,R2113.jpg
190,val,16,R,R2885.jpg
1386,train,16,R,R1354.jpg
1387,train,16,R,R1432.jpg
191,val,16,R,R1426.jpg
1388,train,16,R,R1340.jpg
1389,train,16,R,R2891.jpg
1390,train,16,R,R715.jpg
1391,train,16,R,R1817.jpg
1392,train,16,R,R701.jpg
1393,train,16,R,R1803.jpg
1394,train,16,R,R729.jpg
192,val,16,R,R1195.jpg
1395,train,16,R,R1181.jpg
1396,train,16,R,R2488.jpg
1397,train,16,R,R2305.jpg
1398,train,19,U,U553.jpg
1399,train,19,U,U1601.jpg
1400,train,19,U,U2308.jpg
1401,train,19,U,U1167.jpg
1402,train,19,U,U235.jpg
1403,train,19,U,U221.jpg
1404,train,19,U,U1173.jpg
1405,train,19,U,U1615.jpg
1406,train,19,U,U547.jpg
1407,train,19,U,U2334.jpg
1408,train,19,U,U209.jpg
1409,train,19,U,U2452.jpg
1410,train,19,U,U2446.jpg
1411,train,19,U,U1629.jpg
1412,train,19,U,U2320.jpg
1413,train,19,U,U590.jpg
1414,train,19,U,U584.jpg
1415,train,19,U,U1826.jpg
1416,train,19,U,U2491.jpg
1417,train,19,U,U1198.jpg
1418,train,19,U,U2485.jpg
1419,train,19,U,U1832.jpg
193,val,19,U,U1365.jpg
1420,train,19,U,U1403.jpg
1421,train,19,U,U751.jpg
1422,train,19,U,U989.jpg
1423,train,19,U,U745.jpg
1424,train,19,U,U1417.jpg
194,val,19,U,U1371.jpg
1425,train,19,U,U2888.jpg
195,val,19,U,U1359.jpg
1426,train,19,U,U2136.jpg
1427,train,19,U,U2122.jpg
1428,train,19,U,U779.jpg
1429,train,19,U,U2877.jpg
1430,train,19,U,U792.jpg
1431,train,19,U,U786.jpg
1432,train,19,U,U976.jpg
1433,train,19,U,U962.jpg
196,val,19,U,U1211.jpg
1434,train,19,U,U143.jpg
1435,train,19,U,U625.jpg
1436,train,19,U,U1577.jpg
1437,train,19,U,U1563.jpg
1438,train,19,U,U631.jpg
1439,train,19,U,U157.jpg
1440,train,19,U,U1205.jpg
197,val,19,U,U2724.jpg
1441,train,19,U,U619.jpg
1442,train,19,U,U2042.jpg
1443,train,19,U,U2056.jpg
1444,train,19,U,U1239.jpg
1445,train,19,U,U2903.jpg
1446,train,19,U,U180.jpg
1447,train,19,U,U194.jpg
1448,train,19,U,U2917.jpg
1449,train,19,U,U2081.jpg
1450,train,19,U,U1588.jpg
1451,train,19,U,U802.jpg
198,val,19,U,U2095.jpg
1452,train,19,U,U1775.jpg
199,val,19,U,U427.jpg
1453,train,19,U,U341.jpg
1454,train,19,U,U1013.jpg
200,val,19,U,U1007.jpg
1455,train,19,U,U355.jpg
201,val,19,U,U2268.jpg
1456,train,19,U,U433.jpg
1457,train,19,U,U1761.jpg
1458,train,19,U,U2240.jpg
202,val,19,U,U1749.jpg
1459,train,19,U,U1991.jpg
1460,train,19,U,U2526.jpg
1461,train,19,U,U2532.jpg
1462,train,19,U,U369.jpg
1463,train,19,U,U1985.jpg
203,val,19,U,U2254.jpg
1464,train,19,U,U382.jpg
204,val,19,U,U396.jpg
205,val,19,U,U1952.jpg
1465,train,19,U,U2283.jpg
1466,train,19,U,U2297.jpg
1467,train,19,U,U1946.jpg
1468,train,19,U,U1947.jpg
206,val,19,U,U2296.jpg
207,val,19,U,U2282.jpg
208,val,19,U,U1953.jpg
1469,train,19,U,U397.jpg
1470,train,19,U,U383.jpg
1471,train,19,U,U368.jpg
1472,train,19,U,U2533.jpg
1473,train,19,U,U2255.jpg
1474,train,19,U,U1984.jpg
1475,train,19,U,U1990.jpg
209,val,19,U,U1748.jpg
1476,train,19,U,U2241.jpg
1477,train,19,U,U2527.jpg
1478,train,19,U,U354.jpg
1479,train,19,U,U1006.jpg
1480,train,19,U,U1760.jpg
1481,train,19,U,U432.jpg
1482,train,19,U,U2269.jpg
1483,train,19,U,U426.jpg
210,val,19,U,U1774.jpg
1484,train,19,U,U1012.jpg
211,val,19,U,U340.jpg
1485,train,19,U,U2094.jpg
1486,train,19,U,U803.jpg
1487,train,19,U,U1589.jpg
1488,train,19,U,U2080.jpg
1489,train,19,U,U2916.jpg
1490,train,19,U,U195.jpg
1491,train,19,U,U181.jpg
1492,train,19,U,U2902.jpg
1493,train,19,U,U2057.jpg
1494,train,19,U,U1238.jpg
1495,train,19,U,U2043.jpg
1496,train,19,U,U618.jpg
212,val,19,U,U630.jpg
1497,train,19,U,U1562.jpg
213,val,19,U,U1204.jpg
1498,train,19,U,U156.jpg
214,val,19,U,U142.jpg
1499,train,19,U,U1210.jpg
1500,train,19,U,U1576.jpg
1501,train,19,U,U624.jpg
1502,train,19,U,U963.jpg
215,val,19,U,U977.jpg
1503,train,19,U,U787.jpg
216,val,19,U,U2876.jpg
1504,train,19,U,U793.jpg
1505,train,19,U,U778.jpg
217,val,19,U,U2123.jpg
1506,train,19,U,U1358.jpg
1507,train,19,U,U2889.jpg
1508,train,19,U,U2137.jpg
1509,train,19,U,U1416.jpg
1510,train,19,U,U744.jpg
1511,train,19,U,U1370.jpg
218,val,19,U,U1364.jpg
1512,train,19,U,U988.jpg
1513,train,19,U,U750.jpg
1514,train,19,U,U1402.jpg
1515,train,19,U,U2484.jpg
1516,train,19,U,U1833.jpg
1517,train,19,U,U1827.jpg
1518,train,19,U,U1199.jpg
1519,train,19,U,U2490.jpg
219,val,19,U,U585.jpg
220,val,19,U,U591.jpg
1520,train,19,U,U2447.jpg
1521,train,19,U,U2321.jpg
1522,train,19,U,U1628.jpg
1523,train,19,U,U2335.jpg
221,val,19,U,U2453.jpg
1524,train,19,U,U208.jpg
1525,train,19,U,U1172.jpg
1526,train,19,U,U220.jpg
1527,train,19,U,U546.jpg
1528,train,19,U,U1614.jpg
1529,train,19,U,U2309.jpg
1530,train,19,U,U1600.jpg
222,val,19,U,U552.jpg
1531,train,19,U,U234.jpg
1532,train,19,U,U1166.jpg
1533,train,19,U,U1616.jpg
1534,train,19,U,U544.jpg
1535,train,19,U,U222.jpg
223,val,19,U,U1170.jpg
224,val,19,U,U2479.jpg
1536,train,19,U,U1164.jpg
1537,train,19,U,U236.jpg
225,val,19,U,U550.jpg
1538,train,19,U,U1602.jpg
1539,train,19,U,U578.jpg
1540,train,19,U,U2323.jpg
226,val,19,U,U2445.jpg
1541,train,19,U,U1158.jpg
227,val,19,U,U2451.jpg
1542,train,19,U,U2337.jpg
1543,train,19,U,U587.jpg
1544,train,19,U,U593.jpg
1545,train,19,U,U1819.jpg
1546,train,19,U,U1831.jpg
1547,train,19,U,U2486.jpg
1548,train,19,U,U2492.jpg
1549,train,19,U,U1825.jpg
228,val,19,U,U1372.jpg
1550,train,19,U,U746.jpg
1551,train,19,U,U1414.jpg
1552,train,19,U,U2109.jpg
1553,train,19,U,U1400.jpg
229,val,19,U,U752.jpg
1554,train,19,U,U1366.jpg
1555,train,19,U,U2121.jpg
1556,train,19,U,U1428.jpg
1557,train,19,U,U2135.jpg
1558,train,19,U,U785.jpg
1559,train,19,U,U949.jpg
1560,train,19,U,U791.jpg
1561,train,19,U,U2874.jpg
1562,train,19,U,U961.jpg
1563,train,19,U,U975.jpg
1564,train,19,U,U1399.jpg
230,val,19,U,U154.jpg
1565,train,19,U,U1206.jpg
1566,train,19,U,U1560.jpg
1567,train,19,U,U632.jpg
1568,train,19,U,U2069.jpg
231,val,19,U,U626.jpg
1569,train,19,U,U1574.jpg
1570,train,19,U,U1212.jpg
1571,train,19,U,U140.jpg
232,val,19,U,U168.jpg
1572,train,19,U,U2733.jpg
1573,train,19,U,U2055.jpg
1574,train,19,U,U1548.jpg
233,val,19,U,U2041.jpg
234,val,19,U,U197.jpg
1575,train,19,U,U2914.jpg
1576,train,19,U,U2900.jpg
235,val,19,U,U183.jpg
1577,train,19,U,U2928.jpg
236,val,19,U,U815.jpg
1578,train,19,U,U2096.jpg
1579,train,19,U,U2082.jpg
1580,train,19,U,U801.jpg
1581,train,19,U,U430.jpg
1582,train,19,U,U1762.jpg
1583,train,19,U,U1004.jpg
1584,train,19,U,U356.jpg
1585,train,19,U,U342.jpg
1586,train,19,U,U1010.jpg
1587,train,19,U,U1776.jpg
1588,train,19,U,U424.jpg
237,val,19,U,U1986.jpg
1589,train,19,U,U2257.jpg
1590,train,19,U,U2531.jpg
1591,train,19,U,U1038.jpg
1592,train,19,U,U2525.jpg
1593,train,19,U,U2243.jpg
1594,train,19,U,U418.jpg
1595,train,19,U,U1992.jpg
238,val,19,U,U1979.jpg
1596,train,19,U,U395.jpg
1597,train,19,U,U381.jpg
1598,train,19,U,U2294.jpg
1599,train,19,U,U1945.jpg
1600,train,19,U,U1951.jpg
1601,train,19,U,U1789.jpg
239,val,19,U,U2280.jpg
1602,train,19,U,U2281.jpg
1603,train,19,U,U1788.jpg
1604,train,19,U,U1950.jpg
1605,train,19,U,U1944.jpg
1606,train,19,U,U2295.jpg
1607,train,19,U,U380.jpg
1608,train,19,U,U1978.jpg
1609,train,19,U,U394.jpg
1610,train,19,U,U2524.jpg
240,val,19,U,U1993.jpg
241,val,19,U,U419.jpg
1611,train,19,U,U2242.jpg
242,val,19,U,U2256.jpg
1612,train,19,U,U1987.jpg
1613,train,19,U,U1039.jpg
1614,train,19,U,U2530.jpg
1615,train,19,U,U1011.jpg
1616,train,19,U,U343.jpg
1617,train,19,U,U425.jpg
1618,train,19,U,U1777.jpg
1619,train,19,U,U1763.jpg
1620,train,19,U,U431.jpg
243,val,19,U,U357.jpg
1621,train,19,U,U1005.jpg
1622,train,19,U,U800.jpg
244,val,19,U,U2083.jpg
245,val,19,U,U2929.jpg
1623,train,19,U,U2097.jpg
246,val,19,U,U182.jpg
1624,train,19,U,U2901.jpg
1625,train,19,U,U2915.jpg
1626,train,19,U,U196.jpg
1627,train,19,U,U2040.jpg
1628,train,19,U,U1549.jpg
1629,train,19,U,U169.jpg
1630,train,19,U,U2054.jpg
1631,train,19,U,U1575.jpg
1632,train,19,U,U627.jpg
1633,train,19,U,U141.jpg
1634,train,19,U,U1213.jpg
1635,train,19,U,U1207.jpg
1636,train,19,U,U155.jpg
1637,train,19,U,U2068.jpg
1638,train,19,U,U633.jpg
1639,train,19,U,U1561.jpg
1640,train,19,U,U974.jpg
1641,train,19,U,U1398.jpg
1642,train,19,U,U960.jpg
1643,train,19,U,U790.jpg
1644,train,19,U,U948.jpg
247,val,19,U,U2875.jpg
1645,train,19,U,U784.jpg
1646,train,19,U,U2134.jpg
1647,train,19,U,U1429.jpg
248,val,19,U,U2120.jpg
1648,train,19,U,U753.jpg
1649,train,19,U,U1401.jpg
1650,train,19,U,U2108.jpg
249,val,19,U,U1367.jpg
250,val,19,U,U1373.jpg
1651,train,19,U,U1415.jpg
1652,train,19,U,U747.jpg
1653,train,19,U,U2493.jpg
1654,train,19,U,U1824.jpg
1655,train,19,U,U1830.jpg
1656,train,19,U,U2487.jpg
1657,train,19,U,U1818.jpg
1658,train,19,U,U592.jpg
1659,train,19,U,U586.jpg
1660,train,19,U,U2450.jpg
251,val,19,U,U1159.jpg
1661,train,19,U,U2336.jpg
1662,train,19,U,U2322.jpg
1663,train,19,U,U579.jpg
1664,train,19,U,U2444.jpg
1665,train,19,U,U237.jpg
1666,train,19,U,U1165.jpg
1667,train,19,U,U1603.jpg
1668,train,19,U,U551.jpg
252,val,19,U,U545.jpg
1669,train,19,U,U1617.jpg
253,val,19,U,U3000.jpg
1670,train,19,U,U2478.jpg
1671,train,19,U,U1171.jpg
1672,train,19,U,U223.jpg
1673,train,19,U,U2440.jpg
1674,train,19,U,U1149.jpg
254,val,19,U,U2326.jpg
255,val,19,U,U2332.jpg
256,val,19,U,U569.jpg
1675,train,19,U,U2454.jpg
1676,train,19,U,U227.jpg
257,val,19,U,U1175.jpg
1677,train,19,U,U1613.jpg
1678,train,19,U,U541.jpg
1679,train,19,U,U555.jpg
1680,train,19,U,U1607.jpg
1681,train,19,U,U2468.jpg
1682,train,19,U,U1161.jpg
258,val,19,U,U233.jpg
259,val,19,U,U2483.jpg
1683,train,19,U,U1834.jpg
1684,train,19,U,U1820.jpg
260,val,19,U,U2497.jpg
1685,train,19,U,U582.jpg
1686,train,19,U,U1808.jpg
1687,train,19,U,U596.jpg
1688,train,19,U,U2124.jpg
1689,train,19,U,U1439.jpg
1690,train,19,U,U2130.jpg
261,val,19,U,U743.jpg
1691,train,19,U,U1411.jpg
1692,train,19,U,U2118.jpg
1693,train,19,U,U1377.jpg
1694,train,19,U,U1363.jpg
1695,train,19,U,U1405.jpg
1696,train,19,U,U757.jpg
262,val,19,U,U964.jpg
1697,train,19,U,U1388.jpg
1698,train,19,U,U970.jpg
1699,train,19,U,U958.jpg
1700,train,19,U,U780.jpg
1701,train,19,U,U2865.jpg
1702,train,19,U,U2871.jpg
1703,train,19,U,U794.jpg
1704,train,19,U,U2050.jpg
1705,train,19,U,U1559.jpg
1706,train,19,U,U2722.jpg
1707,train,19,U,U179.jpg
1708,train,19,U,U2044.jpg
1709,train,19,U,U1565.jpg
1710,train,19,U,U637.jpg
1711,train,19,U,U151.jpg
1712,train,19,U,U1203.jpg
1713,train,19,U,U1217.jpg
1714,train,19,U,U145.jpg
1715,train,19,U,U2078.jpg
1716,train,19,U,U623.jpg
1717,train,19,U,U1571.jpg
1718,train,19,U,U2093.jpg
1719,train,19,U,U2939.jpg
1720,train,19,U,U2087.jpg
1721,train,19,U,U804.jpg
263,val,19,U,U192.jpg
1722,train,19,U,U2911.jpg
1723,train,19,U,U2905.jpg
1724,train,19,U,U186.jpg
1725,train,19,U,U838.jpg
1726,train,19,U,U2534.jpg
264,val,19,U,U409.jpg
1727,train,19,U,U1983.jpg
1728,train,19,U,U2252.jpg
1729,train,19,U,U2246.jpg
265,val,19,U,U1997.jpg
1730,train,19,U,U1029.jpg
266,val,19,U,U2520.jpg
1731,train,19,U,U1001.jpg
1732,train,19,U,U353.jpg
1733,train,19,U,U435.jpg
267,val,19,U,U1767.jpg
1734,train,19,U,U1773.jpg
1735,train,19,U,U421.jpg
268,val,19,U,U347.jpg
1736,train,19,U,U1015.jpg
1737,train,19,U,U2291.jpg
1738,train,19,U,U1940.jpg
1739,train,19,U,U1798.jpg
1740,train,19,U,U1954.jpg
1741,train,19,U,U2285.jpg
1742,train,19,U,U390.jpg
1743,train,19,U,U1968.jpg
1744,train,19,U,U384.jpg
1745,train,19,U,U1969.jpg
269,val,19,U,U385.jpg
1746,train,19,U,U391.jpg
1747,train,19,U,U2284.jpg
1748,train,19,U,U1955.jpg
1749,train,19,U,U1799.jpg
1750,train,19,U,U1941.jpg
1751,train,19,U,U2290.jpg
1752,train,19,U,U420.jpg
1753,train,19,U,U1772.jpg
1754,train,19,U,U1014.jpg
270,val,19,U,U346.jpg
1755,train,19,U,U352.jpg
271,val,19,U,U1000.jpg
1756,train,19,U,U1766.jpg
1757,train,19,U,U434.jpg
272,val,19,U,U1996.jpg
1758,train,19,U,U2247.jpg
273,val,19,U,U2521.jpg
274,val,19,U,U1028.jpg
1759,train,19,U,U2535.jpg
275,val,19,U,U2253.jpg
1760,train,19,U,U1982.jpg
276,val,19,U,U408.jpg
1761,train,19,U,U187.jpg
277,val,19,U,U2904.jpg
278,val,19,U,U839.jpg
1762,train,19,U,U2910.jpg
1763,train,19,U,U193.jpg
279,val,19,U,U2938.jpg
280,val,19,U,U805.jpg
1764,train,19,U,U2086.jpg
1765,train,19,U,U2092.jpg
1766,train,19,U,U811.jpg
1767,train,19,U,U144.jpg
1768,train,19,U,U1216.jpg
1769,train,19,U,U1570.jpg
281,val,19,U,U622.jpg
1770,train,19,U,U65.jpg
282,val,19,U,U2079.jpg
1771,train,19,U,U636.jpg
1772,train,19,U,U1564.jpg
1773,train,19,U,U1202.jpg
283,val,19,U,U150.jpg
1774,train,19,U,U178.jpg
284,val,19,U,U2045.jpg
1775,train,19,U,U1558.jpg
285,val,19,U,U2051.jpg
1776,train,19,U,U2870.jpg
1777,train,19,U,U795.jpg
1778,train,19,U,U781.jpg
1779,train,19,U,U959.jpg
1780,train,19,U,U2864.jpg
1781,train,19,U,U971.jpg
1782,train,19,U,U965.jpg
1783,train,19,U,U1389.jpg
1784,train,19,U,U1362.jpg
1785,train,19,U,U756.jpg
1786,train,19,U,U1404.jpg
1787,train,19,U,U2119.jpg
1788,train,19,U,U1410.jpg
1789,train,19,U,U742.jpg
286,val,19,U,U1376.jpg
287,val,19,U,U2131.jpg
1790,train,19,U,U1438.jpg
1791,train,19,U,U2125.jpg
1792,train,19,U,U597.jpg
1793,train,19,U,U1809.jpg
1794,train,19,U,U583.jpg
1795,train,19,U,U1821.jpg
1796,train,19,U,U2496.jpg
1797,train,19,U,U2482.jpg
1798,train,19,U,U1835.jpg
1799,train,19,U,U1606.jpg
288,val,19,U,U554.jpg
1800,train,19,U,U232.jpg
1801,train,19,U,U1160.jpg
1802,train,19,U,U2469.jpg
1803,train,19,U,U1174.jpg
1804,train,19,U,U226.jpg
1805,train,19,U,U540.jpg
289,val,19,U,U1612.jpg
1806,train,19,U,U568.jpg
1807,train,19,U,U2333.jpg
1808,train,19,U,U2455.jpg
290,val,19,U,U1148.jpg
1809,train,19,U,U2441.jpg
1810,train,19,U,U2327.jpg
1811,train,19,U,U2457.jpg
1812,train,19,U,U2331.jpg
1813,train,19,U,U1638.jpg
1814,train,19,U,U2325.jpg
1815,train,19,U,U2443.jpg
1816,train,19,U,U218.jpg
1817,train,19,U,U1162.jpg
1818,train,19,U,U230.jpg
1819,train,19,U,U556.jpg
1820,train,19,U,U1604.jpg
1821,train,19,U,U2319.jpg
291,val,19,U,U1610.jpg
1822,train,19,U,U542.jpg
1823,train,19,U,U224.jpg
1824,train,19,U,U1176.jpg
1825,train,19,U,U2494.jpg
1826,train,19,U,U1823.jpg
1827,train,19,U,U1837.jpg
1828,train,19,U,U1189.jpg
1829,train,19,U,U2480.jpg
1830,train,19,U,U595.jpg
1831,train,19,U,U581.jpg
1832,train,19,U,U768.jpg
1833,train,19,U,U2133.jpg
292,val,19,U,U1348.jpg
1834,train,19,U,U2899.jpg
1835,train,19,U,U2127.jpg
1836,train,19,U,U1406.jpg
293,val,19,U,U754.jpg
1837,train,19,U,U1360.jpg
294,val,19,U,U1374.jpg
1838,train,19,U,U740.jpg
1839,train,19,U,U1412.jpg
1840,train,19,U,U998.jpg
1841,train,19,U,U973.jpg
1842,train,19,U,U967.jpg
295,val,19,U,U797.jpg
1843,train,19,U,U2872.jpg
1844,train,19,U,U2866.jpg
1845,train,19,U,U783.jpg
1846,train,19,U,U2047.jpg
1847,train,19,U,U1228.jpg
296,val,19,U,U2053.jpg
1848,train,19,U,U608.jpg
1849,train,19,U,U620.jpg
1850,train,19,U,U1572.jpg
1851,train,19,U,U1214.jpg
297,val,19,U,U146.jpg
298,val,19,U,U152.jpg
299,val,19,U,U1200.jpg
1852,train,19,U,U1566.jpg
1853,train,19,U,U634.jpg
1854,train,19,U,U2084.jpg
1855,train,19,U,U807.jpg
1856,train,19,U,U1599.jpg
1857,train,19,U,U813.jpg
1858,train,19,U,U2090.jpg
1859,train,19,U,U2906.jpg
300,val,19,U,U185.jpg
1860,train,19,U,U191.jpg
1861,train,19,U,U2912.jpg
1862,train,19,U,U378.jpg
1863,train,19,U,U2523.jpg
1864,train,19,U,U2245.jpg
1865,train,19,U,U1994.jpg
1866,train,19,U,U1758.jpg
1867,train,19,U,U1980.jpg
1868,train,19,U,U2251.jpg
1869,train,19,U,U2537.jpg
1870,train,19,U,U344.jpg
1871,train,19,U,U1016.jpg
1872,train,19,U,U1770.jpg
1873,train,19,U,U422.jpg
1874,train,19,U,U2279.jpg
1875,train,19,U,U436.jpg
1876,train,19,U,U1764.jpg
1877,train,19,U,U1002.jpg
1878,train,19,U,U350.jpg
301,val,19,U,U1957.jpg
302,val,19,U,U2286.jpg
1879,train,19,U,U2292.jpg
1880,train,19,U,U1943.jpg
1881,train,19,U,U387.jpg
303,val,19,U,U393.jpg
304,val,19,U,U392.jpg
305,val,19,U,U386.jpg
1882,train,19,U,U1942.jpg
306,val,19,U,U2293.jpg
1883,train,19,U,U2287.jpg
1884,train,19,U,U1956.jpg
1885,train,19,U,U1765.jpg
307,val,19,U,U437.jpg
1886,train,19,U,U351.jpg
308,val,19,U,U1003.jpg
1887,train,19,U,U1017.jpg
1888,train,19,U,U345.jpg
1889,train,19,U,U2278.jpg
1890,train,19,U,U423.jpg
1891,train,19,U,U1771.jpg
1892,train,19,U,U2250.jpg
1893,train,19,U,U1981.jpg
309,val,19,U,U1759.jpg
1894,train,19,U,U2536.jpg
1895,train,19,U,U2522.jpg
1896,train,19,U,U379.jpg
1897,train,19,U,U1995.jpg
310,val,19,U,U2244.jpg
311,val,19,U,U2913.jpg
1898,train,19,U,U190.jpg
1899,train,19,U,U184.jpg
1900,train,19,U,U2907.jpg
1901,train,19,U,U2091.jpg
1902,train,19,U,U812.jpg
312,val,19,U,U1598.jpg
1903,train,19,U,U806.jpg
1904,train,19,U,U2085.jpg
1905,train,19,U,U1201.jpg
1906,train,19,U,U153.jpg
1907,train,19,U,U635.jpg
1908,train,19,U,U1567.jpg
1909,train,19,U,U1573.jpg
1910,train,19,U,U621.jpg
1911,train,19,U,U66.jpg
1912,train,19,U,U147.jpg
1913,train,19,U,U1215.jpg
1914,train,19,U,U2734.jpg
1915,train,19,U,U609.jpg
1916,train,19,U,U2052.jpg
313,val,19,U,U2046.jpg
1917,train,19,U,U1229.jpg
1918,train,19,U,U2867.jpg
1919,train,19,U,U782.jpg
1920,train,19,U,U796.jpg
1921,train,19,U,U2873.jpg
1922,train,19,U,U966.jpg
1923,train,19,U,U972.jpg
1924,train,19,U,U1375.jpg
1925,train,19,U,U999.jpg
1926,train,19,U,U1413.jpg
1927,train,19,U,U741.jpg
1928,train,19,U,U755.jpg
1929,train,19,U,U1407.jpg
1930,train,19,U,U1361.jpg
314,val,19,U,U2898.jpg
315,val,19,U,U1349.jpg
316,val,19,U,U2126.jpg
317,val,19,U,U2132.jpg
318,val,19,U,U769.jpg
1931,train,19,U,U580.jpg
1932,train,19,U,U594.jpg
1933,train,19,U,U1836.jpg
1934,train,19,U,U2481.jpg
1935,train,19,U,U1188.jpg
1936,train,19,U,U2495.jpg
319,val,19,U,U1822.jpg
1937,train,19,U,U543.jpg
1938,train,19,U,U1611.jpg
1939,train,19,U,U2318.jpg
1940,train,19,U,U1177.jpg
320,val,19,U,U225.jpg
1941,train,19,U,U231.jpg
1942,train,19,U,U1163.jpg
1943,train,19,U,U1605.jpg
1944,train,19,U,U557.jpg
1945,train,19,U,U2324.jpg
321,val,19,U,U219.jpg
322,val,19,U,U2442.jpg
1946,train,19,U,U2456.jpg
323,val,19,U,U1639.jpg
1947,train,19,U,U2330.jpg
324,val,19,U,U256.jpg
1948,train,19,U,U1104.jpg
1949,train,19,U,U1662.jpg
1950,train,19,U,U530.jpg
1951,train,19,U,U524.jpg
1952,train,19,U,U1676.jpg
1953,train,19,U,U2419.jpg
1954,train,19,U,U1110.jpg
1955,train,19,U,U242.jpg
1956,train,19,U,U2431.jpg
1957,train,19,U,U1138.jpg
325,val,19,U,U1886.jpg
1958,train,19,U,U2357.jpg
1959,train,19,U,U2343.jpg
1960,train,19,U,U1892.jpg
326,val,19,U,U518.jpg
1961,train,19,U,U2425.jpg
327,val,19,U,U295.jpg
1962,train,19,U,U1879.jpg
1963,train,19,U,U281.jpg
1964,train,19,U,U2394.jpg
328,val,19,U,U1845.jpg
329,val,19,U,U1689.jpg
1965,train,19,U,U1851.jpg
1966,train,19,U,U2380.jpg
1967,train,19,U,U732.jpg
1968,train,19,U,U1460.jpg
330,val,19,U,U2169.jpg
1969,train,19,U,U1306.jpg
1970,train,19,U,U1312.jpg
1971,train,19,U,U1474.jpg
1972,train,19,U,U726.jpg
1973,train,19,U,U2155.jpg
1974,train,19,U,U1448.jpg
1975,train,19,U,U2141.jpg
1976,train,19,U,U929.jpg
1977,train,19,U,U915.jpg
1978,train,19,U,U2196.jpg
1979,train,19,U,U2182.jpg
1980,train,19,U,U901.jpg
1981,train,19,U,U1514.jpg
1982,train,19,U,U646.jpg
1983,train,19,U,U1272.jpg
1984,train,19,U,U1266.jpg
1985,train,19,U,U134.jpg
1986,train,19,U,U2009.jpg
1987,train,19,U,U652.jpg
1988,train,19,U,U1500.jpg
1989,train,19,U,U2021.jpg
1990,train,19,U,U1528.jpg
1991,train,19,U,U2035.jpg
1992,train,19,U,U685.jpg
1993,train,19,U,U2960.jpg
1994,train,19,U,U2974.jpg
1995,train,19,U,U691.jpg
1996,train,19,U,U849.jpg
1997,train,19,U,U861.jpg
1998,train,19,U,U1299.jpg
331,val,19,U,U2948.jpg
1999,train,19,U,U875.jpg
2000,train,19,U,U322.jpg
332,val,19,U,U2579.jpg
2001,train,19,U,U444.jpg
2002,train,19,U,U1716.jpg
2003,train,19,U,U1702.jpg
2004,train,19,U,U450.jpg
333,val,19,U,U336.jpg
2005,train,19,U,U1064.jpg
334,val,19,U,U2545.jpg
2006,train,19,U,U478.jpg
335,val,19,U,U2237.jpg
336,val,19,U,U1058.jpg
2007,train,19,U,U2551.jpg
2008,train,19,U,U487.jpg
337,val,19,U,U1919.jpg
2009,train,19,U,U493.jpg
2010,train,19,U,U2586.jpg
338,val,19,U,U1931.jpg
2011,train,19,U,U1925.jpg
2012,train,19,U,U1924.jpg
339,val,19,U,U1930.jpg
2013,train,19,U,U492.jpg
2014,train,19,U,U1918.jpg
2015,train,19,U,U486.jpg
2016,train,19,U,U2550.jpg
340,val,19,U,U1059.jpg
2017,train,19,U,U2544.jpg
2018,train,19,U,U479.jpg
2019,train,19,U,U451.jpg
2020,train,19,U,U1703.jpg
2021,train,19,U,U1065.jpg
2022,train,19,U,U337.jpg
341,val,19,U,U2578.jpg
2023,train,19,U,U323.jpg
342,val,19,U,U1071.jpg
2024,train,19,U,U1717.jpg
2025,train,19,U,U445.jpg
2026,train,19,U,U2949.jpg
343,val,19,U,U1298.jpg
2027,train,19,U,U874.jpg
344,val,19,U,U860.jpg
345,val,19,U,U2975.jpg
2028,train,19,U,U848.jpg
2029,train,19,U,U690.jpg
2030,train,19,U,U684.jpg
2031,train,19,U,U2961.jpg
2032,train,19,U,U109.jpg
2033,train,19,U,U2034.jpg
346,val,19,U,U28.jpg
347,val,19,U,U1529.jpg
2034,train,19,U,U2020.jpg
2035,train,19,U,U135.jpg
2036,train,19,U,U1267.jpg
2037,train,19,U,U1501.jpg
2038,train,19,U,U653.jpg
2039,train,19,U,U2008.jpg
2040,train,19,U,U647.jpg
2041,train,19,U,U1515.jpg
2042,train,19,U,U1273.jpg
2043,train,19,U,U900.jpg
348,val,19,U,U2183.jpg
2044,train,19,U,U2197.jpg
2045,train,19,U,U914.jpg
2046,train,19,U,U928.jpg
2047,train,19,U,U2140.jpg
349,val,19,U,U1449.jpg
2048,train,19,U,U2154.jpg
2049,train,19,U,U1313.jpg
350,val,19,U,U727.jpg
351,val,19,U,U1475.jpg
2050,train,19,U,U2168.jpg
2051,train,19,U,U1461.jpg
2052,train,19,U,U733.jpg
2053,train,19,U,U1307.jpg
2054,train,19,U,U2381.jpg
2055,train,19,U,U1850.jpg
2056,train,19,U,U1688.jpg
352,val,19,U,U1844.jpg
2057,train,19,U,U2395.jpg
2058,train,19,U,U280.jpg
2059,train,19,U,U294.jpg
2060,train,19,U,U1878.jpg
353,val,19,U,U519.jpg
354,val,19,U,U1893.jpg
2061,train,19,U,U2342.jpg
355,val,19,U,U2424.jpg
2062,train,19,U,U1139.jpg
2063,train,19,U,U2430.jpg
2064,train,19,U,U2356.jpg
2065,train,19,U,U1887.jpg
2066,train,19,U,U1677.jpg
2067,train,19,U,U525.jpg
2068,train,19,U,U243.jpg
356,val,19,U,U1111.jpg
2069,train,19,U,U2418.jpg
357,val,19,U,U1105.jpg
2070,train,19,U,U257.jpg
2071,train,19,U,U531.jpg
2072,train,19,U,U1663.jpg
2073,train,19,U,U1113.jpg
2074,train,19,U,U241.jpg
2075,train,19,U,U527.jpg
2076,train,19,U,U1675.jpg
2077,train,19,U,U2368.jpg
2078,train,19,U,U1661.jpg
2079,train,19,U,U533.jpg
2080,train,19,U,U255.jpg
2081,train,19,U,U1107.jpg
2082,train,19,U,U2426.jpg
358,val,19,U,U2340.jpg
2083,train,19,U,U1891.jpg
2084,train,19,U,U1649.jpg
2085,train,19,U,U1885.jpg
2086,train,19,U,U2354.jpg
2087,train,19,U,U2432.jpg
2088,train,19,U,U269.jpg
2089,train,19,U,U282.jpg
2090,train,19,U,U296.jpg
2091,train,19,U,U1852.jpg
2092,train,19,U,U2383.jpg
2093,train,19,U,U2397.jpg
2094,train,19,U,U1846.jpg
2095,train,19,U,U1477.jpg
2096,train,19,U,U725.jpg
2097,train,19,U,U1311.jpg
359,val,19,U,U1305.jpg
360,val,19,U,U731.jpg
2098,train,19,U,U1463.jpg
2099,train,19,U,U719.jpg
2100,train,19,U,U2142.jpg
2101,train,19,U,U2624.jpg
2102,train,19,U,U1339.jpg
2103,train,19,U,U2156.jpg
2104,train,19,U,U2181.jpg
2105,train,19,U,U902.jpg
2106,train,19,U,U1488.jpg
2107,train,19,U,U916.jpg
2108,train,19,U,U2195.jpg
2109,train,19,U,U889.jpg
2110,train,19,U,U651.jpg
2111,train,19,U,U1503.jpg
2112,train,19,U,U1265.jpg
2113,train,19,U,U137.jpg
2114,train,19,U,U1271.jpg
361,val,19,U,U1517.jpg
2115,train,19,U,U645.jpg
2116,train,19,U,U2036.jpg
362,val,19,U,U2988.jpg
2117,train,19,U,U1259.jpg
2118,train,19,U,U2022.jpg
363,val,19,U,U679.jpg
2119,train,19,U,U692.jpg
2120,train,19,U,U2977.jpg
364,val,19,U,U2963.jpg
2121,train,19,U,U686.jpg
365,val,19,U,U876.jpg
2122,train,19,U,U862.jpg
2123,train,19,U,U335.jpg
2124,train,19,U,U1067.jpg
2125,train,19,U,U1701.jpg
2126,train,19,U,U453.jpg
366,val,19,U,U447.jpg
2127,train,19,U,U1715.jpg
2128,train,19,U,U1073.jpg
2129,train,19,U,U321.jpg
2130,train,19,U,U309.jpg
2131,train,19,U,U2552.jpg
2132,train,19,U,U1729.jpg
2133,train,19,U,U2546.jpg
2134,train,19,U,U490.jpg
367,val,19,U,U484.jpg
2135,train,19,U,U1098.jpg
2136,train,19,U,U1926.jpg
2137,train,19,U,U1932.jpg
368,val,19,U,U2585.jpg
2138,train,19,U,U1933.jpg
2139,train,19,U,U2584.jpg
2140,train,19,U,U1099.jpg
2141,train,19,U,U1927.jpg
2142,train,19,U,U485.jpg
2143,train,19,U,U491.jpg
369,val,19,U,U1728.jpg
2144,train,19,U,U2547.jpg
2145,train,19,U,U2553.jpg
2146,train,19,U,U308.jpg
370,val,19,U,U1714.jpg
371,val,19,U,U446.jpg
2147,train,19,U,U320.jpg
2148,train,19,U,U1072.jpg
2149,train,19,U,U1066.jpg
2150,train,19,U,U334.jpg
2151,train,19,U,U2209.jpg
2152,train,19,U,U452.jpg
2153,train,19,U,U1700.jpg
2154,train,19,U,U863.jpg
2155,train,19,U,U877.jpg
2156,train,19,U,U2962.jpg
2157,train,19,U,U687.jpg
2158,train,19,U,U693.jpg
2159,train,19,U,U2976.jpg
2160,train,19,U,U678.jpg
2161,train,19,U,U2023.jpg
2162,train,19,U,U2037.jpg
2163,train,19,U,U1258.jpg
372,val,19,U,U2989.jpg
2164,train,19,U,U1270.jpg
2165,train,19,U,U644.jpg
2166,train,19,U,U1516.jpg
2167,train,19,U,U1502.jpg
2168,train,19,U,U650.jpg
373,val,19,U,U888.jpg
2169,train,19,U,U17.jpg
374,val,19,U,U136.jpg
375,val,19,U,U1264.jpg
2170,train,19,U,U2194.jpg
2171,train,19,U,U917.jpg
2172,train,19,U,U1489.jpg
2173,train,19,U,U903.jpg
2174,train,19,U,U2180.jpg
376,val,19,U,U1338.jpg
2175,train,19,U,U2157.jpg
2176,train,19,U,U2143.jpg
2177,train,19,U,U718.jpg
2178,train,19,U,U1304.jpg
377,val,19,U,U1462.jpg
378,val,19,U,U730.jpg
379,val,19,U,U724.jpg
2179,train,19,U,U1476.jpg
2180,train,19,U,U1310.jpg
2181,train,19,U,U1847.jpg
2182,train,19,U,U2396.jpg
2183,train,19,U,U2382.jpg
380,val,19,U,U1853.jpg
2184,train,19,U,U297.jpg
2185,train,19,U,U283.jpg
2186,train,19,U,U2355.jpg
381,val,19,U,U1884.jpg
2187,train,19,U,U268.jpg
382,val,19,U,U2433.jpg
2188,train,19,U,U2427.jpg
2189,train,19,U,U1648.jpg
2190,train,19,U,U1890.jpg
2191,train,19,U,U2341.jpg
383,val,19,U,U532.jpg
2192,train,19,U,U1660.jpg
384,val,19,U,U2369.jpg
2193,train,19,U,U1106.jpg
2194,train,19,U,U254.jpg
2195,train,19,U,U240.jpg
385,val,19,U,U1112.jpg
2196,train,19,U,U1674.jpg
2197,train,19,U,U526.jpg
386,val,19,U,U2345.jpg
2198,train,19,U,U1894.jpg
2199,train,19,U,U278.jpg
2200,train,19,U,U2423.jpg
387,val,19,U,U2437.jpg
2201,train,19,U,U1880.jpg
388,val,19,U,U1658.jpg
2202,train,8,I,I1831.jpg
2203,train,8,I,I522.jpg
2204,train,8,I,I244.jpg
2205,train,8,I,I2486.jpg
2206,train,8,I,I250.jpg
2207,train,8,I,I2492.jpg
389,val,8,I,I536.jpg
2208,train,8,I,I1825.jpg
2209,train,8,I,I278.jpg
2210,train,8,I,I1819.jpg
2211,train,8,I,I2323.jpg
2212,train,8,I,I287.jpg
390,val,8,I,I293.jpg
2213,train,8,I,I2451.jpg
2214,train,8,I,I1158.jpg
2215,train,8,I,I2337.jpg
2216,train,8,I,I1616.jpg
391,val,8,I,I2479.jpg
2217,train,8,I,I1170.jpg
392,val,8,I,I1164.jpg
2218,train,8,I,I1602.jpg
2219,train,8,I,I2684.jpg
2220,train,8,I,I720.jpg
2221,train,8,I,I734.jpg
2222,train,8,I,I2848.jpg
393,val,8,I,I2690.jpg
2223,train,8,I,I1399.jpg
394,val,8,I,I708.jpg
395,val,8,I,I1428.jpg
396,val,8,I,I2135.jpg
397,val,8,I,I1372.jpg
2224,train,8,I,I907.jpg
2225,train,8,I,I1414.jpg
2226,train,8,I,I1400.jpg
2227,train,8,I,I913.jpg
2228,train,8,I,I1366.jpg
2229,train,8,I,I132.jpg
2230,train,8,I,I2096.jpg
2231,train,8,I,I654.jpg
2232,train,8,I,I898.jpg
2233,train,8,I,I2082.jpg
2234,train,8,I,I640.jpg
398,val,8,I,I126.jpg
2235,train,8,I,I668.jpg
399,val,8,I,I2733.jpg
2236,train,8,I,I2055.jpg
2237,train,8,I,I697.jpg
2238,train,8,I,I2041.jpg
400,val,8,I,I683.jpg
2239,train,8,I,I1548.jpg
401,val,8,I,I2069.jpg
2240,train,8,I,I873.jpg
2241,train,8,I,I1560.jpg
2242,train,8,I,I1574.jpg
2243,train,8,I,I867.jpg
2244,train,8,I,I1212.jpg
402,val,8,I,I1945.jpg
2245,train,8,I,I456.jpg
2246,train,8,I,I330.jpg
2247,train,8,I,I324.jpg
403,val,8,I,I442.jpg
2248,train,8,I,I2280.jpg
2249,train,8,I,I1951.jpg
2250,train,8,I,I1789.jpg
2251,train,8,I,I1979.jpg
2252,train,8,I,I318.jpg
2253,train,8,I,I495.jpg
2254,train,8,I,I2257.jpg
2255,train,8,I,I1986.jpg
2256,train,8,I,I1038.jpg
2257,train,8,I,I38.jpg
2258,train,8,I,I1992.jpg
2259,train,8,I,I481.jpg
2260,train,8,I,I2243.jpg
404,val,8,I,I1762.jpg
405,val,8,I,I10.jpg
406,val,8,I,I1004.jpg
2261,train,8,I,I1010.jpg
2262,train,8,I,I1776.jpg
407,val,8,I,I1011.jpg
408,val,8,I,I1777.jpg
2263,train,8,I,I1763.jpg
409,val,8,I,I1005.jpg
2264,train,8,I,I11.jpg
410,val,8,I,I39.jpg
2265,train,8,I,I2242.jpg
2266,train,8,I,I480.jpg
411,val,8,I,I1993.jpg
2267,train,8,I,I1987.jpg
2268,train,8,I,I2256.jpg
2269,train,8,I,I494.jpg
2270,train,8,I,I1039.jpg
2271,train,8,I,I319.jpg
2272,train,8,I,I1978.jpg
2273,train,8,I,I325.jpg
2274,train,8,I,I1788.jpg
2275,train,8,I,I1950.jpg
2276,train,8,I,I2281.jpg
2277,train,8,I,I443.jpg
412,val,8,I,I2295.jpg
413,val,8,I,I457.jpg
2278,train,8,I,I1944.jpg
2279,train,8,I,I331.jpg
2280,train,8,I,I866.jpg
2281,train,8,I,I1575.jpg
2282,train,8,I,I1213.jpg
2283,train,8,I,I1561.jpg
2284,train,8,I,I872.jpg
2285,train,8,I,I2068.jpg
2286,train,8,I,I1549.jpg
2287,train,8,I,I682.jpg
414,val,8,I,I2040.jpg
415,val,8,I,I696.jpg
416,val,8,I,I2054.jpg
2288,train,8,I,I669.jpg
2289,train,8,I,I641.jpg
2290,train,8,I,I2083.jpg
2291,train,8,I,I899.jpg
2292,train,8,I,I127.jpg
2293,train,8,I,I133.jpg
2294,train,8,I,I655.jpg
417,val,8,I,I2097.jpg
2295,train,8,I,I912.jpg
2296,train,8,I,I1401.jpg
2297,train,8,I,I1367.jpg
418,val,8,I,I1373.jpg
2298,train,8,I,I1415.jpg
2299,train,8,I,I906.jpg
2300,train,8,I,I2134.jpg
2301,train,8,I,I2120.jpg
2302,train,8,I,I1429.jpg
2303,train,8,I,I709.jpg
419,val,8,I,I735.jpg
420,val,8,I,I1398.jpg
2304,train,8,I,I2691.jpg
2305,train,8,I,I2849.jpg
421,val,8,I,I2685.jpg
2306,train,8,I,I721.jpg
2307,train,8,I,I1165.jpg
2308,train,8,I,I1603.jpg
2309,train,8,I,I1617.jpg
2310,train,8,I,I1171.jpg
2311,train,8,I,I2478.jpg
2312,train,8,I,I1159.jpg
2313,train,8,I,I2450.jpg
2314,train,8,I,I292.jpg
2315,train,8,I,I2336.jpg
2316,train,8,I,I2322.jpg
2317,train,8,I,I286.jpg
2318,train,8,I,I1818.jpg
422,val,8,I,I279.jpg
423,val,8,I,I2493.jpg
2319,train,8,I,I251.jpg
2320,train,8,I,I1824.jpg
2321,train,8,I,I537.jpg
2322,train,8,I,I523.jpg
2323,train,8,I,I1830.jpg
2324,train,8,I,I2487.jpg
424,val,8,I,I245.jpg
2325,train,8,I,I535.jpg
2326,train,8,I,I1826.jpg
425,val,8,I,I1198.jpg
2327,train,8,I,I253.jpg
426,val,8,I,I2491.jpg
2328,train,8,I,I247.jpg
427,val,8,I,I2485.jpg
2329,train,8,I,I1832.jpg
2330,train,8,I,I521.jpg
2331,train,8,I,I509.jpg
2332,train,8,I,I2334.jpg
428,val,8,I,I290.jpg
2333,train,8,I,I2452.jpg
2334,train,8,I,I284.jpg
2335,train,8,I,I2320.jpg
2336,train,8,I,I1629.jpg
429,val,8,I,I2308.jpg
2337,train,8,I,I1601.jpg
2338,train,8,I,I1167.jpg
2339,train,8,I,I1173.jpg
430,val,8,I,I1615.jpg
431,val,8,I,I2693.jpg
2340,train,8,I,I737.jpg
2341,train,8,I,I723.jpg
2342,train,8,I,I1359.jpg
2343,train,8,I,I2136.jpg
2344,train,8,I,I938.jpg
2345,train,8,I,I1365.jpg
2346,train,8,I,I1403.jpg
432,val,8,I,I910.jpg
2347,train,8,I,I904.jpg
2348,train,8,I,I1417.jpg
2349,train,8,I,I1371.jpg
433,val,8,I,I125.jpg
2350,train,8,I,I1588.jpg
434,val,8,I,I2081.jpg
435,val,8,I,I643.jpg
2351,train,8,I,I2095.jpg
2352,train,8,I,I657.jpg
2353,train,8,I,I131.jpg
2354,train,8,I,I119.jpg
2355,train,8,I,I2042.jpg
2356,train,8,I,I680.jpg
2357,train,8,I,I858.jpg
2358,train,8,I,I2056.jpg
2359,train,8,I,I694.jpg
2360,train,8,I,I1239.jpg
2361,train,8,I,I1577.jpg
2362,train,8,I,I864.jpg
2363,train,8,I,I870.jpg
2364,train,8,I,I1563.jpg
2365,train,8,I,I441.jpg
436,val,8,I,I2283.jpg
2366,train,8,I,I1952.jpg
2367,train,8,I,I327.jpg
2368,train,8,I,I333.jpg
2369,train,8,I,I1946.jpg
2370,train,8,I,I455.jpg
2371,train,8,I,I2297.jpg
2372,train,8,I,I469.jpg
2373,train,8,I,I1749.jpg
437,val,8,I,I1991.jpg
2374,train,8,I,I482.jpg
2375,train,8,I,I2240.jpg
2376,train,8,I,I496.jpg
2377,train,8,I,I2254.jpg
438,val,8,I,I1985.jpg
2378,train,8,I,I1775.jpg
2379,train,8,I,I1013.jpg
2380,train,8,I,I13.jpg
439,val,8,I,I1007.jpg
2381,train,8,I,I1761.jpg
2382,train,8,I,I2268.jpg
2383,train,8,I,I1006.jpg
440,val,8,I,I12.jpg
441,val,8,I,I2269.jpg
2384,train,8,I,I1760.jpg
2385,train,8,I,I1012.jpg
2386,train,8,I,I1984.jpg
442,val,8,I,I2255.jpg
443,val,8,I,I497.jpg
2387,train,8,I,I2241.jpg
2388,train,8,I,I483.jpg
444,val,8,I,I1990.jpg
445,val,8,I,I1748.jpg
2389,train,8,I,I468.jpg
2390,train,8,I,I332.jpg
446,val,8,I,I2296.jpg
2391,train,8,I,I454.jpg
2392,train,8,I,I1947.jpg
2393,train,8,I,I1953.jpg
2394,train,8,I,I2282.jpg
447,val,8,I,I440.jpg
2395,train,8,I,I326.jpg
448,val,8,I,I1562.jpg
2396,train,8,I,I871.jpg
449,val,8,I,I1210.jpg
2397,train,8,I,I865.jpg
2398,train,8,I,I1576.jpg
2399,train,8,I,I695.jpg
2400,train,8,I,I2057.jpg
450,val,8,I,I1238.jpg
2401,train,8,I,I859.jpg
2402,train,8,I,I681.jpg
2403,train,8,I,I2043.jpg
451,val,8,I,I118.jpg
2404,train,8,I,I656.jpg
452,val,8,I,I2094.jpg
2405,train,8,I,I130.jpg
2406,train,8,I,I124.jpg
2407,train,8,I,I642.jpg
2408,train,8,I,I2080.jpg
2409,train,8,I,I1589.jpg
2410,train,8,I,I1416.jpg
2411,train,8,I,I905.jpg
453,val,8,I,I1370.jpg
2412,train,8,I,I1364.jpg
2413,train,8,I,I911.jpg
2414,train,8,I,I1402.jpg
2415,train,8,I,I2123.jpg
2416,train,8,I,I939.jpg
2417,train,8,I,I2645.jpg
454,val,8,I,I1358.jpg
455,val,8,I,I2137.jpg
456,val,8,I,I722.jpg
2418,train,8,I,I2692.jpg
2419,train,8,I,I736.jpg
2420,train,8,I,I1172.jpg
2421,train,8,I,I1614.jpg
457,val,8,I,I1600.jpg
458,val,8,I,I2309.jpg
459,val,8,I,I1166.jpg
2422,train,8,I,I2447.jpg
460,val,8,I,I285.jpg
2423,train,8,I,I1628.jpg
2424,train,8,I,I2321.jpg
2425,train,8,I,I2335.jpg
461,val,8,I,I2453.jpg
462,val,8,I,I291.jpg
2426,train,8,I,I508.jpg
2427,train,8,I,I2484.jpg
463,val,8,I,I246.jpg
2428,train,8,I,I520.jpg
2429,train,8,I,I1833.jpg
2430,train,8,I,I1827.jpg
464,val,8,I,I534.jpg
2431,train,8,I,I2490.jpg
2432,train,8,I,I252.jpg
465,val,8,I,I1199.jpg
466,val,8,I,I518.jpg
2433,train,8,I,I2494.jpg
467,val,8,I,I256.jpg
2434,train,8,I,I530.jpg
2435,train,8,I,I1823.jpg
2436,train,8,I,I1837.jpg
468,val,8,I,I524.jpg
2437,train,8,I,I2480.jpg
2438,train,8,I,I242.jpg
2439,train,8,I,I1189.jpg
2440,train,8,I,I1162.jpg
2441,train,8,I,I1604.jpg
2442,train,8,I,I1610.jpg
2443,train,8,I,I2319.jpg
2444,train,8,I,I1176.jpg
2445,train,8,I,I2457.jpg
469,val,8,I,I295.jpg
2446,train,8,I,I1638.jpg
2447,train,8,I,I2331.jpg
470,val,8,I,I2325.jpg
2448,train,8,I,I281.jpg
471,val,8,I,I732.jpg
2449,train,8,I,I2696.jpg
2450,train,8,I,I726.jpg
2451,train,8,I,I1406.jpg
2452,train,8,I,I915.jpg
472,val,8,I,I1360.jpg
2453,train,8,I,I1374.jpg
2454,train,8,I,I1412.jpg
2455,train,8,I,I929.jpg
2456,train,8,I,I2133.jpg
2457,train,8,I,I1348.jpg
2458,train,8,I,I2127.jpg
473,val,8,I,I108.jpg
474,val,8,I,I646.jpg
2459,train,8,I,I2084.jpg
2460,train,8,I,I120.jpg
2461,train,8,I,I134.jpg
2462,train,8,I,I652.jpg
475,val,8,I,I2090.jpg
2463,train,8,I,I1599.jpg
476,val,8,I,I1572.jpg
2464,train,8,I,I861.jpg
2465,train,8,I,I1214.jpg
2466,train,8,I,I875.jpg
2467,train,8,I,I1566.jpg
2468,train,8,I,I685.jpg
477,val,8,I,I2047.jpg
2469,train,8,I,I1228.jpg
2470,train,8,I,I691.jpg
2471,train,8,I,I2053.jpg
478,val,8,I,I849.jpg
479,val,8,I,I478.jpg
480,val,8,I,I322.jpg
2472,train,8,I,I2286.jpg
2473,train,8,I,I444.jpg
2474,train,8,I,I1957.jpg
2475,train,8,I,I1943.jpg
2476,train,8,I,I2292.jpg
2477,train,8,I,I450.jpg
2478,train,8,I,I336.jpg
2479,train,8,I,I1016.jpg
2480,train,8,I,I2279.jpg
2481,train,8,I,I1770.jpg
2482,train,8,I,I1764.jpg
2483,train,8,I,I16.jpg
2484,train,8,I,I1002.jpg
2485,train,8,I,I1994.jpg
481,val,8,I,I2245.jpg
2486,train,8,I,I487.jpg
2487,train,8,I,I2251.jpg
2488,train,8,I,I493.jpg
2489,train,8,I,I1758.jpg
2490,train,8,I,I1980.jpg
2491,train,8,I,I1981.jpg
2492,train,8,I,I1759.jpg
2493,train,8,I,I492.jpg
2494,train,8,I,I2250.jpg
2495,train,8,I,I486.jpg
482,val,8,I,I2244.jpg
2496,train,8,I,I1995.jpg
2497,train,8,I,I1765.jpg
2498,train,8,I,I1003.jpg
2499,train,8,I,I17.jpg
2500,train,8,I,I1017.jpg
483,val,8,I,I2278.jpg
2501,train,8,I,I451.jpg
2502,train,8,I,I2293.jpg
2503,train,8,I,I1942.jpg
2504,train,8,I,I337.jpg
2505,train,8,I,I323.jpg
2506,train,8,I,I1956.jpg
2507,train,8,I,I445.jpg
2508,train,8,I,I2287.jpg
2509,train,8,I,I479.jpg
2510,train,8,I,I2734.jpg
2511,train,8,I,I848.jpg
2512,train,8,I,I2052.jpg
2513,train,8,I,I690.jpg
484,val,8,I,I2046.jpg
2514,train,8,I,I684.jpg
2515,train,8,I,I1229.jpg
2516,train,8,I,I1567.jpg
2517,train,8,I,I874.jpg
2518,train,8,I,I1573.jpg
2519,train,8,I,I1215.jpg
2520,train,8,I,I135.jpg
2521,train,8,I,I1598.jpg
485,val,8,I,I2091.jpg
486,val,8,I,I653.jpg
2522,train,8,I,I2085.jpg
487,val,8,I,I647.jpg
2523,train,8,I,I121.jpg
2524,train,8,I,I109.jpg
2525,train,8,I,I1349.jpg
2526,train,8,I,I2132.jpg
2527,train,8,I,I928.jpg
2528,train,8,I,I1375.jpg
2529,train,8,I,I1413.jpg
488,val,8,I,I900.jpg
489,val,8,I,I914.jpg
2530,train,8,I,I1407.jpg
490,val,8,I,I1361.jpg
2531,train,8,I,I727.jpg
2532,train,8,I,I733.jpg
491,val,8,I,I2697.jpg
492,val,8,I,I2324.jpg
2533,train,8,I,I280.jpg
2534,train,8,I,I294.jpg
2535,train,8,I,I2330.jpg
493,val,8,I,I1639.jpg
2536,train,8,I,I2318.jpg
2537,train,8,I,I1611.jpg
2538,train,8,I,I1177.jpg
2539,train,8,I,I1163.jpg
494,val,8,I,I1605.jpg
2540,train,8,I,I525.jpg
2541,train,8,I,I1836.jpg
2542,train,8,I,I1188.jpg
2543,train,8,I,I243.jpg
2544,train,8,I,I2481.jpg
2545,train,8,I,I257.jpg
495,val,8,I,I2495.jpg
2546,train,8,I,I1822.jpg
2547,train,8,I,I531.jpg
496,val,8,I,I519.jpg
2548,train,8,I,I1808.jpg
2549,train,8,I,I269.jpg
497,val,8,I,I2483.jpg
2550,train,8,I,I241.jpg
2551,train,8,I,I1834.jpg
498,val,8,I,I527.jpg
499,val,8,I,I533.jpg
2552,train,8,I,I1820.jpg
500,val,8,I,I2497.jpg
2553,train,8,I,I255.jpg
2554,train,8,I,I1175.jpg
2555,train,8,I,I1613.jpg
2556,train,8,I,I1607.jpg
2557,train,8,I,I1161.jpg
501,val,8,I,I2468.jpg
2558,train,8,I,I1149.jpg
2559,train,8,I,I282.jpg
2560,train,8,I,I2326.jpg
2561,train,8,I,I2332.jpg
2562,train,8,I,I2454.jpg
2563,train,8,I,I296.jpg
502,val,8,I,I719.jpg
2564,train,8,I,I725.jpg
2565,train,8,I,I1388.jpg
2566,train,8,I,I2681.jpg
2567,train,8,I,I731.jpg
2568,train,8,I,I902.jpg
2569,train,8,I,I2118.jpg
2570,train,8,I,I1411.jpg
2571,train,8,I,I1377.jpg
503,val,8,I,I1363.jpg
2572,train,8,I,I1405.jpg
2573,train,8,I,I916.jpg
504,val,8,I,I2124.jpg
505,val,8,I,I2642.jpg
506,val,8,I,I2130.jpg
2574,train,8,I,I1439.jpg
2575,train,8,I,I679.jpg
2576,train,8,I,I889.jpg
2577,train,8,I,I651.jpg
507,val,8,I,I2093.jpg
2578,train,8,I,I137.jpg
2579,train,8,I,I123.jpg
2580,train,8,I,I645.jpg
508,val,8,I,I2087.jpg
509,val,8,I,I876.jpg
510,val,8,I,I1565.jpg
511,val,8,I,I1571.jpg
2581,train,8,I,I2078.jpg
2582,train,8,I,I862.jpg
2583,train,8,I,I1559.jpg
2584,train,8,I,I692.jpg
2585,train,8,I,I2050.jpg
2586,train,8,I,I2736.jpg
2587,train,8,I,I686.jpg
2588,train,8,I,I2044.jpg
512,val,8,I,I309.jpg
2589,train,8,I,I1968.jpg
2590,train,8,I,I335.jpg
2591,train,8,I,I1940.jpg
2592,train,8,I,I1798.jpg
2593,train,8,I,I2291.jpg
2594,train,8,I,I453.jpg
2595,train,8,I,I2285.jpg
513,val,8,I,I447.jpg
2596,train,8,I,I1954.jpg
2597,train,8,I,I321.jpg
2598,train,8,I,I15.jpg
2599,train,8,I,I1001.jpg
514,val,8,I,I1767.jpg
2600,train,8,I,I1773.jpg
2601,train,8,I,I1015.jpg
2602,train,8,I,I29.jpg
2603,train,8,I,I2252.jpg
2604,train,8,I,I490.jpg
2605,train,8,I,I1983.jpg
2606,train,8,I,I1997.jpg
2607,train,8,I,I2246.jpg
2608,train,8,I,I484.jpg
2609,train,8,I,I1029.jpg
515,val,8,I,I485.jpg
2610,train,8,I,I2247.jpg
2611,train,8,I,I1996.jpg
2612,train,8,I,I1028.jpg
2613,train,8,I,I28.jpg
516,val,8,I,I1982.jpg
2614,train,8,I,I491.jpg
517,val,8,I,I2253.jpg
518,val,8,I,I1014.jpg
2615,train,8,I,I1000.jpg
519,val,8,I,I14.jpg
2616,train,8,I,I1766.jpg
2617,train,8,I,I1955.jpg
2618,train,8,I,I446.jpg
2619,train,8,I,I320.jpg
2620,train,8,I,I334.jpg
2621,train,8,I,I452.jpg
2622,train,8,I,I2290.jpg
2623,train,8,I,I1799.jpg
2624,train,8,I,I1941.jpg
2625,train,8,I,I1969.jpg
520,val,8,I,I308.jpg
2626,train,8,I,I2045.jpg
2627,train,8,I,I687.jpg
2628,train,8,I,I2051.jpg
521,val,8,I,I693.jpg
2629,train,8,I,I1558.jpg
2630,train,8,I,I2737.jpg
2631,train,8,I,I863.jpg
2632,train,8,I,I2079.jpg
522,val,8,I,I1570.jpg
523,val,8,I,I1564.jpg
524,val,8,I,I877.jpg
2633,train,8,I,I1202.jpg
2634,train,8,I,I122.jpg
2635,train,8,I,I2086.jpg
2636,train,8,I,I644.jpg
2637,train,8,I,I2092.jpg
2638,train,8,I,I650.jpg
525,val,8,I,I888.jpg
2639,train,8,I,I136.jpg
2640,train,8,I,I678.jpg
2641,train,8,I,I1438.jpg
2642,train,8,I,I1362.jpg
2643,train,8,I,I917.jpg
2644,train,8,I,I1404.jpg
2645,train,8,I,I1410.jpg
526,val,8,I,I2119.jpg
527,val,8,I,I903.jpg
2646,train,8,I,I1376.jpg
528,val,8,I,I730.jpg
529,val,8,I,I724.jpg
530,val,8,I,I1389.jpg
531,val,8,I,I718.jpg
2647,train,8,I,I2333.jpg
532,val,8,I,I297.jpg
2648,train,8,I,I2455.jpg
2649,train,8,I,I283.jpg
2650,train,8,I,I2441.jpg
2651,train,8,I,I1148.jpg
2652,train,8,I,I2327.jpg
2653,train,8,I,I1606.jpg
2654,train,8,I,I2469.jpg
533,val,8,I,I1160.jpg
2655,train,8,I,I1174.jpg
2656,train,8,I,I1612.jpg
2657,train,8,I,I1821.jpg
2658,train,8,I,I532.jpg
2659,train,8,I,I254.jpg
2660,train,8,I,I2496.jpg
534,val,8,I,I240.jpg
2661,train,8,I,I2482.jpg
535,val,8,I,I526.jpg
536,val,8,I,I1835.jpg
2662,train,8,I,I268.jpg
2663,train,8,I,I1809.jpg
537,val,8,I,I227.jpg
2664,train,8,I,I2383.jpg
2665,train,8,I,I541.jpg
538,val,8,I,I1852.jpg
2666,train,8,I,I1846.jpg
2667,train,8,I,I2397.jpg
2668,train,8,I,I555.jpg
2669,train,8,I,I233.jpg
2670,train,8,I,I569.jpg
2671,train,8,I,I2426.jpg
2672,train,8,I,I8.jpg
2673,train,8,I,I1891.jpg
2674,train,8,I,I1649.jpg
2675,train,8,I,I2340.jpg
2676,train,8,I,I582.jpg
2677,train,8,I,I2354.jpg
539,val,8,I,I596.jpg
540,val,8,I,I1885.jpg
2678,train,8,I,I2432.jpg
2679,train,8,I,I1113.jpg
2680,train,8,I,I1675.jpg
2681,train,8,I,I1661.jpg
2682,train,8,I,I2368.jpg
2683,train,8,I,I1107.jpg
541,val,8,I,I1488.jpg
542,val,8,I,I743.jpg
2684,train,8,I,I2181.jpg
2685,train,8,I,I757.jpg
2686,train,8,I,I2803.jpg
2687,train,8,I,I2817.jpg
543,val,8,I,I958.jpg
544,val,8,I,I780.jpg
2688,train,8,I,I2142.jpg
2689,train,8,I,I1339.jpg
545,val,8,I,I794.jpg
546,val,8,I,I2156.jpg
2690,train,8,I,I1477.jpg
2691,train,8,I,I964.jpg
547,val,8,I,I1311.jpg
2692,train,8,I,I1305.jpg
2693,train,8,I,I970.jpg
2694,train,8,I,I1463.jpg
2695,train,8,I,I637.jpg
2696,train,8,I,I151.jpg
548,val,8,I,I2793.jpg
2697,train,8,I,I145.jpg
2698,train,8,I,I623.jpg
2699,train,8,I,I179.jpg
549,val,8,I,I2036.jpg
2700,train,8,I,I1259.jpg
2701,train,8,I,I192.jpg
2702,train,8,I,I186.jpg
2703,train,8,I,I2022.jpg
2704,train,8,I,I838.jpg
2705,train,8,I,I1503.jpg
2706,train,8,I,I810.jpg
550,val,8,I,I1265.jpg
551,val,8,I,I1271.jpg
2707,train,8,I,I804.jpg
2708,train,8,I,I1517.jpg
2709,train,8,I,I1098.jpg
2710,train,8,I,I2591.jpg
2711,train,8,I,I353.jpg
2712,train,8,I,I435.jpg
2713,train,8,I,I1926.jpg
2714,train,8,I,I1932.jpg
2715,train,8,I,I421.jpg
2716,train,8,I,I347.jpg
552,val,8,I,I98.jpg
2717,train,8,I,I409.jpg
2718,train,8,I,I390.jpg
2719,train,8,I,I2220.jpg
553,val,8,I,I1729.jpg
2720,train,8,I,I384.jpg
2721,train,8,I,I73.jpg
2722,train,8,I,I1067.jpg
2723,train,8,I,I1701.jpg
554,val,8,I,I1715.jpg
2724,train,8,I,I67.jpg
2725,train,8,I,I1073.jpg
555,val,8,I,I1714.jpg
2726,train,8,I,I1072.jpg
2727,train,8,I,I66.jpg
556,val,8,I,I1066.jpg
2728,train,8,I,I72.jpg
557,val,8,I,I1700.jpg
2729,train,8,I,I1728.jpg
2730,train,8,I,I2221.jpg
2731,train,8,I,I385.jpg
2732,train,8,I,I391.jpg
2733,train,8,I,I408.jpg
2734,train,8,I,I420.jpg
2735,train,8,I,I1933.jpg
2736,train,8,I,I99.jpg
2737,train,8,I,I346.jpg
2738,train,8,I,I352.jpg
2739,train,8,I,I1099.jpg
2740,train,8,I,I1927.jpg
2741,train,8,I,I434.jpg
2742,train,8,I,I1270.jpg
2743,train,8,I,I1516.jpg
558,val,8,I,I805.jpg
2744,train,8,I,I811.jpg
559,val,8,I,I1502.jpg
2745,train,8,I,I1264.jpg
2746,train,8,I,I187.jpg
2747,train,8,I,I839.jpg
2748,train,8,I,I2037.jpg
2749,train,8,I,I193.jpg
560,val,8,I,I1258.jpg
561,val,8,I,I178.jpg
2750,train,8,I,I2786.jpg
2751,train,8,I,I144.jpg
2752,train,8,I,I622.jpg
562,val,8,I,I636.jpg
563,val,8,I,I150.jpg
564,val,8,I,I1304.jpg
2753,train,8,I,I1462.jpg
2754,train,8,I,I971.jpg
565,val,8,I,I965.jpg
2755,train,8,I,I1476.jpg
2756,train,8,I,I1310.jpg
2757,train,8,I,I1338.jpg
2758,train,8,I,I2157.jpg
2759,train,8,I,I795.jpg
2760,train,8,I,I2143.jpg
2761,train,8,I,I781.jpg
2762,train,8,I,I959.jpg
2763,train,8,I,I2816.jpg
2764,train,8,I,I2802.jpg
2765,train,8,I,I756.jpg
2766,train,8,I,I2180.jpg
2767,train,8,I,I742.jpg
566,val,8,I,I1489.jpg
567,val,8,I,I2369.jpg
568,val,8,I,I1660.jpg
569,val,8,I,I1106.jpg
2768,train,8,I,I1112.jpg
2769,train,8,I,I1674.jpg
570,val,8,I,I1884.jpg
571,val,8,I,I597.jpg
2770,train,8,I,I2355.jpg
2771,train,8,I,I2433.jpg
2772,train,8,I,I9.jpg
2773,train,8,I,I2427.jpg
2774,train,8,I,I583.jpg
2775,train,8,I,I2341.jpg
2776,train,8,I,I1648.jpg
572,val,8,I,I1890.jpg
2777,train,8,I,I568.jpg
2778,train,8,I,I554.jpg
2779,train,8,I,I2396.jpg
2780,train,8,I,I232.jpg
2781,train,8,I,I226.jpg
2782,train,8,I,I1853.jpg
2783,train,8,I,I540.jpg
2784,train,8,I,I2382.jpg
2785,train,8,I,I230.jpg
573,val,8,I,I1845.jpg
2786,train,8,I,I2394.jpg
2787,train,8,I,I556.jpg
2788,train,8,I,I2380.jpg
2789,train,8,I,I542.jpg
2790,train,8,I,I1689.jpg
2791,train,8,I,I1851.jpg
2792,train,8,I,I224.jpg
2793,train,8,I,I1879.jpg
574,val,8,I,I218.jpg
575,val,8,I,I1138.jpg
2794,train,8,I,I2431.jpg
2795,train,8,I,I2357.jpg
2796,train,8,I,I595.jpg
2797,train,8,I,I1886.jpg
2798,train,8,I,I1892.jpg
2799,train,8,I,I2343.jpg
576,val,8,I,I581.jpg
2800,train,8,I,I2425.jpg
2801,train,8,I,I1104.jpg
2802,train,8,I,I1662.jpg
2803,train,8,I,I1676.jpg
577,val,8,I,I1110.jpg
2804,train,8,I,I2419.jpg
2805,train,8,I,I754.jpg
578,val,8,I,I2828.jpg
2806,train,8,I,I740.jpg
2807,train,8,I,I998.jpg
2808,train,8,I,I768.jpg
2809,train,8,I,I2814.jpg
2810,train,8,I,I797.jpg
579,val,8,I,I2155.jpg
2811,train,8,I,I783.jpg
2812,train,8,I,I2141.jpg
2813,train,8,I,I1448.jpg
2814,train,8,I,I973.jpg
2815,train,8,I,I2169.jpg
580,val,8,I,I1460.jpg
581,val,8,I,I1306.jpg
2816,train,8,I,I1312.jpg
2817,train,8,I,I1474.jpg
2818,train,8,I,I967.jpg
2819,train,8,I,I620.jpg
2820,train,8,I,I146.jpg
582,val,8,I,I152.jpg
2821,train,8,I,I2790.jpg
2822,train,8,I,I1299.jpg
583,val,8,I,I634.jpg
2823,train,8,I,I608.jpg
584,val,8,I,I1528.jpg
2824,train,8,I,I2021.jpg
2825,train,8,I,I185.jpg
2826,train,8,I,I191.jpg
2827,train,8,I,I2035.jpg
2828,train,8,I,I807.jpg
2829,train,8,I,I1514.jpg
585,val,8,I,I1272.jpg
2830,train,8,I,I1266.jpg
2831,train,8,I,I1500.jpg
2832,train,8,I,I2009.jpg
2833,train,8,I,I813.jpg
2834,train,8,I,I344.jpg
2835,train,8,I,I1931.jpg
2836,train,8,I,I422.jpg
2837,train,8,I,I436.jpg
2838,train,8,I,I1925.jpg
2839,train,8,I,I350.jpg
2840,train,8,I,I378.jpg
2841,train,8,I,I1919.jpg
2842,train,8,I,I58.jpg
2843,train,8,I,I387.jpg
2844,train,8,I,I2237.jpg
2845,train,8,I,I393.jpg
2846,train,8,I,I1058.jpg
2847,train,8,I,I2579.jpg
2848,train,8,I,I64.jpg
2849,train,8,I,I1070.jpg
2850,train,8,I,I1716.jpg
2851,train,8,I,I1702.jpg
2852,train,8,I,I70.jpg
2853,train,8,I,I1064.jpg
586,val,8,I,I1703.jpg
2854,train,8,I,I1065.jpg
2855,train,8,I,I71.jpg
2856,train,8,I,I1071.jpg
2857,train,8,I,I65.jpg
2858,train,8,I,I2578.jpg
2859,train,8,I,I1717.jpg
2860,train,8,I,I2236.jpg
2861,train,8,I,I1059.jpg
2862,train,8,I,I392.jpg
587,val,8,I,I386.jpg
2863,train,8,I,I59.jpg
2864,train,8,I,I1918.jpg
2865,train,8,I,I379.jpg
2866,train,8,I,I1924.jpg
2867,train,8,I,I437.jpg
2868,train,8,I,I351.jpg
2869,train,8,I,I345.jpg
2870,train,8,I,I423.jpg
2871,train,8,I,I1930.jpg
2872,train,8,I,I1267.jpg
2873,train,8,I,I812.jpg
2874,train,8,I,I1501.jpg
2875,train,8,I,I1515.jpg
2876,train,8,I,I806.jpg
2877,train,8,I,I1273.jpg
2878,train,8,I,I190.jpg
2879,train,8,I,I2034.jpg
588,val,8,I,I2020.jpg
2880,train,8,I,I1529.jpg
2881,train,8,I,I184.jpg
589,val,8,I,I609.jpg
2882,train,8,I,I1298.jpg
590,val,8,I,I2791.jpg
2883,train,8,I,I153.jpg
2884,train,8,I,I635.jpg
2885,train,8,I,I621.jpg
2886,train,8,I,I2785.jpg
2887,train,8,I,I147.jpg
2888,train,8,I,I1313.jpg
2889,train,8,I,I966.jpg
2890,train,8,I,I1475.jpg
2891,train,8,I,I1461.jpg
2892,train,8,I,I2168.jpg
2893,train,8,I,I972.jpg
591,val,8,I,I1307.jpg
2894,train,8,I,I1449.jpg
2895,train,8,I,I2140.jpg
2896,train,8,I,I782.jpg
592,val,8,I,I2154.jpg
2897,train,8,I,I796.jpg
2898,train,8,I,I2801.jpg
2899,train,8,I,I769.jpg
593,val,8,I,I2815.jpg
2900,train,8,I,I999.jpg
2901,train,8,I,I2183.jpg
2902,train,8,I,I741.jpg
2903,train,8,I,I755.jpg
2904,train,8,I,I2829.jpg
2905,train,8,I,I1677.jpg
2906,train,8,I,I2418.jpg
2907,train,8,I,I1111.jpg
2908,train,8,I,I1105.jpg
2909,train,8,I,I1663.jpg
594,val,8,I,I580.jpg
2910,train,8,I,I2342.jpg
2911,train,8,I,I1893.jpg
2912,train,8,I,I2424.jpg
2913,train,8,I,I2430.jpg
2914,train,8,I,I1139.jpg
595,val,8,I,I1887.jpg
596,val,8,I,I594.jpg
2915,train,8,I,I2356.jpg
597,val,8,I,I219.jpg
2916,train,8,I,I1878.jpg
2917,train,8,I,I1688.jpg
2918,train,8,I,I543.jpg
598,val,8,I,I2381.jpg
2919,train,8,I,I225.jpg
599,val,8,I,I231.jpg
600,val,8,I,I557.jpg
601,val,8,I,I2395.jpg
2920,train,8,I,I1844.jpg
2921,train,8,I,I209.jpg
2922,train,8,I,I1868.jpg
2923,train,8,I,I1698.jpg
2924,train,8,I,I1840.jpg
2925,train,8,I,I553.jpg
2926,train,8,I,I2391.jpg
2927,train,8,I,I235.jpg
2928,train,8,I,I221.jpg
2929,train,8,I,I547.jpg
2930,train,8,I,I2385.jpg
2931,train,8,I,I1854.jpg
2932,train,8,I,I1667.jpg
602,val,8,I,I2408.jpg
2933,train,8,I,I1101.jpg
2934,train,8,I,I1115.jpg
2935,train,8,I,I1673.jpg
2936,train,8,I,I590.jpg
603,val,8,I,I2352.jpg
2937,train,8,I,I1883.jpg
2938,train,8,I,I2434.jpg
2939,train,8,I,I2420.jpg
2940,train,8,I,I1129.jpg
604,val,8,I,I1897.jpg
605,val,8,I,I584.jpg
606,val,8,I,I2346.jpg
2941,train,8,I,I2811.jpg
2942,train,8,I,I779.jpg
2943,train,8,I,I2805.jpg
607,val,8,I,I751.jpg
608,val,8,I,I989.jpg
2944,train,8,I,I745.jpg
2945,train,8,I,I2839.jpg
2946,train,8,I,I1303.jpg
2947,train,8,I,I976.jpg
2948,train,8,I,I1465.jpg
609,val,8,I,I1471.jpg
2949,train,8,I,I962.jpg
610,val,8,I,I2178.jpg
2950,train,8,I,I1317.jpg
611,val,8,I,I1459.jpg
2951,train,8,I,I2150.jpg
612,val,8,I,I792.jpg
2952,train,8,I,I2144.jpg
2953,train,8,I,I786.jpg
2954,train,8,I,I619.jpg
2955,train,8,I,I1288.jpg
2956,train,8,I,I143.jpg
2957,train,8,I,I625.jpg
2958,train,8,I,I631.jpg
2959,train,8,I,I2795.jpg
613,val,8,I,I157.jpg
614,val,8,I,I1277.jpg
2960,train,8,I,I802.jpg
2961,train,8,I,I1511.jpg
2962,train,8,I,I1505.jpg
615,val,8,I,I816.jpg
616,val,8,I,I2742.jpg
2963,train,8,I,I180.jpg
2964,train,8,I,I2030.jpg
617,val,8,I,I1539.jpg
618,val,8,I,I194.jpg
619,val,8,I,I1908.jpg
2965,train,8,I,I369.jpg
2966,train,8,I,I1934.jpg
2967,train,8,I,I427.jpg
2968,train,8,I,I341.jpg
2969,train,8,I,I355.jpg
2970,train,8,I,I433.jpg
620,val,12,N,N1468.jpg
2971,train,12,N,N259.jpg
2972,train,12,N,N271.jpg
2973,train,12,N,N1332.jpg
2974,train,12,N,N1454.jpg
2975,train,12,N,N517.jpg
621,val,12,N,N1440.jpg
2976,train,12,N,N1326.jpg
2977,train,12,N,N265.jpg
2978,train,12,N,N1497.jpg
2979,train,12,N,N1483.jpg
622,val,12,N,N2363.jpg
2980,train,12,N,N2405.jpg
2981,train,12,N,N1118.jpg
2982,train,12,N,N2411.jpg
2983,train,12,N,N2377.jpg
2984,train,12,N,N2439.jpg
2985,train,12,N,N1124.jpg
2986,train,12,N,N1642.jpg
623,val,12,N,N932.jpg
2987,train,12,N,N1865.jpg
2988,train,12,N,N1695.jpg
2989,train,12,N,N2388.jpg
2990,train,12,N,N1681.jpg
2991,train,12,N,N1859.jpg
2992,train,12,N,N885.jpg
2993,train,12,N,N891.jpg
2994,train,12,N,N1722.jpg
2995,train,12,N,N1736.jpg
2996,train,12,N,N675.jpg
2997,train,12,N,N846.jpg
624,val,12,N,N1905.jpg
2998,train,12,N,N1911.jpg
2999,train,12,N,N1939.jpg
3000,train,12,N,N339.jpg
3001,train,12,N,N2015.jpg
3002,train,12,N,N1508.jpg
3003,train,12,N,N2001.jpg
3004,train,12,N,N2997.jpg
3005,train,12,N,N305.jpg
3006,train,12,N,N1246.jpg
3007,train,12,N,N1520.jpg
3008,train,12,N,N463.jpg
3009,train,12,N,N477.jpg
3010,train,12,N,N1534.jpg
625,val,12,N,N2983.jpg
3011,train,12,N,N311.jpg
3012,train,12,N,N2968.jpg
3013,train,12,N,N488.jpg
3014,train,12,N,N76.jpg
3015,train,12,N,N1285.jpg
3016,train,12,N,N2954.jpg
626,val,12,N,N2940.jpg
3017,train,12,N,N63.jpg
3018,train,12,N,N2941.jpg
627,val,12,N,N2955.jpg
3019,train,12,N,N489.jpg
3020,train,12,N,N2969.jpg
3021,train,12,N,N1535.jpg
628,val,12,N,N476.jpg
3022,train,12,N,N310.jpg
629,val,12,N,N2982.jpg
630,val,12,N,N304.jpg
3023,train,12,N,N2996.jpg
3024,train,12,N,N462.jpg
3025,train,12,N,N1521.jpg
3026,train,12,N,N2000.jpg
3027,train,12,N,N1509.jpg
631,val,12,N,N338.jpg
3028,train,12,N,N88.jpg
3029,train,12,N,N1092.jpg
3030,train,12,N,N1938.jpg
3031,train,12,N,N1910.jpg
3032,train,12,N,N1904.jpg
3033,train,12,N,N847.jpg
3034,train,12,N,N1737.jpg
3035,train,12,N,N1723.jpg
3036,train,12,N,N1045.jpg
3037,train,12,N,N648.jpg
3038,train,12,N,N1858.jpg
3039,train,12,N,N1680.jpg
3040,train,12,N,N2389.jpg
3041,train,12,N,N1694.jpg
3042,train,12,N,N927.jpg
632,val,12,N,N1864.jpg
3043,train,12,N,N933.jpg
3044,train,12,N,N700.jpg
3045,train,12,N,N1643.jpg
3046,train,12,N,N2410.jpg
3047,train,12,N,N1119.jpg
3048,train,12,N,N2376.jpg
3049,train,12,N,N2362.jpg
3050,train,12,N,N2404.jpg
3051,train,12,N,N1482.jpg
633,val,12,N,N1496.jpg
634,val,12,N,N1441.jpg
635,val,12,N,N502.jpg
3052,train,12,N,N264.jpg
3053,train,12,N,N1327.jpg
3054,train,12,N,N1333.jpg
3055,train,12,N,N270.jpg
3056,train,12,N,N516.jpg
3057,train,12,N,N1455.jpg
3058,train,12,N,N258.jpg
3059,train,12,N,N1469.jpg
3060,train,12,N,N528.jpg
3061,train,12,N,N1325.jpg
3062,train,12,N,N266.jpg
636,val,12,N,N1443.jpg
3063,train,12,N,N1457.jpg
3064,train,12,N,N514.jpg
3065,train,12,N,N272.jpg
637,val,12,N,N1331.jpg
3066,train,12,N,N299.jpg
3067,train,12,N,N1480.jpg
3068,train,12,N,N1494.jpg
3069,train,12,N,N2374.jpg
3070,train,12,N,N2412.jpg
3071,train,12,N,N2406.jpg
3072,train,12,N,N1669.jpg
3073,train,12,N,N2360.jpg
3074,train,12,N,N1899.jpg
3075,train,12,N,N1641.jpg
3076,train,12,N,N2348.jpg
638,val,12,N,N1127.jpg
3077,train,12,N,N1655.jpg
3078,train,12,N,N1866.jpg
3079,train,12,N,N1682.jpg
3080,train,12,N,N892.jpg
3081,train,12,N,N1709.jpg
3082,train,12,N,N886.jpg
3083,train,12,N,N1735.jpg
3084,train,12,N,N676.jpg
639,val,12,N,N1047.jpg
640,val,12,N,N1721.jpg
641,val,12,N,N1912.jpg
3085,train,12,N,N689.jpg
3086,train,12,N,N845.jpg
3087,train,12,N,N1906.jpg
642,val,12,N,N2002.jpg
643,val,12,N,N448.jpg
3088,train,12,N,N2980.jpg
3089,train,12,N,N312.jpg
3090,train,12,N,N474.jpg
3091,train,12,N,N1523.jpg
3092,train,12,N,N460.jpg
644,val,12,N,N2994.jpg
3093,train,12,N,N49.jpg
3094,train,12,N,N2943.jpg
3095,train,12,N,N2957.jpg
3096,train,12,N,N2956.jpg
3097,train,12,N,N2942.jpg
3098,train,12,N,N48.jpg
3099,train,12,N,N461.jpg
3100,train,12,N,N1522.jpg
3101,train,12,N,N307.jpg
3102,train,12,N,N2995.jpg
3103,train,12,N,N313.jpg
3104,train,12,N,N2981.jpg
3105,train,12,N,N1250.jpg
3106,train,12,N,N1536.jpg
645,val,12,N,N475.jpg
3107,train,12,N,N2017.jpg
3108,train,12,N,N1278.jpg
3109,train,12,N,N1907.jpg
3110,train,12,N,N1913.jpg
3111,train,12,N,N1046.jpg
3112,train,12,N,N1720.jpg
3113,train,12,N,N1734.jpg
3114,train,12,N,N887.jpg
3115,train,12,N,N1708.jpg
3116,train,12,N,N1697.jpg
3117,train,12,N,N1683.jpg
646,val,12,N,N1867.jpg
3118,train,12,N,N1654.jpg
3119,train,12,N,N703.jpg
3120,train,12,N,N2349.jpg
647,val,12,N,N1640.jpg
3121,train,12,N,N1898.jpg
3122,train,12,N,N1126.jpg
3123,train,12,N,N2407.jpg
3124,train,12,N,N1668.jpg
3125,train,12,N,N2375.jpg
3126,train,12,N,N2413.jpg
3127,train,12,N,N1495.jpg
648,val,12,N,N515.jpg
3128,train,12,N,N1456.jpg
649,val,12,N,N1330.jpg
650,val,12,N,N273.jpg
3129,train,12,N,N267.jpg
651,val,12,N,N1324.jpg
3130,train,12,N,N1442.jpg
3131,train,12,N,N501.jpg
652,val,12,N,N529.jpg
653,val,12,N,N1446.jpg
3132,train,12,N,N1320.jpg
3133,train,12,N,N263.jpg
3134,train,12,N,N277.jpg
654,val,12,N,N1334.jpg
3135,train,12,N,N1452.jpg
3136,train,12,N,N511.jpg
3137,train,12,N,N539.jpg
3138,train,12,N,N1485.jpg
3139,train,12,N,N1491.jpg
655,val,12,N,N1644.jpg
3140,train,12,N,N707.jpg
3141,train,12,N,N2359.jpg
3142,train,12,N,N1650.jpg
3143,train,12,N,N1678.jpg
3144,train,12,N,N2365.jpg
3145,train,12,N,N2403.jpg
3146,train,12,N,N1687.jpg
3147,train,12,N,N1863.jpg
656,val,12,N,N934.jpg
3148,train,12,N,N115.jpg
3149,train,12,N,N1730.jpg
657,val,12,N,N673.jpg
3150,train,12,N,N1724.jpg
658,val,12,N,N1095.jpg
3151,train,12,N,N1917.jpg
659,val,12,N,N840.jpg
3152,train,12,N,N698.jpg
3153,train,12,N,N1903.jpg
3154,train,12,N,N471.jpg
660,val,12,N,N2985.jpg
661,val,12,N,N303.jpg
3155,train,12,N,N2991.jpg
662,val,12,N,N1240.jpg
3156,train,12,N,N1526.jpg
3157,train,12,N,N465.jpg
3158,train,12,N,N2007.jpg
3159,train,12,N,N459.jpg
3160,train,12,N,N2946.jpg
3161,train,12,N,N2952.jpg
663,val,12,N,N2953.jpg
3162,train,12,N,N71.jpg
3163,train,12,N,N65.jpg
3164,train,12,N,N2947.jpg
3165,train,12,N,N458.jpg
3166,train,12,N,N2006.jpg
3167,train,12,N,N1269.jpg
3168,train,12,N,N2990.jpg
3169,train,12,N,N302.jpg
3170,train,12,N,N464.jpg
3171,train,12,N,N1527.jpg
3172,train,12,N,N1533.jpg
3173,train,12,N,N470.jpg
3174,train,12,N,N2984.jpg
3175,train,12,N,N1902.jpg
3176,train,12,N,N699.jpg
3177,train,12,N,N841.jpg
3178,train,12,N,N1916.jpg
3179,train,12,N,N1094.jpg
3180,train,12,N,N882.jpg
3181,train,12,N,N1719.jpg
3182,train,12,N,N1725.jpg
3183,train,12,N,N1731.jpg
3184,train,12,N,N935.jpg
3185,train,12,N,N1862.jpg
664,val,12,N,N1692.jpg
3186,train,12,N,N1686.jpg
665,val,12,N,N2364.jpg
3187,train,12,N,N2402.jpg
666,val,12,N,N2416.jpg
3188,train,12,N,N1679.jpg
3189,train,12,N,N2370.jpg
3190,train,12,N,N1651.jpg
667,val,12,N,N2358.jpg
3191,train,12,N,N1645.jpg
3192,train,12,N,N538.jpg
3193,train,12,N,N1335.jpg
3194,train,12,N,N276.jpg
668,val,12,N,N510.jpg
669,val,12,N,N1453.jpg
3195,train,12,N,N1447.jpg
3196,train,12,N,N504.jpg
670,val,12,N,N262.jpg
3197,train,12,N,N1451.jpg
3198,train,12,N,N512.jpg
3199,train,12,N,N274.jpg
3200,train,12,N,N1337.jpg
3201,train,12,N,N260.jpg
3202,train,12,N,N506.jpg
3203,train,12,N,N1445.jpg
671,val,12,N,N248.jpg
3204,train,12,N,N1479.jpg
3205,train,12,N,N1492.jpg
3206,train,12,N,N1647.jpg
3207,train,12,N,N704.jpg
3208,train,12,N,N2428.jpg
3209,train,12,N,N2400.jpg
3210,train,12,N,N1109.jpg
3211,train,12,N,N2366.jpg
3212,train,12,N,N2372.jpg
672,val,12,N,N1690.jpg
3213,train,12,N,N1848.jpg
3214,train,12,N,N2399.jpg
3215,train,12,N,N1684.jpg
3216,train,12,N,N937.jpg
3217,train,12,N,N1860.jpg
3218,train,12,N,N1041.jpg
673,val,12,N,N1733.jpg
3219,train,12,N,N1928.jpg
3220,train,12,N,N1096.jpg
3221,train,12,N,N1900.jpg
3222,train,12,N,N1914.jpg
3223,train,12,N,N1525.jpg
674,val,12,N,N466.jpg
3224,train,12,N,N300.jpg
675,val,12,N,N2992.jpg
3225,train,12,N,N1257.jpg
676,val,12,N,N2986.jpg
3226,train,12,N,N472.jpg
3227,train,12,N,N1531.jpg
3228,train,12,N,N1519.jpg
3229,train,12,N,N328.jpg
3230,train,12,N,N2951.jpg
677,val,12,N,N2945.jpg
3231,train,12,N,N67.jpg
3232,train,12,N,N499.jpg
3233,train,12,N,N2979.jpg
678,val,12,N,N2978.jpg
679,val,12,N,N498.jpg
3234,train,12,N,N66.jpg
3235,train,12,N,N2944.jpg
3236,train,12,N,N2950.jpg
680,val,12,N,N72.jpg
681,val,12,N,N1281.jpg
3237,train,12,N,N2005.jpg
3238,train,12,N,N1518.jpg
3239,train,12,N,N2987.jpg
3240,train,12,N,N1530.jpg
3241,train,12,N,N473.jpg
3242,train,12,N,N467.jpg
3243,train,12,N,N1524.jpg
3244,train,12,N,N2993.jpg
3245,train,12,N,N1915.jpg
3246,train,12,N,N1901.jpg
682,val,12,N,N842.jpg
3247,train,12,N,N1929.jpg
3248,train,12,N,N1097.jpg
3249,train,12,N,N1732.jpg
3250,train,12,N,N1726.jpg
3251,train,12,N,N1861.jpg
3252,train,12,N,N936.jpg
3253,train,12,N,N1685.jpg
3254,train,12,N,N2398.jpg
3255,train,12,N,N1849.jpg
683,val,12,N,N1691.jpg
3256,train,12,N,N2373.jpg
3257,train,12,N,N2415.jpg
684,val,12,N,N1108.jpg
685,val,12,N,N2401.jpg
3258,train,12,N,N1646.jpg
3259,train,12,N,N1120.jpg
3260,train,12,N,N2429.jpg
3261,train,12,N,N1652.jpg
3262,train,12,N,N1493.jpg
3263,train,12,N,N1478.jpg
3264,train,12,N,N249.jpg
686,val,12,N,N261.jpg
3265,train,12,N,N1444.jpg
3266,train,12,N,N507.jpg
3267,train,12,N,N513.jpg
3268,train,12,N,N1450.jpg
3269,train,12,N,N1336.jpg
3270,train,12,N,N275.jpg
3271,train,12,N,N548.jpg
3272,train,12,N,N2102.jpg
3273,train,12,N,N1379.jpg
3274,train,12,N,N2116.jpg
3275,train,12,N,N574.jpg
3276,train,12,N,N1437.jpg
3277,train,12,N,N1351.jpg
3278,train,12,N,N212.jpg
3279,train,12,N,N206.jpg
687,val,12,N,N1345.jpg
3280,train,12,N,N1423.jpg
688,val,12,N,N560.jpg
3281,train,12,N,N1392.jpg
3282,train,12,N,N1386.jpg
689,val,12,N,N2466.jpg
3283,train,12,N,N992.jpg
690,val,12,N,N2300.jpg
3284,train,12,N,N1609.jpg
691,val,12,N,N986.jpg
3285,train,12,N,N2314.jpg
692,val,12,N,N2472.jpg
3286,train,12,N,N1635.jpg
3287,train,12,N,N2328.jpg
3288,train,12,N,N1621.jpg
693,val,12,N,N1812.jpg
3289,train,12,N,N789.jpg
694,val,12,N,N1806.jpg
3290,train,12,N,N2499.jpg
695,val,12,N,N158.jpg
3291,train,12,N,N2274.jpg
3292,train,12,N,N1769.jpg
3293,train,12,N,N164.jpg
3294,train,12,N,N1741.jpg
3295,train,12,N,N1999.jpg
696,val,12,N,N602.jpg
3296,train,12,N,N616.jpg
697,val,12,N,N1755.jpg
3297,train,12,N,N170.jpg
698,val,12,N,N1966.jpg
3298,train,12,N,N825.jpg
3299,train,12,N,N831.jpg
699,val,12,N,N1972.jpg
3300,train,12,N,N1782.jpg
700,val,12,N,N1796.jpg
3301,train,12,N,N2076.jpg
3302,train,12,N,N2062.jpg
3303,train,12,N,N428.jpg
3304,train,12,N,N1543.jpg
3305,train,12,N,N1225.jpg
3306,train,12,N,N366.jpg
701,val,12,N,N372.jpg
3307,train,12,N,N1557.jpg
3308,train,12,N,N29.jpg
3309,train,12,N,N1580.jpg
3310,train,12,N,N2937.jpg
3311,train,12,N,N1594.jpg
3312,train,12,N,N1595.jpg
3313,train,12,N,N2088.jpg
702,val,12,N,N1581.jpg
3314,train,12,N,N2936.jpg
3315,train,12,N,N28.jpg
703,val,12,N,N1230.jpg
3316,train,12,N,N373.jpg
3317,train,12,N,N1556.jpg
3318,train,12,N,N367.jpg
3319,train,12,N,N429.jpg
3320,train,12,N,N2077.jpg
3321,train,12,N,N1797.jpg
3322,train,12,N,N1783.jpg
3323,train,12,N,N818.jpg
704,val,12,N,N1973.jpg
3324,train,12,N,N830.jpg
3325,train,12,N,N824.jpg
3326,train,12,N,N1967.jpg
3327,train,12,N,N1754.jpg
3328,train,12,N,N617.jpg
3329,train,12,N,N171.jpg
3330,train,12,N,N1032.jpg
3331,train,12,N,N165.jpg
3332,train,12,N,N603.jpg
3333,train,12,N,N1998.jpg
3334,train,12,N,N1740.jpg
3335,train,12,N,N1768.jpg
3336,train,12,N,N159.jpg
3337,train,12,N,N2275.jpg
3338,train,12,N,N978.jpg
3339,train,12,N,N1807.jpg
3340,train,12,N,N788.jpg
3341,train,12,N,N1813.jpg
3342,train,12,N,N1620.jpg
705,val,12,N,N2329.jpg
3343,train,12,N,N1634.jpg
3344,train,12,N,N2315.jpg
3345,train,12,N,N987.jpg
3346,train,12,N,N2473.jpg
3347,train,12,N,N1608.jpg
3348,train,12,N,N2301.jpg
3349,train,12,N,N993.jpg
3350,train,12,N,N1387.jpg
3351,train,12,N,N1393.jpg
3352,train,12,N,N1344.jpg
3353,train,12,N,N207.jpg
706,val,12,N,N561.jpg
3354,train,12,N,N1422.jpg
3355,train,12,N,N1436.jpg
3356,train,12,N,N575.jpg
707,val,12,N,N213.jpg
3357,train,12,N,N1350.jpg
3358,train,12,N,N1378.jpg
3359,train,12,N,N2103.jpg
3360,train,12,N,N549.jpg
708,val,12,N,N239.jpg
3361,train,12,N,N1408.jpg
3362,train,12,N,N2101.jpg
709,val,12,N,N1420.jpg
710,val,12,N,N563.jpg
3363,train,12,N,N205.jpg
3364,train,12,N,N1346.jpg
711,val,12,N,N1352.jpg
3365,train,12,N,N211.jpg
3366,train,12,N,N577.jpg
3367,train,12,N,N1434.jpg
3368,train,12,N,N588.jpg
3369,train,12,N,N1385.jpg
712,val,12,N,N1391.jpg
3370,train,12,N,N985.jpg
3371,train,12,N,N2317.jpg
3372,train,12,N,N991.jpg
3373,train,12,N,N2303.jpg
3374,train,12,N,N1622.jpg
3375,train,12,N,N1636.jpg
3376,train,12,N,N2459.jpg
3377,train,12,N,N1805.jpg
3378,train,12,N,N1811.jpg
3379,train,12,N,N1839.jpg
3380,train,12,N,N629.jpg
3381,train,12,N,N2263.jpg
713,val,12,N,N2277.jpg
3382,train,12,N,N1030.jpg
3383,train,12,N,N173.jpg
3384,train,12,N,N615.jpg
3385,train,12,N,N1756.jpg
3386,train,12,N,N1742.jpg
3387,train,12,N,N601.jpg
3388,train,12,N,N167.jpg
3389,train,12,N,N832.jpg
3390,train,12,N,N1971.jpg
714,val,12,N,N1965.jpg
3391,train,12,N,N826.jpg
3392,train,12,N,N198.jpg
3393,train,12,N,N1795.jpg
3394,train,12,N,N2288.jpg
715,val,12,N,N1959.jpg
3395,train,12,N,N1781.jpg
3396,train,12,N,N1568.jpg
3397,train,12,N,N359.jpg
3398,train,12,N,N2075.jpg
716,val,12,N,N1554.jpg
3399,train,12,N,N371.jpg
717,val,12,N,N1232.jpg
3400,train,12,N,N1226.jpg
3401,train,12,N,N365.jpg
3402,train,12,N,N1597.jpg
718,val,12,N,N2934.jpg
719,val,12,N,N1583.jpg
3403,train,12,N,N2935.jpg
3404,train,12,N,N1582.jpg
3405,train,12,N,N1596.jpg
3406,train,12,N,N364.jpg
3407,train,12,N,N1227.jpg
3408,train,12,N,N1541.jpg
720,val,12,N,N1555.jpg
3409,train,12,N,N370.jpg
3410,train,12,N,N358.jpg
3411,train,12,N,N2074.jpg
3412,train,12,N,N1569.jpg
3413,train,12,N,N1780.jpg
3414,train,12,N,N1958.jpg
3415,train,12,N,N2289.jpg
3416,train,12,N,N1794.jpg
3417,train,12,N,N827.jpg
3418,train,12,N,N1964.jpg
3419,train,12,N,N199.jpg
3420,train,12,N,N1970.jpg
3421,train,12,N,N833.jpg
3422,train,12,N,N600.jpg
3423,train,12,N,N1743.jpg
3424,train,12,N,N166.jpg
3425,train,12,N,N172.jpg
3426,train,12,N,N1031.jpg
3427,train,12,N,N1757.jpg
721,val,12,N,N614.jpg
3428,train,12,N,N2276.jpg
3429,train,12,N,N2262.jpg
3430,train,12,N,N628.jpg
3431,train,12,N,N1838.jpg
3432,train,12,N,N953.jpg
3433,train,12,N,N1810.jpg
3434,train,12,N,N1804.jpg
722,val,12,N,N1637.jpg
3435,train,12,N,N2458.jpg
3436,train,12,N,N1623.jpg
3437,train,12,N,N2302.jpg
3438,train,12,N,N990.jpg
3439,train,12,N,N2464.jpg
3440,train,12,N,N2470.jpg
3441,train,12,N,N2316.jpg
3442,train,12,N,N984.jpg
3443,train,12,N,N1390.jpg
3444,train,12,N,N1384.jpg
3445,train,12,N,N589.jpg
3446,train,12,N,N210.jpg
3447,train,12,N,N1353.jpg
3448,train,12,N,N1435.jpg
3449,train,12,N,N576.jpg
3450,train,12,N,N562.jpg
723,val,12,N,N1421.jpg
724,val,12,N,N1347.jpg
3451,train,12,N,N204.jpg
3452,train,12,N,N2100.jpg
3453,train,12,N,N1409.jpg
3454,train,12,N,N2114.jpg
3455,train,12,N,N238.jpg
3456,train,12,N,N2672.jpg
3457,train,12,N,N200.jpg
3458,train,12,N,N1343.jpg
725,val,12,N,N1425.jpg
3459,train,12,N,N566.jpg
3460,train,12,N,N572.jpg
3461,train,12,N,N1431.jpg
3462,train,12,N,N1357.jpg
3463,train,12,N,N214.jpg
3464,train,12,N,N2110.jpg
3465,train,12,N,N1419.jpg
3466,train,12,N,N2104.jpg
726,val,12,N,N228.jpg
3467,train,12,N,N1380.jpg
3468,train,12,N,N1394.jpg
3469,train,12,N,N599.jpg
3470,train,12,N,N1627.jpg
3471,train,12,N,N2448.jpg
727,val,12,N,N1633.jpg
3472,train,12,N,N2312.jpg
728,val,12,N,N2474.jpg
729,val,12,N,N2460.jpg
3473,train,12,N,N2306.jpg
3474,train,12,N,N994.jpg
730,val,12,N,N1182.jpg
3475,train,12,N,N1828.jpg
3476,train,12,N,N1800.jpg
3477,train,12,N,N1814.jpg
3478,train,12,N,N957.jpg
3479,train,12,N,N610.jpg
3480,train,12,N,N1753.jpg
731,val,12,N,N176.jpg
3481,train,12,N,N162.jpg
3482,train,12,N,N1747.jpg
3483,train,12,N,N604.jpg
3484,train,12,N,N2266.jpg
3485,train,12,N,N2500.jpg
3486,train,12,N,N1009.jpg
3487,train,12,N,N638.jpg
3488,train,12,N,N2272.jpg
3489,train,12,N,N1948.jpg
3490,train,12,N,N1790.jpg
3491,train,12,N,N1784.jpg
3492,train,12,N,N837.jpg
3493,train,12,N,N1974.jpg
3494,train,12,N,N189.jpg
3495,train,12,N,N1960.jpg
3496,train,12,N,N823.jpg
3497,train,12,N,N374.jpg
3498,train,12,N,N1237.jpg
3499,train,12,N,N1551.jpg
3500,train,12,N,N1545.jpg
3501,train,12,N,N1223.jpg
3502,train,12,N,N360.jpg
3503,train,12,N,N2064.jpg
732,val,12,N,N1579.jpg
3504,train,12,N,N1592.jpg
3505,train,12,N,N1586.jpg
3506,train,12,N,N1587.jpg
3507,train,12,N,N2930.jpg
3508,train,12,N,N2924.jpg
3509,train,12,N,N1593.jpg
733,val,12,N,N2071.jpg
3510,train,12,N,N1578.jpg
734,val,12,N,N349.jpg
3511,train,12,N,N2065.jpg
3512,train,12,N,N1544.jpg
735,val,12,N,N361.jpg
3513,train,12,N,N1236.jpg
3514,train,12,N,N375.jpg
3515,train,12,N,N1550.jpg
3516,train,12,N,N822.jpg
3517,train,12,N,N1961.jpg
3518,train,12,N,N1975.jpg
3519,train,12,N,N836.jpg
3520,train,12,N,N188.jpg
3521,train,12,N,N2298.jpg
3522,train,12,N,N1791.jpg
3523,train,12,N,N1949.jpg
3524,train,12,N,N2273.jpg
736,val,12,N,N639.jpg
3525,train,12,N,N1008.jpg
3526,train,12,N,N163.jpg
737,val,12,N,N605.jpg
3527,train,12,N,N1746.jpg
3528,train,12,N,N1752.jpg
3529,train,12,N,N611.jpg
3530,train,12,N,N177.jpg
3531,train,12,N,N956.jpg
3532,train,12,N,N1815.jpg
3533,train,12,N,N1801.jpg
3534,train,12,N,N1829.jpg
3535,train,12,N,N995.jpg
3536,train,12,N,N2307.jpg
3537,train,12,N,N2313.jpg
738,val,12,N,N2475.jpg
3538,train,12,N,N1632.jpg
3539,train,12,N,N1626.jpg
3540,train,12,N,N598.jpg
739,val,12,N,N1395.jpg
3541,train,12,N,N1381.jpg
740,val,12,N,N2105.jpg
3542,train,12,N,N229.jpg
3543,train,12,N,N1418.jpg
3544,train,12,N,N2111.jpg
3545,train,12,N,N1430.jpg
741,val,12,N,N573.jpg
3546,train,12,N,N215.jpg
742,val,12,N,N1356.jpg
3547,train,12,N,N201.jpg
3548,train,12,N,N567.jpg
3549,train,12,N,N1424.jpg
3550,train,12,N,N1354.jpg
3551,train,12,N,N217.jpg
743,val,12,N,N571.jpg
744,val,12,N,N1432.jpg
3552,train,12,N,N1426.jpg
745,val,12,N,N565.jpg
3553,train,12,N,N203.jpg
746,val,12,N,N1340.jpg
3554,train,12,N,N1368.jpg
3555,train,12,N,N2107.jpg
3556,train,12,N,N559.jpg
3557,train,12,N,N2113.jpg
3558,train,12,N,N1397.jpg
3559,train,12,N,N1383.jpg
3560,train,12,N,N1630.jpg
3561,train,12,N,N2339.jpg
3562,train,12,N,N1624.jpg
3563,train,12,N,N2305.jpg
3564,train,12,N,N997.jpg
3565,train,12,N,N2477.jpg
3566,train,12,N,N1618.jpg
3567,train,12,N,N2311.jpg
3568,train,12,N,N983.jpg
3569,train,12,N,N968.jpg
3570,train,12,N,N2488.jpg
3571,train,12,N,N1817.jpg
3572,train,12,N,N940.jpg
3573,train,12,N,N1803.jpg
3574,train,12,N,N1744.jpg
747,val,12,N,N607.jpg
3575,train,12,N,N161.jpg
3576,train,12,N,N1036.jpg
748,val,12,N,N175.jpg
3577,train,12,N,N613.jpg
3578,train,12,N,N2259.jpg
3579,train,12,N,N1750.jpg
749,val,12,N,N1988.jpg
3580,train,12,N,N2271.jpg
3581,train,12,N,N1778.jpg
3582,train,12,N,N149.jpg
3583,train,12,N,N2265.jpg
3584,train,12,N,N1787.jpg
750,val,12,N,N1793.jpg
751,val,12,N,N1963.jpg
752,val,12,N,N820.jpg
3585,train,12,N,N834.jpg
753,val,12,N,N1977.jpg
3586,train,12,N,N363.jpg
3587,train,12,N,N1546.jpg
754,val,12,N,N1552.jpg
3588,train,12,N,N377.jpg
3589,train,12,N,N2073.jpg
3590,train,12,N,N2067.jpg
3591,train,12,N,N2932.jpg
3592,train,12,N,N1585.jpg
3593,train,12,N,N2098.jpg
3594,train,12,N,N1591.jpg
3595,train,12,N,N1590.jpg
3596,train,12,N,N2099.jpg
3597,train,12,N,N2933.jpg
3598,train,12,N,N1584.jpg
3599,train,12,N,N2066.jpg
3600,train,12,N,N438.jpg
3601,train,12,N,N2072.jpg
3602,train,12,N,N1553.jpg
3603,train,12,N,N1235.jpg
3604,train,12,N,N376.jpg
3605,train,12,N,N362.jpg
3606,train,12,N,N1221.jpg
3607,train,12,N,N1547.jpg
3608,train,12,N,N1976.jpg
3609,train,12,N,N835.jpg
3610,train,12,N,N821.jpg
3611,train,12,N,N1962.jpg
3612,train,12,N,N1792.jpg
755,val,12,N,N1786.jpg
3613,train,12,N,N148.jpg
756,val,12,N,N2264.jpg
3614,train,12,N,N1779.jpg
3615,train,12,N,N2270.jpg
3616,train,12,N,N174.jpg
3617,train,12,N,N1989.jpg
757,val,12,N,N1751.jpg
3618,train,12,N,N612.jpg
758,val,12,N,N606.jpg
759,val,12,N,N1745.jpg
3619,train,12,N,N160.jpg
3620,train,12,N,N1802.jpg
3621,train,12,N,N799.jpg
3622,train,12,N,N955.jpg
760,val,12,N,N1816.jpg
3623,train,12,N,N1180.jpg
3624,train,12,N,N2489.jpg
3625,train,12,N,N969.jpg
3626,train,12,N,N2476.jpg
3627,train,12,N,N982.jpg
3628,train,12,N,N2310.jpg
3629,train,12,N,N1619.jpg
761,val,12,N,N996.jpg
3630,train,12,N,N2304.jpg
3631,train,12,N,N1625.jpg
3632,train,12,N,N2338.jpg
3633,train,12,N,N1631.jpg
3634,train,12,N,N1382.jpg
3635,train,12,N,N1396.jpg
3636,train,12,N,N2112.jpg
3637,train,12,N,N558.jpg
762,val,12,N,N1369.jpg
3638,train,12,N,N2106.jpg
3639,train,12,N,N564.jpg
763,val,12,N,N1427.jpg
3640,train,12,N,N1341.jpg
3641,train,12,N,N202.jpg
764,val,12,N,N216.jpg
765,val,12,N,N1355.jpg
3642,train,12,N,N1433.jpg
3643,train,12,N,N570.jpg
766,val,12,N,N569.jpg
3644,train,12,N,N1358.jpg
3645,train,12,N,N1416.jpg
3646,train,12,N,N555.jpg
3647,train,12,N,N233.jpg
3648,train,12,N,N1370.jpg
3649,train,12,N,N1364.jpg
3650,train,12,N,N227.jpg
3651,train,12,N,N541.jpg
3652,train,12,N,N1402.jpg
3653,train,12,N,N596.jpg
767,val,12,N,N582.jpg
3654,train,12,N,N1628.jpg
3655,train,12,N,N2321.jpg
3656,train,12,N,N2335.jpg
3657,train,12,N,N1614.jpg
3658,train,12,N,N1600.jpg
768,val,12,N,N2309.jpg
3659,train,12,N,N2484.jpg
3660,train,12,N,N970.jpg
3661,train,12,N,N1833.jpg
3662,train,12,N,N1827.jpg
3663,train,12,N,N964.jpg
3664,train,12,N,N2490.jpg
3665,train,12,N,N958.jpg
3666,train,12,N,N179.jpg
769,val,12,N,N1984.jpg
770,val,12,N,N2255.jpg
771,val,12,N,N1748.jpg
3667,train,12,N,N1990.jpg
3668,train,12,N,N1006.jpg
3669,train,12,N,N145.jpg
772,val,12,N,N623.jpg
3670,train,12,N,N1760.jpg
3671,train,12,N,N1774.jpg
3672,train,12,N,N151.jpg
773,val,12,N,N2296.jpg
3673,train,12,N,N1947.jpg
3674,train,12,N,N1953.jpg
774,val,12,N,N2282.jpg
3675,train,12,N,N186.jpg
3676,train,12,N,N838.jpg
3677,train,12,N,N192.jpg
3678,train,12,N,N2057.jpg
775,val,12,N,N1238.jpg
776,val,12,N,N1562.jpg
3679,train,12,N,N1204.jpg
3680,train,12,N,N353.jpg
3681,train,12,N,N435.jpg
3682,train,12,N,N1576.jpg
3683,train,12,N,N2094.jpg
777,val,12,N,N2080.jpg
3684,train,12,N,N1589.jpg
3685,train,12,N,N34.jpg
3686,train,12,N,N384.jpg
3687,train,12,N,N390.jpg
3688,train,12,N,N21.jpg
3689,train,12,N,N1588.jpg
3690,train,12,N,N2081.jpg
3691,train,12,N,N2095.jpg
778,val,12,N,N1211.jpg
779,val,12,N,N1577.jpg
3692,train,12,N,N434.jpg
3693,train,12,N,N1563.jpg
3694,train,12,N,N346.jpg
3695,train,12,N,N193.jpg
3696,train,12,N,N187.jpg
3697,train,12,N,N839.jpg
3698,train,12,N,N2283.jpg
780,val,12,N,N1952.jpg
3699,train,12,N,N1946.jpg
781,val,12,N,N2297.jpg
3700,train,12,N,N1775.jpg
3701,train,12,N,N150.jpg
3702,train,12,N,N144.jpg
3703,train,12,N,N1007.jpg
3704,train,12,N,N1761.jpg
3705,train,12,N,N2268.jpg
3706,train,12,N,N622.jpg
3707,train,12,N,N1991.jpg
3708,train,12,N,N1749.jpg
3709,train,12,N,N178.jpg
3710,train,12,N,N1985.jpg
782,val,12,N,N959.jpg
3711,train,12,N,N965.jpg
3712,train,12,N,N1826.jpg
3713,train,12,N,N2491.jpg
3714,train,12,N,N2485.jpg
3715,train,12,N,N1832.jpg
3716,train,12,N,N2308.jpg
3717,train,12,N,N1601.jpg
3718,train,12,N,N1615.jpg
3719,train,12,N,N2334.jpg
3720,train,12,N,N2320.jpg
3721,train,12,N,N1629.jpg
3722,train,12,N,N583.jpg
3723,train,12,N,N597.jpg
3724,train,12,N,N226.jpg
783,val,12,N,N1365.jpg
3725,train,12,N,N1403.jpg
3726,train,12,N,N540.jpg
3727,train,12,N,N554.jpg
784,val,12,N,N1417.jpg
3728,train,12,N,N1371.jpg
3729,train,12,N,N232.jpg
785,val,12,N,N1359.jpg
3730,train,12,N,N2122.jpg
786,val,12,N,N568.jpg
3731,train,12,N,N218.jpg
3732,train,12,N,N2120.jpg
3733,train,12,N,N1429.jpg
3734,train,12,N,N542.jpg
3735,train,12,N,N2108.jpg
3736,train,12,N,N1401.jpg
3737,train,12,N,N1367.jpg
3738,train,12,N,N224.jpg
3739,train,12,N,N230.jpg
3740,train,12,N,N1373.jpg
787,val,12,N,N1415.jpg
3741,train,12,N,N556.jpg
788,val,12,N,N1398.jpg
789,val,12,N,N581.jpg
3742,train,12,N,N595.jpg
3743,train,12,N,N2450.jpg
3744,train,12,N,N2336.jpg
3745,train,12,N,N2322.jpg
3746,train,12,N,N2444.jpg
3747,train,12,N,N1603.jpg
3748,train,12,N,N998.jpg
3749,train,12,N,N1617.jpg
790,val,12,N,N2478.jpg
3750,train,12,N,N2493.jpg
3751,train,12,N,N1824.jpg
3752,train,12,N,N967.jpg
3753,train,12,N,N1830.jpg
791,val,12,N,N2487.jpg
792,val,12,N,N783.jpg
3754,train,12,N,N1818.jpg
3755,train,12,N,N608.jpg
3756,train,12,N,N1993.jpg
3757,train,12,N,N1987.jpg
793,val,12,N,N1039.jpg
3758,train,12,N,N152.jpg
3759,train,12,N,N1777.jpg
794,val,12,N,N634.jpg
3760,train,12,N,N620.jpg
3761,train,12,N,N1763.jpg
3762,train,12,N,N1005.jpg
3763,train,12,N,N146.jpg
795,val,12,N,N1950.jpg
3764,train,12,N,N1788.jpg
3765,train,12,N,N2281.jpg
3766,train,12,N,N2295.jpg
3767,train,12,N,N1944.jpg
796,val,12,N,N191.jpg
3768,train,12,N,N1978.jpg
3769,train,12,N,N185.jpg
3770,train,12,N,N1549.jpg
3771,train,12,N,N378.jpg
3772,train,12,N,N436.jpg
3773,train,12,N,N344.jpg
3774,train,12,N,N1561.jpg
3775,train,12,N,N2068.jpg
797,val,12,N,N23.jpg
3776,train,12,N,N37.jpg
3777,train,12,N,N2914.jpg
3778,train,12,N,N22.jpg
798,val,12,N,N2928.jpg
3779,train,12,N,N2096.jpg
3780,train,12,N,N2082.jpg
3781,train,12,N,N1206.jpg
3782,train,12,N,N345.jpg
799,val,12,N,N423.jpg
3783,train,12,N,N1560.jpg
3784,train,12,N,N437.jpg
3785,train,12,N,N379.jpg
3786,train,12,N,N1548.jpg
3787,train,12,N,N1979.jpg
800,val,12,N,N184.jpg
3788,train,12,N,N190.jpg
3789,train,12,N,N1945.jpg
3790,train,6,G,G2572.jpg
3791,train,6,G,G269.jpg
801,val,6,G,G2214.jpg
3792,train,6,G,G2200.jpg
3793,train,6,G,G1709.jpg
3794,train,6,G,G2566.jpg
3795,train,6,G,G533.jpg
3796,train,6,G,G1047.jpg
3797,train,6,G,G2228.jpg
3798,train,6,G,G1721.jpg
3799,train,6,G,G255.jpg
3800,train,6,G,G1735.jpg
3801,train,6,G,G241.jpg
3802,train,6,G,G527.jpg
3803,train,6,G,G1053.jpg
802,val,6,G,G1906.jpg
3804,train,6,G,G1912.jpg
803,val,6,G,G1084.jpg
3805,train,6,G,G296.jpg
3806,train,6,G,G282.jpg
3807,train,6,G,G1090.jpg
804,val,6,G,G2599.jpg
3808,train,6,G,G2016.jpg
3809,train,6,G,G1279.jpg
805,val,6,G,G719.jpg
3810,train,6,G,G2002.jpg
3811,train,6,G,G1523.jpg
3812,train,6,G,G2994.jpg
806,val,6,G,G1245.jpg
3813,train,6,G,G1251.jpg
807,val,6,G,G725.jpg
3814,train,6,G,G2980.jpg
3815,train,6,G,G1537.jpg
808,val,6,G,G916.jpg
3816,train,6,G,G902.jpg
809,val,6,G,G1286.jpg
3817,train,6,G,G2957.jpg
3818,train,6,G,G2943.jpg
3819,train,6,G,G1292.jpg
3820,train,6,G,G2162.jpg
3821,train,6,G,G1319.jpg
3822,train,6,G,G2176.jpg
3823,train,6,G,G1457.jpg
3824,train,6,G,G123.jpg
3825,train,6,G,G645.jpg
3826,train,6,G,G1331.jpg
3827,train,6,G,G651.jpg
810,val,6,G,G1325.jpg
3828,train,6,G,G889.jpg
3829,train,6,G,G1443.jpg
3830,train,6,G,G137.jpg
811,val,6,G,G862.jpg
812,val,6,G,G876.jpg
3831,train,6,G,G1494.jpg
3832,train,6,G,G686.jpg
3833,train,6,G,G2823.jpg
3834,train,6,G,G2837.jpg
3835,train,6,G,G692.jpg
3836,train,6,G,G1480.jpg
3837,train,6,G,G2189.jpg
3838,train,6,G,G1669.jpg
3839,train,6,G,G37.jpg
813,val,6,G,G2360.jpg
3840,train,6,G,G23.jpg
3841,train,6,G,G309.jpg
3842,train,6,G,G1133.jpg
3843,train,6,G,G447.jpg
3844,train,6,G,G321.jpg
3845,train,6,G,G1655.jpg
814,val,6,G,G335.jpg
3846,train,6,G,G1899.jpg
3847,train,6,G,G1641.jpg
3848,train,6,G,G2348.jpg
3849,train,6,G,G1127.jpg
3850,train,6,G,G453.jpg
3851,train,6,G,G1872.jpg
3852,train,6,G,G1866.jpg
3853,train,6,G,G484.jpg
3854,train,6,G,G1696.jpg
815,val,6,G,G1682.jpg
3855,train,6,G,G490.jpg
816,val,6,G,G1683.jpg
3856,train,6,G,G491.jpg
3857,train,6,G,G485.jpg
3858,train,6,G,G1697.jpg
3859,train,6,G,G1867.jpg
3860,train,6,G,G1873.jpg
3861,train,6,G,G2349.jpg
3862,train,6,G,G1640.jpg
3863,train,6,G,G334.jpg
3864,train,6,G,G1898.jpg
3865,train,6,G,G452.jpg
3866,train,6,G,G1126.jpg
3867,train,6,G,G446.jpg
817,val,6,G,G1132.jpg
3868,train,6,G,G1654.jpg
3869,train,6,G,G320.jpg
3870,train,6,G,G308.jpg
3871,train,6,G,G2375.jpg
818,val,6,G,G22.jpg
3872,train,6,G,G2361.jpg
3873,train,6,G,G36.jpg
3874,train,6,G,G1668.jpg
819,val,6,G,G2836.jpg
820,val,6,G,G2188.jpg
3875,train,6,G,G1481.jpg
821,val,6,G,G1495.jpg
3876,train,6,G,G2822.jpg
3877,train,6,G,G687.jpg
3878,train,6,G,G877.jpg
3879,train,6,G,G863.jpg
3880,train,6,G,G1324.jpg
3881,train,6,G,G888.jpg
822,val,6,G,G650.jpg
3882,train,6,G,G1442.jpg
3883,train,6,G,G122.jpg
3884,train,6,G,G1456.jpg
3885,train,6,G,G1330.jpg
823,val,6,G,G644.jpg
3886,train,6,G,G2639.jpg
824,val,6,G,G1318.jpg
3887,train,6,G,G2177.jpg
3888,train,6,G,G2163.jpg
825,val,6,G,G1293.jpg
3889,train,6,G,G2942.jpg
826,val,6,G,G2956.jpg
3890,train,6,G,G1287.jpg
3891,train,6,G,G903.jpg
3892,train,6,G,G917.jpg
3893,train,6,G,G2981.jpg
3894,train,6,G,G724.jpg
3895,train,6,G,G1250.jpg
3896,train,6,G,G1536.jpg
3897,train,6,G,G1522.jpg
3898,train,6,G,G1244.jpg
3899,train,6,G,G2995.jpg
3900,train,6,G,G2003.jpg
3901,train,6,G,G2017.jpg
3902,train,6,G,G1278.jpg
3903,train,6,G,G283.jpg
827,val,6,G,G1091.jpg
3904,train,6,G,G1085.jpg
828,val,6,G,G297.jpg
3905,train,6,G,G1913.jpg
3906,train,6,G,G1907.jpg
3907,train,6,G,G240.jpg
3908,train,6,G,G1734.jpg
3909,train,6,G,G1052.jpg
3910,train,6,G,G526.jpg
829,val,6,G,G1046.jpg
830,val,6,G,G532.jpg
831,val,6,G,G254.jpg
3911,train,6,G,G1720.jpg
3912,train,6,G,G2229.jpg
3913,train,6,G,G1708.jpg
832,val,6,G,G2201.jpg
3914,train,6,G,G2567.jpg
3915,train,6,G,G2573.jpg
833,val,6,G,G2215.jpg
3916,train,6,G,G268.jpg
3917,train,6,G,G518.jpg
3918,train,6,G,G2565.jpg
3919,train,6,G,G2203.jpg
3920,train,6,G,G2217.jpg
3921,train,6,G,G2571.jpg
3922,train,6,G,G1078.jpg
3923,train,6,G,G2559.jpg
3924,train,6,G,G524.jpg
3925,train,6,G,G1050.jpg
3926,train,6,G,G1736.jpg
834,val,6,G,G242.jpg
835,val,6,G,G1722.jpg
3927,train,6,G,G256.jpg
3928,train,6,G,G530.jpg
3929,train,6,G,G1044.jpg
3930,train,6,G,G1911.jpg
836,val,6,G,G1905.jpg
3931,train,6,G,G1093.jpg
837,val,6,G,G281.jpg
3932,train,6,G,G1939.jpg
3933,train,6,G,G1087.jpg
3934,train,6,G,G1508.jpg
3935,train,6,G,G2001.jpg
3936,train,6,G,G2015.jpg
3937,train,6,G,G1534.jpg
3938,train,6,G,G1252.jpg
3939,train,6,G,G2983.jpg
3940,train,6,G,G2997.jpg
3941,train,6,G,G1246.jpg
3942,train,6,G,G1520.jpg
3943,train,6,G,G2029.jpg
3944,train,6,G,G901.jpg
3945,train,6,G,G2968.jpg
838,val,6,G,G915.jpg
3946,train,6,G,G2798.jpg
3947,train,6,G,G2940.jpg
3948,train,6,G,G1291.jpg
3949,train,6,G,G1285.jpg
3950,train,6,G,G929.jpg
3951,train,6,G,G2954.jpg
839,val,6,G,G2175.jpg
840,val,6,G,G2161.jpg
3952,train,6,G,G1468.jpg
3953,train,6,G,G2149.jpg
841,val,6,G,G1440.jpg
3954,train,6,G,G134.jpg
3955,train,6,G,G652.jpg
3956,train,6,G,G1326.jpg
842,val,6,G,G646.jpg
3957,train,6,G,G1332.jpg
843,val,6,G,G1454.jpg
3958,train,6,G,G120.jpg
3959,train,6,G,G875.jpg
3960,train,6,G,G2808.jpg
3961,train,6,G,G861.jpg
3962,train,6,G,G1483.jpg
3963,train,6,G,G2834.jpg
3964,train,6,G,G849.jpg
3965,train,6,G,G691.jpg
844,val,6,G,G2820.jpg
3966,train,6,G,G1497.jpg
3967,train,6,G,G1118.jpg
3968,train,6,G,G20.jpg
3969,train,6,G,G2377.jpg
3970,train,6,G,G34.jpg
3971,train,6,G,G2363.jpg
3972,train,6,G,G478.jpg
3973,train,6,G,G1124.jpg
3974,train,6,G,G450.jpg
3975,train,6,G,G336.jpg
3976,train,6,G,G1642.jpg
3977,train,6,G,G322.jpg
3978,train,6,G,G1656.jpg
3979,train,6,G,G1130.jpg
3980,train,6,G,G444.jpg
3981,train,6,G,G2439.jpg
3982,train,6,G,G1865.jpg
3983,train,6,G,G1871.jpg
3984,train,6,G,G493.jpg
3985,train,6,G,G1681.jpg
3986,train,6,G,G1859.jpg
3987,train,6,G,G1695.jpg
3988,train,6,G,G487.jpg
3989,train,6,G,G1694.jpg
3990,train,6,G,G486.jpg
845,val,6,G,G492.jpg
3991,train,6,G,G1858.jpg
3992,train,6,G,G1680.jpg
3993,train,6,G,G1870.jpg
3994,train,6,G,G1864.jpg
3995,train,6,G,G1657.jpg
3996,train,6,G,G323.jpg
3997,train,6,G,G445.jpg
3998,train,6,G,G1131.jpg
3999,train,6,G,G451.jpg
4000,train,6,G,G1125.jpg
4001,train,6,G,G1643.jpg
846,val,6,G,G337.jpg
847,val,6,G,G2362.jpg
4002,train,6,G,G35.jpg
4003,train,6,G,G479.jpg
4004,train,6,G,G1119.jpg
4005,train,6,G,G2376.jpg
4006,train,6,G,G21.jpg
4007,train,6,G,G2821.jpg
4008,train,6,G,G1496.jpg
4009,train,6,G,G1482.jpg
4010,train,6,G,G690.jpg
4011,train,6,G,G848.jpg
4012,train,6,G,G2835.jpg
4013,train,6,G,G860.jpg
4014,train,6,G,G2809.jpg
4015,train,6,G,G874.jpg
4016,train,6,G,G1333.jpg
4017,train,6,G,G647.jpg
4018,train,6,G,G121.jpg
4019,train,6,G,G1455.jpg
4020,train,6,G,G1441.jpg
4021,train,6,G,G2148.jpg
4022,train,6,G,G1327.jpg
848,val,6,G,G653.jpg
4023,train,6,G,G1469.jpg
849,val,6,G,G2160.jpg
4024,train,6,G,G2174.jpg
4025,train,6,G,G109.jpg
4026,train,6,G,G2955.jpg
4027,train,6,G,G1284.jpg
850,val,6,G,G928.jpg
4028,train,6,G,G1290.jpg
4029,train,6,G,G2941.jpg
851,val,6,G,G2799.jpg
4030,train,6,G,G914.jpg
4031,train,6,G,G2969.jpg
4032,train,6,G,G900.jpg
4033,train,6,G,G1247.jpg
852,val,6,G,G2996.jpg
4034,train,6,G,G2028.jpg
4035,train,6,G,G1521.jpg
853,val,6,G,G1535.jpg
4036,train,6,G,G2982.jpg
4037,train,6,G,G1253.jpg
4038,train,6,G,G2014.jpg
4039,train,6,G,G2000.jpg
4040,train,6,G,G1509.jpg
4041,train,6,G,G294.jpg
854,val,6,G,G1938.jpg
4042,train,6,G,G1086.jpg
4043,train,6,G,G1092.jpg
4044,train,6,G,G280.jpg
4045,train,6,G,G1904.jpg
4046,train,6,G,G1910.jpg
4047,train,6,G,G257.jpg
4048,train,6,G,G1723.jpg
855,val,6,G,G1045.jpg
4049,train,6,G,G531.jpg
4050,train,6,G,G1051.jpg
4051,train,6,G,G525.jpg
4052,train,6,G,G2558.jpg
856,val,6,G,G243.jpg
4053,train,6,G,G1737.jpg
4054,train,6,G,G2216.jpg
4055,train,6,G,G1079.jpg
4056,train,6,G,G2570.jpg
4057,train,6,G,G2564.jpg
4058,train,6,G,G519.jpg
857,val,6,G,G2202.jpg
4059,train,6,G,G1733.jpg
4060,train,6,G,G247.jpg
858,val,6,G,G521.jpg
4061,train,6,G,G1055.jpg
4062,train,6,G,G535.jpg
4063,train,6,G,G1041.jpg
4064,train,6,G,G2548.jpg
859,val,6,G,G1727.jpg
4065,train,6,G,G253.jpg
860,val,6,G,G2206.jpg
861,val,6,G,G1069.jpg
4066,train,6,G,G2560.jpg
4067,train,6,G,G2574.jpg
862,val,6,G,G509.jpg
863,val,6,G,G2212.jpg
4068,train,6,G,G284.jpg
864,val,6,G,G1928.jpg
4069,train,6,G,G1096.jpg
4070,train,6,G,G1082.jpg
4071,train,6,G,G290.jpg
865,val,6,G,G1914.jpg
4072,train,6,G,G1900.jpg
4073,train,6,G,G1257.jpg
4074,train,6,G,G723.jpg
4075,train,6,G,G2986.jpg
4076,train,6,G,G2038.jpg
4077,train,6,G,G1531.jpg
4078,train,6,G,G1525.jpg
4079,train,6,G,G2992.jpg
4080,train,6,G,G1243.jpg
4081,train,6,G,G2004.jpg
866,val,6,G,G2010.jpg
4082,train,6,G,G1519.jpg
4083,train,6,G,G2945.jpg
4084,train,6,G,G1294.jpg
867,val,6,G,G938.jpg
4085,train,6,G,G1280.jpg
4086,train,6,G,G2951.jpg
4087,train,6,G,G904.jpg
868,val,6,G,G2979.jpg
4088,train,6,G,G910.jpg
869,val,6,G,G657.jpg
4089,train,6,G,G1323.jpg
4090,train,6,G,G1445.jpg
4091,train,6,G,G131.jpg
4092,train,6,G,G1451.jpg
4093,train,6,G,G125.jpg
4094,train,6,G,G2158.jpg
4095,train,6,G,G643.jpg
4096,train,6,G,G1337.jpg
4097,train,6,G,G1479.jpg
4098,train,6,G,G2170.jpg
4099,train,6,G,G2164.jpg
4100,train,6,G,G119.jpg
4101,train,6,G,G2831.jpg
4102,train,6,G,G694.jpg
4103,train,6,G,G1486.jpg
870,val,6,G,G1492.jpg
871,val,6,G,G858.jpg
4104,train,6,G,G2825.jpg
4105,train,6,G,G870.jpg
872,val,6,G,G2819.jpg
4106,train,6,G,G864.jpg
4107,train,6,G,G333.jpg
4108,train,6,G,G1647.jpg
4109,train,6,G,G19.jpg
4110,train,6,G,G1121.jpg
873,val,6,G,G455.jpg
4111,train,6,G,G1135.jpg
4112,train,6,G,G441.jpg
874,val,6,G,G327.jpg
4113,train,6,G,G1653.jpg
4114,train,6,G,G2372.jpg
4115,train,6,G,G25.jpg
4116,train,6,G,G469.jpg
4117,train,6,G,G2414.jpg
4118,train,6,G,G1109.jpg
875,val,6,G,G2366.jpg
4119,train,6,G,G31.jpg
876,val,6,G,G1684.jpg
4120,train,6,G,G496.jpg
4121,train,6,G,G482.jpg
4122,train,6,G,G1690.jpg
4123,train,6,G,G1848.jpg
4124,train,6,G,G1860.jpg
4125,train,6,G,G1874.jpg
877,val,6,G,G1875.jpg
4126,train,6,G,G1861.jpg
4127,train,6,G,G483.jpg
878,val,6,G,G1849.jpg
4128,train,6,G,G1691.jpg
4129,train,6,G,G1685.jpg
4130,train,6,G,G497.jpg
4131,train,6,G,G1108.jpg
4132,train,6,G,G30.jpg
879,val,6,G,G2367.jpg
4133,train,6,G,G24.jpg
4134,train,6,G,G468.jpg
4135,train,6,G,G440.jpg
4136,train,6,G,G1134.jpg
4137,train,6,G,G1652.jpg
4138,train,6,G,G326.jpg
880,val,6,G,G18.jpg
4139,train,6,G,G1646.jpg
881,val,6,G,G332.jpg
4140,train,6,G,G454.jpg
4141,train,6,G,G1120.jpg
4142,train,6,G,G865.jpg
4143,train,6,G,G2818.jpg
882,val,6,G,G871.jpg
4144,train,6,G,G1493.jpg
4145,train,6,G,G2824.jpg
4146,train,6,G,G681.jpg
4147,train,6,G,G859.jpg
883,val,6,G,G2830.jpg
4148,train,6,G,G1487.jpg
4149,train,6,G,G118.jpg
4150,train,6,G,G2165.jpg
4151,train,6,G,G2171.jpg
4152,train,6,G,G1478.jpg
4153,train,6,G,G2159.jpg
4154,train,6,G,G124.jpg
4155,train,6,G,G1450.jpg
4156,train,6,G,G1336.jpg
4157,train,6,G,G642.jpg
4158,train,6,G,G1322.jpg
884,val,6,G,G656.jpg
4159,train,6,G,G130.jpg
4160,train,6,G,G1444.jpg
4161,train,6,G,G911.jpg
4162,train,6,G,G2978.jpg
885,val,6,G,G905.jpg
4163,train,6,G,G2950.jpg
886,val,6,G,G1281.jpg
4164,train,6,G,G1295.jpg
4165,train,6,G,G939.jpg
4166,train,6,G,G2944.jpg
4167,train,6,G,G1518.jpg
4168,train,6,G,G2011.jpg
887,val,6,G,G2005.jpg
4169,train,6,G,G1524.jpg
888,val,6,G,G1242.jpg
4170,train,6,G,G2993.jpg
4171,train,6,G,G2987.jpg
4172,train,6,G,G722.jpg
4173,train,6,G,G1256.jpg
889,val,6,G,G1530.jpg
4174,train,6,G,G2039.jpg
4175,train,6,G,G1901.jpg
4176,train,6,G,G1915.jpg
4177,train,6,G,G1083.jpg
4178,train,6,G,G291.jpg
4179,train,6,G,G285.jpg
4180,train,6,G,G1929.jpg
4181,train,6,G,G1097.jpg
4182,train,6,G,G508.jpg
4183,train,6,G,G2213.jpg
4184,train,6,G,G2207.jpg
4185,train,6,G,G2561.jpg
4186,train,6,G,G1068.jpg
4187,train,6,G,G2549.jpg
4188,train,6,G,G1040.jpg
4189,train,6,G,G534.jpg
4190,train,6,G,G252.jpg
4191,train,6,G,G1726.jpg
4192,train,6,G,G246.jpg
890,val,6,G,G1732.jpg
4193,train,6,G,G1054.jpg
891,val,6,G,G520.jpg
4194,train,6,G,G1724.jpg
4195,train,6,G,G250.jpg
4196,train,6,G,G536.jpg
4197,train,6,G,G1042.jpg
4198,train,6,G,G522.jpg
4199,train,6,G,G1056.jpg
4200,train,6,G,G1730.jpg
4201,train,6,G,G244.jpg
892,val,6,G,G2239.jpg
4202,train,6,G,G1718.jpg
893,val,6,G,G2211.jpg
4203,train,6,G,G2577.jpg
4204,train,6,G,G2563.jpg
4205,train,6,G,G2205.jpg
4206,train,6,G,G278.jpg
4207,train,6,G,G293.jpg
894,val,6,G,G2588.jpg
4208,train,6,G,G1081.jpg
4209,train,6,G,G1095.jpg
4210,train,6,G,G287.jpg
4211,train,6,G,G1903.jpg
4212,train,6,G,G1917.jpg
895,val,6,G,G2991.jpg
896,val,6,G,G1240.jpg
4213,train,6,G,G1526.jpg
4214,train,6,G,G1532.jpg
897,val,6,G,G1254.jpg
898,val,6,G,G720.jpg
4215,train,6,G,G2985.jpg
4216,train,6,G,G2013.jpg
4217,train,6,G,G2007.jpg
899,val,6,G,G1268.jpg
4218,train,6,G,G1283.jpg
900,val,6,G,G2952.jpg
4219,train,6,G,G2946.jpg
901,val,6,G,G1297.jpg
4220,train,6,G,G913.jpg
4221,train,6,G,G907.jpg
4222,train,6,G,G640.jpg
4223,train,6,G,G1334.jpg
4224,train,6,G,G898.jpg
4225,train,6,G,G1452.jpg
4226,train,6,G,G1446.jpg
4227,train,6,G,G132.jpg
4228,train,6,G,G654.jpg
4229,train,6,G,G1320.jpg
4230,train,6,G,G2629.jpg
4231,train,6,G,G1308.jpg
4232,train,6,G,G2601.jpg
902,val,6,G,G2167.jpg
4233,train,6,G,G2173.jpg
4234,train,6,G,G668.jpg
4235,train,6,G,G2826.jpg
4236,train,6,G,G2198.jpg
4237,train,6,G,G1491.jpg
4238,train,6,G,G1485.jpg
903,val,6,G,G2832.jpg
904,val,6,G,G867.jpg
4239,train,6,G,G873.jpg
4240,train,6,G,G2359.jpg
4241,train,6,G,G324.jpg
905,val,6,G,G1888.jpg
4242,train,6,G,G1650.jpg
4243,train,6,G,G1136.jpg
4244,train,6,G,G442.jpg
4245,train,6,G,G1122.jpg
906,val,6,G,G456.jpg
4246,train,6,G,G330.jpg
4247,train,6,G,G1644.jpg
4248,train,6,G,G318.jpg
4249,train,6,G,G2365.jpg
4250,train,6,G,G32.jpg
4251,train,6,G,G2371.jpg
907,val,6,G,G26.jpg
4252,train,6,G,G1678.jpg
4253,train,6,G,G1693.jpg
4254,train,6,G,G481.jpg
4255,train,6,G,G495.jpg
4256,train,6,G,G1687.jpg
4257,train,6,G,G1877.jpg
4258,train,6,G,G1863.jpg
4259,train,6,G,G1862.jpg
4260,train,6,G,G1876.jpg
4261,train,6,G,G494.jpg
908,val,6,G,G1686.jpg
4262,train,6,G,G1692.jpg
4263,train,6,G,G480.jpg
4264,train,6,G,G1679.jpg
4265,train,6,G,G27.jpg
4266,train,6,G,G2370.jpg
909,val,6,G,G33.jpg
4267,train,6,G,G2364.jpg
4268,train,6,G,G319.jpg
4269,train,6,G,G2402.jpg
4270,train,6,G,G457.jpg
4271,train,6,G,G1123.jpg
4272,train,6,G,G1645.jpg
4273,train,6,G,G331.jpg
4274,train,6,G,G1651.jpg
4275,train,6,G,G325.jpg
4276,train,6,G,G1889.jpg
4277,train,6,G,G2358.jpg
4278,train,6,G,G443.jpg
4279,train,6,G,G1137.jpg
4280,train,6,G,G872.jpg
4281,train,6,G,G866.jpg
4282,train,6,G,G1484.jpg
910,val,6,G,G2833.jpg
4283,train,6,G,G2827.jpg
4284,train,6,G,G1490.jpg
911,val,6,G,G2199.jpg
4285,train,6,G,G2172.jpg
4286,train,6,G,G669.jpg
4287,train,6,G,G1309.jpg
4288,train,6,G,G2166.jpg
4289,train,6,G,G133.jpg
4290,train,6,G,G1447.jpg
4291,train,6,G,G2628.jpg
4292,train,6,G,G1321.jpg
912,val,6,G,G655.jpg
4293,train,6,G,G1335.jpg
4294,train,6,G,G899.jpg
4295,train,6,G,G641.jpg
4296,train,6,G,G127.jpg
913,val,6,G,G1453.jpg
4297,train,6,G,G906.jpg
4298,train,6,G,G912.jpg
4299,train,6,G,G1296.jpg
4300,train,6,G,G2947.jpg
4301,train,6,G,G2953.jpg
4302,train,6,G,G1282.jpg
4303,train,6,G,G2006.jpg
914,val,6,G,G1269.jpg
915,val,6,G,G2012.jpg
916,val,6,G,G1533.jpg
4304,train,6,G,G2984.jpg
4305,train,6,G,G721.jpg
4306,train,6,G,G1255.jpg
4307,train,6,G,G1241.jpg
4308,train,6,G,G2990.jpg
917,val,6,G,G1527.jpg
4309,train,6,G,G1916.jpg
4310,train,6,G,G1902.jpg
4311,train,6,G,G1094.jpg
4312,train,6,G,G286.jpg
4313,train,6,G,G292.jpg
4314,train,6,G,G1080.jpg
918,val,6,G,G2589.jpg
4315,train,6,G,G2562.jpg
919,val,6,G,G279.jpg
920,val,6,G,G2204.jpg
4316,train,6,G,G2210.jpg
921,val,6,G,G1719.jpg
4317,train,6,G,G1057.jpg
922,val,6,G,G523.jpg
4318,train,6,G,G2238.jpg
4319,train,6,G,G245.jpg
4320,train,6,G,G1731.jpg
4321,train,6,G,G251.jpg
4322,train,6,G,G1725.jpg
923,val,6,G,G1043.jpg
4323,train,6,G,G537.jpg
4324,train,6,G,G2277.jpg
4325,train,6,G,G1018.jpg
924,val,6,G,G2511.jpg
4326,train,6,G,G2505.jpg
4327,train,6,G,G578.jpg
4328,train,6,G,G2263.jpg
925,val,6,G,G1742.jpg
4329,train,6,G,G236.jpg
4330,train,6,G,G550.jpg
926,val,6,G,G1024.jpg
4331,train,6,G,G544.jpg
4332,train,6,G,G1030.jpg
4333,train,6,G,G2539.jpg
4334,train,6,G,G3.jpg
4335,train,6,G,G1756.jpg
4336,train,6,G,G222.jpg
4337,train,6,G,G1965.jpg
4338,train,6,G,G1971.jpg
4339,train,6,G,G2288.jpg
927,val,6,G,G1959.jpg
4340,train,6,G,G1781.jpg
4341,train,6,G,G593.jpg
928,val,6,G,G587.jpg
4342,train,6,G,G1795.jpg
4343,train,6,G,G2075.jpg
4344,train,6,G,G2061.jpg
4345,train,6,G,G1568.jpg
4346,train,6,G,G1226.jpg
929,val,6,G,G2049.jpg
930,val,6,G,G1540.jpg
931,val,6,G,G1554.jpg
4347,train,6,G,G1232.jpg
932,val,6,G,G975.jpg
933,val,6,G,G2908.jpg
4348,train,6,G,G961.jpg
4349,train,6,G,G2934.jpg
4350,train,6,G,G949.jpg
4351,train,6,G,G1583.jpg
4352,train,6,G,G1597.jpg
4353,train,6,G,G2920.jpg
934,val,6,G,G1408.jpg
4354,train,6,G,G2101.jpg
4355,train,6,G,G2115.jpg
935,val,6,G,G626.jpg
4356,train,6,G,G1352.jpg
4357,train,6,G,G2883.jpg
4358,train,6,G,G1434.jpg
936,val,6,G,G140.jpg
4359,train,6,G,G1420.jpg
4360,train,6,G,G154.jpg
4361,train,6,G,G2129.jpg
937,val,6,G,G2897.jpg
938,val,6,G,G632.jpg
4362,train,6,G,G1346.jpg
939,val,6,G,G801.jpg
4363,train,6,G,G2868.jpg
4364,train,6,G,G815.jpg
4365,train,6,G,G2840.jpg
4366,train,6,G,G1391.jpg
4367,train,6,G,G183.jpg
4368,train,6,G,G1385.jpg
4369,train,6,G,G829.jpg
940,val,6,G,G2854.jpg
4370,train,6,G,G54.jpg
4371,train,6,G,G2303.jpg
4372,train,6,G,G418.jpg
4373,train,6,G,G2465.jpg
4374,train,6,G,G2471.jpg
4375,train,6,G,G1178.jpg
4376,train,6,G,G40.jpg
4377,train,6,G,G2317.jpg
4378,train,6,G,G342.jpg
4379,train,6,G,G1636.jpg
4380,train,6,G,G68.jpg
941,val,6,G,G2459.jpg
4381,train,6,G,G1150.jpg
4382,train,6,G,G424.jpg
4383,train,6,G,G1144.jpg
4384,train,6,G,G430.jpg
4385,train,6,G,G356.jpg
4386,train,6,G,G1622.jpg
942,val,6,G,G1811.jpg
4387,train,6,G,G97.jpg
4388,train,6,G,G83.jpg
943,val,6,G,G1805.jpg
4389,train,6,G,G381.jpg
4390,train,6,G,G1193.jpg
944,val,6,G,G1187.jpg
4391,train,6,G,G395.jpg
4392,train,6,G,G1839.jpg
4393,train,6,G,G1186.jpg
945,val,6,G,G394.jpg
4394,train,6,G,G1838.jpg
4395,train,6,G,G380.jpg
4396,train,6,G,G1192.jpg
4397,train,6,G,G1804.jpg
4398,train,6,G,G82.jpg
946,val,6,G,G96.jpg
4399,train,6,G,G1810.jpg
4400,train,6,G,G431.jpg
4401,train,6,G,G1145.jpg
947,val,6,G,G1623.jpg
4402,train,6,G,G357.jpg
4403,train,6,G,G69.jpg
948,val,6,G,G1637.jpg
4404,train,6,G,G343.jpg
949,val,6,G,G425.jpg
4405,train,6,G,G1151.jpg
4406,train,6,G,G2458.jpg
950,val,6,G,G1179.jpg
4407,train,6,G,G2470.jpg
4408,train,6,G,G2316.jpg
951,val,6,G,G41.jpg
4409,train,6,G,G2302.jpg
4410,train,6,G,G55.jpg
4411,train,6,G,G2464.jpg
952,val,6,G,G419.jpg
953,val,6,G,G2855.jpg
4412,train,6,G,G1384.jpg
954,val,6,G,G828.jpg
955,val,6,G,G1390.jpg
956,val,6,G,G2841.jpg
957,val,6,G,G182.jpg
4413,train,6,G,G814.jpg
4414,train,6,G,G2869.jpg
958,val,6,G,G2128.jpg
4415,train,6,G,G155.jpg
4416,train,6,G,G1421.jpg
4417,train,6,G,G1347.jpg
4418,train,6,G,G633.jpg
4419,train,6,G,G2896.jpg
959,val,6,G,G2882.jpg
4420,train,6,G,G1353.jpg
4421,train,6,G,G627.jpg
4422,train,6,G,G141.jpg
4423,train,6,G,G1435.jpg
4424,train,6,G,G2114.jpg
4425,train,6,G,G2100.jpg
4426,train,6,G,G1409.jpg
960,val,6,G,G1596.jpg
961,val,6,G,G2921.jpg
4427,train,6,G,G948.jpg
4428,train,6,G,G790.jpg
962,val,6,G,G2935.jpg
4429,train,6,G,G1582.jpg
4430,train,6,G,G960.jpg
4431,train,6,G,G2909.jpg
963,val,6,G,G974.jpg
4432,train,6,G,G1555.jpg
4433,train,6,G,G1233.jpg
4434,train,6,G,G1227.jpg
4435,train,6,G,G1541.jpg
4436,train,6,G,G2048.jpg
964,val,6,G,G1569.jpg
4437,train,6,G,G2060.jpg
4438,train,6,G,G2074.jpg
965,val,6,G,G586.jpg
4439,train,6,G,G1794.jpg
4440,train,6,G,G1780.jpg
4441,train,6,G,G1958.jpg
4442,train,6,G,G2289.jpg
4443,train,6,G,G592.jpg
4444,train,6,G,G1970.jpg
966,val,6,G,G1964.jpg
967,val,6,G,G2538.jpg
4445,train,6,G,G1031.jpg
4446,train,6,G,G545.jpg
4447,train,6,G,G223.jpg
4448,train,6,G,G1757.jpg
4449,train,6,G,G2.jpg
4450,train,6,G,G237.jpg
4451,train,6,G,G1743.jpg
4452,train,6,G,G1025.jpg
4453,train,6,G,G551.jpg
4454,train,6,G,G579.jpg
4455,train,6,G,G2504.jpg
4456,train,6,G,G2262.jpg
968,val,6,G,G2276.jpg
4457,train,6,G,G2510.jpg
4458,train,6,G,G1019.jpg
4459,train,6,G,G1769.jpg
4460,train,6,G,G2260.jpg
4461,train,6,G,G2506.jpg
969,val,6,G,G2512.jpg
970,val,6,G,G2274.jpg
4462,train,6,G,G209.jpg
4463,train,6,G,G1755.jpg
4464,train,6,G,G221.jpg
4465,train,6,G,G547.jpg
4466,train,6,G,G1033.jpg
4467,train,6,G,G553.jpg
4468,train,6,G,G1027.jpg
4469,train,6,G,G1741.jpg
971,val,6,G,G235.jpg
4470,train,6,G,G1999.jpg
4471,train,6,G,G2248.jpg
4472,train,6,G,G1972.jpg
4473,train,6,G,G1966.jpg
4474,train,6,G,G1796.jpg
4475,train,6,G,G584.jpg
4476,train,6,G,G590.jpg
4477,train,6,G,G1782.jpg
4478,train,6,G,G2062.jpg
4479,train,6,G,G2076.jpg
972,val,6,G,G1219.jpg
973,val,6,G,G1231.jpg
4480,train,6,G,G1557.jpg
4481,train,6,G,G1543.jpg
4482,train,6,G,G1225.jpg
4483,train,6,G,G989.jpg
4484,train,6,G,G962.jpg
4485,train,6,G,G976.jpg
4486,train,6,G,G2923.jpg
4487,train,6,G,G1594.jpg
974,val,6,G,G1580.jpg
4488,train,6,G,G2089.jpg
4489,train,6,G,G2937.jpg
975,val,6,G,G792.jpg
4490,train,6,G,G1379.jpg
4491,train,6,G,G2116.jpg
4492,train,6,G,G2102.jpg
4493,train,6,G,G619.jpg
976,val,6,G,G2894.jpg
4494,train,6,G,G631.jpg
4495,train,6,G,G1345.jpg
4496,train,6,G,G1423.jpg
4497,train,6,G,G157.jpg
977,val,6,G,G1437.jpg
4498,train,6,G,G143.jpg
4499,train,6,G,G625.jpg
4500,train,6,G,G1351.jpg
978,val,6,G,G2658.jpg
4501,train,6,G,G2880.jpg
4502,train,6,G,G802.jpg
4503,train,6,G,G1386.jpg
4504,train,6,G,G2857.jpg
4505,train,6,G,G180.jpg
4506,train,6,G,G2843.jpg
4507,train,6,G,G1392.jpg
4508,train,6,G,G369.jpg
979,val,6,G,G43.jpg
980,val,6,G,G2314.jpg
4509,train,6,G,G2466.jpg
4510,train,6,G,G57.jpg
981,val,6,G,G2300.jpg
4511,train,6,G,G1609.jpg
4512,train,6,G,G2328.jpg
982,val,6,G,G355.jpg
4513,train,6,G,G1621.jpg
4514,train,6,G,G1147.jpg
4515,train,6,G,G433.jpg
4516,train,6,G,G1153.jpg
4517,train,6,G,G427.jpg
4518,train,6,G,G341.jpg
4519,train,6,G,G1635.jpg
983,val,6,G,G80.jpg
984,val,6,G,G1806.jpg
4520,train,6,G,G1812.jpg
4521,train,6,G,G396.jpg
4522,train,6,G,G1184.jpg
985,val,6,G,G1190.jpg
4523,train,6,G,G2499.jpg
4524,train,6,G,G382.jpg
986,val,6,G,G2498.jpg
4525,train,6,G,G1191.jpg
987,val,6,G,G383.jpg
4526,train,6,G,G397.jpg
4527,train,6,G,G1185.jpg
4528,train,6,G,G95.jpg
4529,train,6,G,G1813.jpg
988,val,6,G,G1807.jpg
4530,train,6,G,G81.jpg
989,val,6,G,G426.jpg
4531,train,6,G,G1152.jpg
990,val,6,G,G340.jpg
4532,train,6,G,G1620.jpg
4533,train,6,G,G354.jpg
4534,train,6,G,G2329.jpg
4535,train,6,G,G432.jpg
4536,train,6,G,G1146.jpg
4537,train,6,G,G2467.jpg
4538,train,6,G,G1608.jpg
4539,train,6,G,G2301.jpg
991,val,6,G,G56.jpg
4540,train,6,G,G2315.jpg
4541,train,6,G,G42.jpg
4542,train,6,G,G368.jpg
4543,train,6,G,G2473.jpg
992,val,6,G,G181.jpg
4544,train,6,G,G1393.jpg
993,val,6,G,G2842.jpg
4545,train,6,G,G2856.jpg
994,val,6,G,G1387.jpg
4546,train,6,G,G195.jpg
4547,train,6,G,G803.jpg
4548,train,6,G,G817.jpg
4549,train,6,G,G142.jpg
4550,train,6,G,G1436.jpg
995,val,6,G,G2881.jpg
4551,train,6,G,G2659.jpg
4552,train,6,G,G1350.jpg
996,val,6,G,G624.jpg
4553,train,6,G,G1344.jpg
4554,train,6,G,G630.jpg
997,val,6,G,G2895.jpg
4555,train,6,G,G156.jpg
4556,train,6,G,G1422.jpg
998,val,6,G,G2103.jpg
999,val,6,G,G618.jpg
4557,train,6,G,G1378.jpg
4558,train,6,G,G2117.jpg
4559,train,6,G,G2088.jpg
4560,train,6,G,G1581.jpg
4561,train,6,G,G793.jpg
4562,train,6,G,G2936.jpg
1000,val,6,G,G2922.jpg
4563,train,6,G,G1595.jpg
4564,train,6,G,G977.jpg
4565,train,6,G,G963.jpg
4566,train,6,G,G1542.jpg
1001,val,6,G,G1224.jpg
4567,train,6,G,G988.jpg
1002,val,6,G,G744.jpg
4568,train,6,G,G1230.jpg
1003,val,6,G,G1556.jpg
1004,val,6,G,G2077.jpg
1005,val,6,G,G1218.jpg
4569,train,6,G,G778.jpg
4570,train,6,G,G2063.jpg
4571,train,6,G,G591.jpg
4572,train,6,G,G1783.jpg
1006,val,6,G,G1797.jpg
4573,train,6,G,G585.jpg
4574,train,6,G,G1967.jpg
4575,train,6,G,G1973.jpg
4576,train,6,G,G1026.jpg
4577,train,6,G,G552.jpg
4578,train,6,G,G2249.jpg
4579,train,6,G,G234.jpg
4580,train,6,G,G1998.jpg
4581,train,6,G,G1740.jpg
4582,train,6,G,G220.jpg
1007,val,6,G,G1754.jpg
1008,val,18,T,T1412.jpg
4583,train,18,T,T895.jpg
4584,train,18,T,T1374.jpg
1009,val,18,T,T1360.jpg
4585,train,18,T,T659.jpg
1010,val,18,T,T881.jpg
4586,train,18,T,T1406.jpg
1011,val,18,T,T2127.jpg
4587,train,18,T,T671.jpg
4588,train,18,T,T1348.jpg
4589,train,18,T,T117.jpg
4590,train,18,T,T665.jpg
4591,train,18,T,T2133.jpg
1012,val,18,T,T856.jpg
4592,train,18,T,T842.jpg
4593,train,18,T,T329.jpg
4594,train,18,T,T1176.jpg
4595,train,18,T,T16.jpg
4596,train,18,T,T1610.jpg
4597,train,18,T,T1604.jpg
4598,train,18,T,T1162.jpg
4599,train,18,T,T2443.jpg
4600,train,18,T,T315.jpg
4601,train,18,T,T473.jpg
1013,val,18,T,T1638.jpg
4602,train,18,T,T467.jpg
4603,train,18,T,T301.jpg
4604,train,18,T,T2457.jpg
1014,val,18,T,T498.jpg
4605,train,18,T,T1.jpg
1015,val,18,T,T1189.jpg
4606,train,18,T,T2480.jpg
4607,train,18,T,T1837.jpg
1016,val,18,T,T1823.jpg
4608,train,18,T,T2494.jpg
4609,train,18,T,T1002.jpg
4610,train,18,T,T1764.jpg
4611,train,18,T,T1770.jpg
1017,val,18,T,T2279.jpg
4612,train,18,T,T1016.jpg
4613,train,18,T,T249.jpg
4614,train,18,T,T261.jpg
1018,val,18,T,T1980.jpg
4615,train,18,T,T507.jpg
4616,train,18,T,T1758.jpg
4617,train,18,T,T2251.jpg
4618,train,18,T,T2245.jpg
4619,train,18,T,T513.jpg
1019,val,18,T,T1994.jpg
4620,train,18,T,T275.jpg
4621,train,18,T,T2292.jpg
4622,train,18,T,T1943.jpg
4623,train,18,T,T1957.jpg
4624,train,18,T,T2286.jpg
4625,train,18,T,T1566.jpg
4626,train,18,T,T739.jpg
4627,train,18,T,T1200.jpg
1020,val,18,T,T1214.jpg
4628,train,18,T,T1572.jpg
4629,train,18,T,T2053.jpg
4630,train,18,T,T705.jpg
4631,train,18,T,T1228.jpg
4632,train,18,T,T711.jpg
4633,train,18,T,T2047.jpg
4634,train,18,T,T922.jpg
4635,train,18,T,T936.jpg
4636,train,18,T,T2090.jpg
4637,train,18,T,T2084.jpg
1021,val,18,T,T2085.jpg
4638,train,18,T,T2091.jpg
4639,train,18,T,T937.jpg
4640,train,18,T,T923.jpg
4641,train,18,T,T1229.jpg
1022,val,18,T,T2046.jpg
1023,val,18,T,T710.jpg
4642,train,18,T,T704.jpg
4643,train,18,T,T2052.jpg
4644,train,18,T,T1215.jpg
4645,train,18,T,T1573.jpg
4646,train,18,T,T738.jpg
4647,train,18,T,T1567.jpg
4648,train,18,T,T1201.jpg
1024,val,18,T,T2287.jpg
4649,train,18,T,T1956.jpg
4650,train,18,T,T1942.jpg
4651,train,18,T,T2293.jpg
4652,train,18,T,T1995.jpg
4653,train,18,T,T512.jpg
4654,train,18,T,T2244.jpg
4655,train,18,T,T274.jpg
4656,train,18,T,T260.jpg
4657,train,18,T,T2250.jpg
4658,train,18,T,T1759.jpg
4659,train,18,T,T506.jpg
1025,val,18,T,T1981.jpg
4660,train,18,T,T2278.jpg
4661,train,18,T,T1771.jpg
1026,val,18,T,T248.jpg
4662,train,18,T,T1017.jpg
4663,train,18,T,T1003.jpg
1027,val,18,T,T1765.jpg
4664,train,18,T,T1822.jpg
4665,train,18,T,T2495.jpg
4666,train,18,T,T2481.jpg
4667,train,18,T,T1188.jpg
4668,train,18,T,T1836.jpg
4669,train,18,T,T499.jpg
4670,train,18,T,T466.jpg
4671,train,18,T,T1639.jpg
1028,val,18,T,T2456.jpg
4672,train,18,T,T300.jpg
4673,train,18,T,T314.jpg
4674,train,18,T,T2442.jpg
4675,train,18,T,T472.jpg
4676,train,18,T,T1605.jpg
4677,train,18,T,T1163.jpg
4678,train,18,T,T1177.jpg
1029,val,18,T,T328.jpg
4679,train,18,T,T1611.jpg
4680,train,18,T,T17.jpg
4681,train,18,T,T843.jpg
4682,train,18,T,T857.jpg
1030,val,18,T,T2132.jpg
4683,train,18,T,T664.jpg
4684,train,18,T,T670.jpg
4685,train,18,T,T2126.jpg
4686,train,18,T,T1349.jpg
4687,train,18,T,T1361.jpg
4688,train,18,T,T1407.jpg
4689,train,18,T,T880.jpg
4690,train,18,T,T658.jpg
4691,train,18,T,T894.jpg
4692,train,18,T,T1375.jpg
1031,val,18,T,T882.jpg
4693,train,18,T,T1405.jpg
1032,val,18,T,T1363.jpg
1033,val,18,T,T1377.jpg
4694,train,18,T,T1411.jpg
4695,train,18,T,T896.jpg
4696,train,18,T,T666.jpg
4697,train,18,T,T1439.jpg
1034,val,18,T,T2124.jpg
4698,train,18,T,T672.jpg
4699,train,18,T,T841.jpg
4700,train,18,T,T699.jpg
4701,train,18,T,T855.jpg
4702,train,18,T,T1388.jpg
4703,train,18,T,T869.jpg
4704,train,18,T,T2468.jpg
4705,train,18,T,T1161.jpg
4706,train,18,T,T1607.jpg
4707,train,18,T,T458.jpg
1035,val,18,T,T15.jpg
4708,train,18,T,T1613.jpg
4709,train,18,T,T1175.jpg
4710,train,18,T,T302.jpg
4711,train,18,T,T2454.jpg
1036,val,18,T,T464.jpg
4712,train,18,T,T470.jpg
4713,train,18,T,T29.jpg
4714,train,18,T,T2440.jpg
1037,val,18,T,T316.jpg
4715,train,18,T,T1149.jpg
4716,train,18,T,T1808.jpg
4717,train,18,T,T2497.jpg
4718,train,18,T,T1820.jpg
4719,train,18,T,T1834.jpg
4720,train,18,T,T2.jpg
4721,train,18,T,T2483.jpg
4722,train,18,T,T1015.jpg
4723,train,18,T,T1773.jpg
4724,train,18,T,T538.jpg
4725,train,18,T,T1767.jpg
4726,train,18,T,T1001.jpg
4727,train,18,T,T1029.jpg
4728,train,18,T,T276.jpg
4729,train,18,T,T2246.jpg
1038,val,18,T,T510.jpg
4730,train,18,T,T1997.jpg
4731,train,18,T,T1983.jpg
4732,train,18,T,T504.jpg
4733,train,18,T,T2252.jpg
4734,train,18,T,T262.jpg
1039,val,18,T,T289.jpg
4735,train,18,T,T1968.jpg
4736,train,18,T,T1954.jpg
1040,val,18,T,T2285.jpg
1041,val,18,T,T2291.jpg
1042,val,18,T,T1798.jpg
4737,train,18,T,T1940.jpg
4738,train,18,T,T2078.jpg
4739,train,18,T,T1571.jpg
1043,val,18,T,T1217.jpg
4740,train,18,T,T1203.jpg
4741,train,18,T,T1565.jpg
1044,val,18,T,T712.jpg
4742,train,18,T,T2044.jpg
4743,train,18,T,T2050.jpg
4744,train,18,T,T1559.jpg
4745,train,18,T,T706.jpg
4746,train,18,T,T935.jpg
4747,train,18,T,T921.jpg
4748,train,18,T,T2087.jpg
4749,train,18,T,T909.jpg
4750,train,18,T,T2939.jpg
4751,train,18,T,T2093.jpg
4752,train,18,T,T2092.jpg
4753,train,18,T,T908.jpg
4754,train,18,T,T2086.jpg
4755,train,18,T,T2938.jpg
4756,train,18,T,T920.jpg
1045,val,18,T,T934.jpg
4757,train,18,T,T707.jpg
4758,train,18,T,T1558.jpg
4759,train,18,T,T2051.jpg
4760,train,18,T,T2045.jpg
4761,train,18,T,T713.jpg
1046,val,18,T,T1202.jpg
4762,train,18,T,T1564.jpg
1047,val,18,T,T2079.jpg
4763,train,18,T,T1216.jpg
4764,train,18,T,T1941.jpg
1048,val,18,T,T1799.jpg
4765,train,18,T,T2290.jpg
4766,train,18,T,T2284.jpg
4767,train,18,T,T1955.jpg
4768,train,18,T,T288.jpg
1049,val,18,T,T1969.jpg
4769,train,18,T,T2253.jpg
1050,val,18,T,T505.jpg
1051,val,18,T,T1982.jpg
4770,train,18,T,T263.jpg
1052,val,18,T,T277.jpg
1053,val,18,T,T1028.jpg
1054,val,18,T,T1996.jpg
4771,train,18,T,T511.jpg
4772,train,18,T,T2247.jpg
4773,train,18,T,T1766.jpg
4774,train,18,T,T539.jpg
4775,train,18,T,T1000.jpg
1055,val,18,T,T1014.jpg
4776,train,18,T,T1772.jpg
4777,train,18,T,T1835.jpg
4778,train,18,T,T2482.jpg
4779,train,18,T,T3.jpg
1056,val,18,T,T2496.jpg
4780,train,18,T,T1821.jpg
4781,train,18,T,T1809.jpg
4782,train,18,T,T28.jpg
4783,train,18,T,T471.jpg
4784,train,18,T,T1148.jpg
4785,train,18,T,T317.jpg
1057,val,18,T,T2441.jpg
4786,train,18,T,T2455.jpg
4787,train,18,T,T303.jpg
4788,train,18,T,T465.jpg
4789,train,18,T,T14.jpg
4790,train,18,T,T1174.jpg
4791,train,18,T,T1160.jpg
4792,train,18,T,T2469.jpg
4793,train,18,T,T459.jpg
4794,train,18,T,T1606.jpg
4795,train,18,T,T1389.jpg
4796,train,18,T,T868.jpg
4797,train,18,T,T854.jpg
4798,train,18,T,T698.jpg
4799,train,18,T,T840.jpg
1058,val,18,T,T673.jpg
4800,train,18,T,T2125.jpg
4801,train,18,T,T2131.jpg
4802,train,18,T,T1438.jpg
4803,train,18,T,T667.jpg
4804,train,18,T,T129.jpg
1059,val,18,T,T1376.jpg
4805,train,18,T,T897.jpg
4806,train,18,T,T1410.jpg
4807,train,18,T,T1404.jpg
1060,val,18,T,T883.jpg
4808,train,18,T,T1362.jpg
1061,val,18,T,T663.jpg
4809,train,18,T,T2135.jpg
1062,val,18,T,T677.jpg
1063,val,18,T,T1428.jpg
1064,val,18,T,T1366.jpg
4810,train,18,T,T139.jpg
4811,train,18,T,T2109.jpg
4812,train,18,T,T887.jpg
1065,val,18,T,T1400.jpg
4813,train,18,T,T1414.jpg
4814,train,18,T,T893.jpg
4815,train,18,T,T1372.jpg
4816,train,18,T,T1399.jpg
4817,train,18,T,T878.jpg
4818,train,18,T,T844.jpg
4819,train,18,T,T850.jpg
4820,train,18,T,T688.jpg
4821,train,18,T,T2337.jpg
4822,train,18,T,T38.jpg
4823,train,18,T,T461.jpg
4824,train,18,T,T307.jpg
4825,train,18,T,T1158.jpg
1066,val,18,T,T2451.jpg
4826,train,18,T,T2445.jpg
1067,val,18,T,T313.jpg
4827,train,18,T,T475.jpg
4828,train,18,T,T1602.jpg
4829,train,18,T,T1164.jpg
4830,train,18,T,T1170.jpg
4831,train,18,T,T2479.jpg
4832,train,18,T,T10.jpg
4833,train,18,T,T1616.jpg
4834,train,18,T,T449.jpg
4835,train,18,T,T1825.jpg
4836,train,18,T,T2492.jpg
1068,val,18,T,T7.jpg
4837,train,18,T,T2486.jpg
4838,train,18,T,T1831.jpg
1069,val,18,T,T1819.jpg
4839,train,18,T,T2243.jpg
4840,train,18,T,T515.jpg
4841,train,18,T,T1992.jpg
1070,val,18,T,T273.jpg
1071,val,18,T,T1038.jpg
4842,train,18,T,T267.jpg
4843,train,18,T,T1986.jpg
4844,train,18,T,T501.jpg
4845,train,18,T,T2257.jpg
4846,train,18,T,T529.jpg
4847,train,18,T,T1776.jpg
4848,train,18,T,T1010.jpg
1072,val,18,T,T1004.jpg
4849,train,18,T,T1762.jpg
1073,val,18,T,T1789.jpg
4850,train,18,T,T1951.jpg
4851,train,18,T,T2280.jpg
4852,train,18,T,T1945.jpg
4853,train,18,T,T298.jpg
1074,val,18,T,T1979.jpg
4854,train,18,T,T1548.jpg
4855,train,18,T,T717.jpg
4856,train,18,T,T2041.jpg
4857,train,18,T,T2055.jpg
4858,train,18,T,T703.jpg
4859,train,18,T,T1212.jpg
4860,train,18,T,T1560.jpg
1075,val,18,T,T2069.jpg
4861,train,18,T,T1206.jpg
4862,train,18,T,T2082.jpg
4863,train,18,T,T918.jpg
1076,val,18,T,T2096.jpg
4864,train,18,T,T930.jpg
4865,train,18,T,T924.jpg
1077,val,18,T,T925.jpg
4866,train,18,T,T931.jpg
4867,train,18,T,T2097.jpg
4868,train,18,T,T919.jpg
4869,train,18,T,T2929.jpg
1078,val,18,T,T2083.jpg
4870,train,18,T,T2068.jpg
4871,train,18,T,T1561.jpg
1079,val,18,T,T1207.jpg
4872,train,18,T,T1213.jpg
1080,val,18,T,T702.jpg
1081,val,18,T,T2054.jpg
4873,train,18,T,T2040.jpg
1082,val,18,T,T716.jpg
4874,train,18,T,T1549.jpg
4875,train,18,T,T299.jpg
4876,train,18,T,T1978.jpg
4877,train,18,T,T1944.jpg
4878,train,18,T,T2281.jpg
4879,train,18,T,T1950.jpg
4880,train,18,T,T1788.jpg
4881,train,18,T,T1005.jpg
4882,train,18,T,T1763.jpg
4883,train,18,T,T1777.jpg
4884,train,18,T,T528.jpg
4885,train,18,T,T1011.jpg
4886,train,18,T,T266.jpg
4887,train,18,T,T1039.jpg
4888,train,18,T,T2256.jpg
4889,train,18,T,T500.jpg
1083,val,18,T,T1987.jpg
1084,val,18,T,T1993.jpg
4890,train,18,T,T514.jpg
4891,train,18,T,T2242.jpg
4892,train,18,T,T272.jpg
4893,train,18,T,T1818.jpg
4894,train,18,T,T2487.jpg
4895,train,18,T,T6.jpg
4896,train,18,T,T1830.jpg
1085,val,18,T,T1824.jpg
4897,train,18,T,T2493.jpg
4898,train,18,T,T2478.jpg
4899,train,18,T,T1171.jpg
1086,val,18,T,T448.jpg
4900,train,18,T,T1617.jpg
4901,train,18,T,T11.jpg
4902,train,18,T,T3000.jpg
4903,train,18,T,T1603.jpg
4904,train,18,T,T1165.jpg
4905,train,18,T,T312.jpg
4906,train,18,T,T2444.jpg
4907,train,18,T,T474.jpg
4908,train,18,T,T460.jpg
4909,train,18,T,T39.jpg
4910,train,18,T,T2336.jpg
4911,train,18,T,T2450.jpg
4912,train,18,T,T1159.jpg
4913,train,18,T,T306.jpg
4914,train,18,T,T689.jpg
1087,val,18,T,T851.jpg
4915,train,18,T,T845.jpg
4916,train,18,T,T1398.jpg
4917,train,18,T,T879.jpg
4918,train,18,T,T892.jpg
1088,val,18,T,T1415.jpg
4919,train,18,T,T1373.jpg
4920,train,18,T,T138.jpg
1089,val,18,T,T1367.jpg
1090,val,18,T,T1401.jpg
4921,train,18,T,T886.jpg
4922,train,18,T,T1429.jpg
4923,train,18,T,T676.jpg
1091,val,18,T,T2120.jpg
4924,train,18,T,T2134.jpg
4925,train,18,T,T662.jpg
4926,train,18,T,T674.jpg
4927,train,18,T,T660.jpg
4928,train,18,T,T2136.jpg
4929,train,18,T,T1359.jpg
4930,train,18,T,T1371.jpg
4931,train,18,T,T648.jpg
4932,train,18,T,T890.jpg
4933,train,18,T,T884.jpg
4934,train,18,T,T1403.jpg
4935,train,18,T,T1365.jpg
4936,train,18,T,T853.jpg
4937,train,18,T,T847.jpg
4938,train,18,T,T1629.jpg
4939,train,18,T,T476.jpg
4940,train,18,T,T2446.jpg
4941,train,18,T,T310.jpg
1092,val,18,T,T304.jpg
1093,val,18,T,T2452.jpg
4942,train,18,T,T462.jpg
4943,train,18,T,T13.jpg
4944,train,18,T,T1615.jpg
4945,train,18,T,T1173.jpg
4946,train,18,T,T338.jpg
4947,train,18,T,T1167.jpg
1094,val,18,T,T2308.jpg
4948,train,18,T,T1832.jpg
4949,train,18,T,T4.jpg
4950,train,18,T,T2485.jpg
4951,train,18,T,T2491.jpg
4952,train,18,T,T1198.jpg
4953,train,18,T,T1826.jpg
4954,train,18,T,T489.jpg
4955,train,18,T,T1985.jpg
4956,train,18,T,T502.jpg
1095,val,18,T,T2254.jpg
4957,train,18,T,T264.jpg
4958,train,18,T,T270.jpg
1096,val,18,T,T2240.jpg
4959,train,18,T,T516.jpg
4960,train,18,T,T1991.jpg
1097,val,18,T,T1749.jpg
4961,train,18,T,T2268.jpg
4962,train,18,T,T1761.jpg
4963,train,18,T,T1007.jpg
1098,val,18,T,T258.jpg
4964,train,18,T,T1013.jpg
4965,train,18,T,T1775.jpg
4966,train,18,T,T1946.jpg
4967,train,18,T,T1952.jpg
4968,train,18,T,T2283.jpg
4969,train,18,T,T1239.jpg
1099,val,18,T,T2056.jpg
1100,val,18,T,T700.jpg
1101,val,18,T,T714.jpg
4970,train,18,T,T2042.jpg
4971,train,18,T,T1205.jpg
4972,train,18,T,T1563.jpg
4973,train,18,T,T728.jpg
4974,train,18,T,T1211.jpg
4975,train,18,T,T2095.jpg
4976,train,18,T,T2081.jpg
1102,val,18,T,T927.jpg
4977,train,18,T,T933.jpg
4978,train,18,T,T932.jpg
4979,train,18,T,T926.jpg
4980,train,18,T,T2080.jpg
4981,train,18,T,T2094.jpg
4982,train,18,T,T729.jpg
1103,val,18,T,T1210.jpg
4983,train,18,T,T1204.jpg
4984,train,18,T,T1562.jpg
4985,train,18,T,T2043.jpg
1104,val,18,T,T715.jpg
4986,train,18,T,T1238.jpg
4987,train,18,T,T701.jpg
4988,train,18,T,T2057.jpg
4989,train,18,T,T2282.jpg
4990,train,18,T,T1953.jpg
4991,train,18,T,T1947.jpg
4992,train,18,T,T2296.jpg
1105,val,18,T,T1012.jpg
4993,train,18,T,T1774.jpg
1106,val,18,T,T1760.jpg
4994,train,18,T,T2269.jpg
4995,train,18,T,T259.jpg
4996,train,18,T,T1006.jpg
4997,train,18,T,T271.jpg
4998,train,18,T,T1748.jpg
4999,train,18,T,T1990.jpg
5000,train,18,T,T517.jpg
5001,train,18,T,T2241.jpg
5002,train,18,T,T2255.jpg
5003,train,18,T,T503.jpg
5004,train,18,T,T1984.jpg
5005,train,18,T,T265.jpg
5006,train,18,T,T488.jpg
5007,train,18,T,T1199.jpg
5008,train,18,T,T2490.jpg
5009,train,18,T,T1827.jpg
5010,train,18,T,T1833.jpg
5011,train,18,T,T2484.jpg
5012,train,18,T,T5.jpg
5013,train,18,T,T1166.jpg
5014,train,18,T,T339.jpg
5015,train,18,T,T1614.jpg
5016,train,18,T,T12.jpg
1107,val,18,T,T1172.jpg
5017,train,18,T,T2453.jpg
5018,train,18,T,T305.jpg
5019,train,18,T,T463.jpg
5020,train,18,T,T2335.jpg
5021,train,18,T,T477.jpg
5022,train,18,T,T1628.jpg
5023,train,18,T,T311.jpg
5024,train,18,T,T2447.jpg
1108,val,18,T,T846.jpg
1109,val,18,T,T852.jpg
5025,train,18,T,T1402.jpg
5026,train,18,T,T885.jpg
5027,train,18,T,T1364.jpg
5028,train,18,T,T1370.jpg
5029,train,18,T,T891.jpg
5030,train,18,T,T649.jpg
5031,train,18,T,T2137.jpg
5032,train,18,T,T661.jpg
1110,val,18,T,T1358.jpg
5033,train,18,T,T675.jpg
5034,train,18,T,T2123.jpg
1111,val,18,T,T1317.jpg
5035,train,18,T,T148.jpg
5036,train,18,T,T2178.jpg
5037,train,18,T,T1471.jpg
1112,val,18,T,T1465.jpg
1113,val,18,T,T1303.jpg
5038,train,18,T,T174.jpg
5039,train,18,T,T612.jpg
5040,train,18,T,T2144.jpg
5041,train,18,T,T2150.jpg
5042,train,18,T,T606.jpg
5043,train,18,T,T1459.jpg
1114,val,18,T,T160.jpg
5044,train,18,T,T835.jpg
5045,train,18,T,T821.jpg
5046,train,18,T,T2187.jpg
5047,train,18,T,T809.jpg
5048,train,18,T,T2193.jpg
5049,train,18,T,T1673.jpg
1115,val,18,T,T75.jpg
5050,train,18,T,T1115.jpg
5051,train,18,T,T1101.jpg
5052,train,18,T,T2408.jpg
5053,train,18,T,T61.jpg
5054,train,18,T,T1667.jpg
5055,train,18,T,T438.jpg
1116,val,18,T,T49.jpg
5056,train,18,T,T1897.jpg
5057,train,18,T,T410.jpg
5058,train,18,T,T376.jpg
5059,train,18,T,T1129.jpg
5060,train,18,T,T2420.jpg
5061,train,18,T,T2434.jpg
5062,train,18,T,T362.jpg
5063,train,18,T,T404.jpg
1117,val,18,T,T1883.jpg
5064,train,18,T,T2352.jpg
5065,train,18,T,T1868.jpg
5066,train,18,T,T389.jpg
5067,train,18,T,T1854.jpg
5068,train,18,T,T1840.jpg
5069,train,18,T,T1698.jpg
1118,val,18,T,T558.jpg
5070,train,18,T,T1707.jpg
5071,train,18,T,T1061.jpg
5072,train,18,T,T1075.jpg
5073,train,18,T,T1713.jpg
5074,train,18,T,T2232.jpg
5075,train,18,T,T564.jpg
5076,train,18,T,T202.jpg
1119,val,18,T,T1049.jpg
5077,train,18,T,T216.jpg
1120,val,18,T,T570.jpg
5078,train,18,T,T2226.jpg
5079,train,18,T,T1908.jpg
1121,val,18,T,T1920.jpg
5080,train,18,T,T1934.jpg
5081,train,18,T,T1263.jpg
5082,train,18,T,T1505.jpg
5083,train,18,T,T982.jpg
5084,train,18,T,T996.jpg
5085,train,18,T,T1511.jpg
5086,train,18,T,T2018.jpg
5087,train,18,T,T1277.jpg
5088,train,18,T,T766.jpg
5089,train,18,T,T2030.jpg
5090,train,18,T,T2024.jpg
5091,train,18,T,T772.jpg
5092,train,18,T,T2971.jpg
5093,train,18,T,T799.jpg
5094,train,18,T,T941.jpg
5095,train,18,T,T955.jpg
5096,train,18,T,T2965.jpg
1122,val,18,T,T969.jpg
5097,train,18,T,T2959.jpg
5098,train,18,T,T1288.jpg
5099,train,18,T,T968.jpg
5100,train,18,T,T1289.jpg
1123,val,18,T,T2958.jpg
5101,train,18,T,T954.jpg
5102,train,18,T,T2964.jpg
5103,train,18,T,T2970.jpg
5104,train,18,T,T940.jpg
1124,val,18,T,T798.jpg
5105,train,18,T,T773.jpg
5106,train,18,T,T2025.jpg
5107,train,18,T,T2031.jpg
5108,train,18,T,T767.jpg
5109,train,18,T,T1538.jpg
1125,val,18,T,T2019.jpg
5110,train,18,T,T1510.jpg
1126,val,18,T,T1276.jpg
5111,train,18,T,T1262.jpg
1127,val,18,T,T983.jpg
5112,train,18,T,T1504.jpg
5113,train,18,T,T1935.jpg
5114,train,18,T,T1921.jpg
5115,train,18,T,T1909.jpg
5116,train,18,T,T217.jpg
5117,train,18,T,T1048.jpg
5118,train,18,T,T2227.jpg
5119,train,18,T,T571.jpg
1128,val,18,T,T565.jpg
5120,train,18,T,T2233.jpg
5121,train,18,T,T203.jpg
5122,train,18,T,T1074.jpg
5123,train,18,T,T1712.jpg
5124,train,18,T,T1706.jpg
5125,train,18,T,T559.jpg
5126,train,18,T,T1060.jpg
5127,train,18,T,T1699.jpg
5128,train,18,T,T1841.jpg
5129,train,18,T,T1855.jpg
5130,train,18,T,T1869.jpg
5131,train,18,T,T388.jpg
5132,train,18,T,T363.jpg
5133,train,18,T,T2435.jpg
5134,train,18,T,T2353.jpg
1129,val,18,T,T1882.jpg
5135,train,18,T,T405.jpg
5136,train,18,T,T411.jpg
5137,train,18,T,T1896.jpg
5138,train,18,T,T48.jpg
5139,train,18,T,T2421.jpg
5140,train,18,T,T1128.jpg
5141,train,18,T,T377.jpg
5142,train,18,T,T1100.jpg
5143,train,18,T,T439.jpg
5144,train,18,T,T1666.jpg
5145,train,18,T,T60.jpg
5146,train,18,T,T74.jpg
5147,train,18,T,T1672.jpg
5148,train,18,T,T1114.jpg
5149,train,18,T,T2192.jpg
5150,train,18,T,T808.jpg
5151,train,18,T,T2186.jpg
1130,val,18,T,T820.jpg
1131,val,18,T,T834.jpg
1132,val,18,T,T1458.jpg
5152,train,18,T,T607.jpg
5153,train,18,T,T2151.jpg
5154,train,18,T,T161.jpg
5155,train,18,T,T175.jpg
5156,train,18,T,T2145.jpg
5157,train,18,T,T613.jpg
5158,train,18,T,T1464.jpg
5159,train,18,T,T1302.jpg
5160,train,18,T,T149.jpg
5161,train,18,T,T1316.jpg
1133,val,18,T,T1470.jpg
5162,train,18,T,T2179.jpg
1134,val,18,T,T1300.jpg
5163,train,18,T,T639.jpg
5164,train,18,T,T1466.jpg
5165,train,18,T,T1472.jpg
1135,val,18,T,T1314.jpg
5166,train,18,T,T163.jpg
5167,train,18,T,T2153.jpg
5168,train,18,T,T605.jpg
5169,train,18,T,T611.jpg
5170,train,18,T,T2147.jpg
5171,train,18,T,T1328.jpg
5172,train,18,T,T177.jpg
1136,val,18,T,T822.jpg
5173,train,18,T,T836.jpg
5174,train,18,T,T188.jpg
5175,train,18,T,T1499.jpg
5176,train,18,T,T2190.jpg
5177,train,18,T,T2184.jpg
5178,train,18,T,T62.jpg
5179,train,18,T,T1664.jpg
5180,train,18,T,T1102.jpg
5181,train,18,T,T349.jpg
1137,val,18,T,T1116.jpg
5182,train,18,T,T1670.jpg
5183,train,18,T,T76.jpg
5184,train,18,T,T1658.jpg
5185,train,18,T,T407.jpg
5186,train,18,T,T1880.jpg
1138,val,18,T,T2351.jpg
5187,train,18,T,T2437.jpg
1139,val,18,T,T361.jpg
5188,train,18,T,T375.jpg
5189,train,18,T,T2423.jpg
1140,val,18,T,T1894.jpg
5190,train,18,T,T413.jpg
5191,train,18,T,T1843.jpg
5192,train,18,T,T1857.jpg
5193,train,18,T,T2219.jpg
5194,train,18,T,T1710.jpg
5195,train,18,T,T1076.jpg
1141,val,18,T,T229.jpg
5196,train,18,T,T1062.jpg
1142,val,18,T,T1704.jpg
5197,train,18,T,T573.jpg
5198,train,18,T,T2225.jpg
5199,train,18,T,T215.jpg
5200,train,18,T,T201.jpg
5201,train,18,T,T2231.jpg
5202,train,18,T,T567.jpg
5203,train,18,T,T1738.jpg
5204,train,18,T,T598.jpg
5205,train,18,T,T1937.jpg
5206,train,18,T,T1089.jpg
5207,train,18,T,T1923.jpg
5208,train,18,T,T1274.jpg
1143,val,18,T,T995.jpg
1144,val,18,T,T1512.jpg
5209,train,18,T,T1506.jpg
5210,train,18,T,T981.jpg
5211,train,18,T,T759.jpg
1145,val,18,T,T1260.jpg
5212,train,18,T,T1248.jpg
5213,train,18,T,T2999.jpg
5214,train,18,T,T2027.jpg
5215,train,18,T,T771.jpg
5216,train,18,T,T765.jpg
5217,train,18,T,T2033.jpg
5218,train,18,T,T2966.jpg
5219,train,18,T,T956.jpg
5220,train,18,T,T942.jpg
5221,train,18,T,T2972.jpg
5222,train,18,T,T943.jpg
5223,train,18,T,T2973.jpg
5224,train,18,T,T2967.jpg
5225,train,18,T,T957.jpg
1146,val,18,T,T2032.jpg
5226,train,18,T,T764.jpg
5227,train,18,T,T2998.jpg
5228,train,18,T,T1249.jpg
5229,train,18,T,T770.jpg
5230,train,18,T,T2026.jpg
5231,train,18,T,T758.jpg
5232,train,18,T,T980.jpg
5233,train,18,T,T1507.jpg
5234,train,18,T,T1261.jpg
5235,train,18,T,T1275.jpg
5236,train,18,T,T1513.jpg
5237,train,18,T,T994.jpg
5238,train,18,T,T1922.jpg
5239,train,18,T,T1936.jpg
5240,train,18,T,T1088.jpg
5241,train,18,T,T599.jpg
5242,train,18,T,T200.jpg
5243,train,18,T,T1739.jpg
1147,val,18,T,T566.jpg
5244,train,18,T,T2230.jpg
1148,val,18,T,T2224.jpg
5245,train,18,T,T572.jpg
5246,train,18,T,T214.jpg
5247,train,18,T,T1063.jpg
1149,val,18,T,T1705.jpg
5248,train,18,T,T1711.jpg
5249,train,18,T,T2218.jpg
1150,val,18,T,T228.jpg
5250,train,18,T,T1077.jpg
5251,train,18,T,T88.jpg
5252,train,18,T,T1856.jpg
5253,train,18,T,T1842.jpg
5254,train,18,T,T2422.jpg
5255,train,18,T,T374.jpg
1151,val,18,T,T412.jpg
5256,train,18,T,T1895.jpg
5257,train,18,T,T1881.jpg
5258,train,18,T,T406.jpg
5259,train,18,T,T1659.jpg
1152,val,18,T,T360.jpg
5260,train,18,T,T2436.jpg
5261,train,18,T,T1117.jpg
5262,train,18,T,T348.jpg
5263,train,18,T,T1671.jpg
5264,train,18,T,T1665.jpg
5265,train,18,T,T63.jpg
5266,train,18,T,T1103.jpg
5267,train,18,T,T2185.jpg
5268,train,18,T,T2191.jpg
5269,train,18,T,T1498.jpg
1153,val,18,T,T837.jpg
5270,train,18,T,T189.jpg
5271,train,18,T,T823.jpg
5272,train,18,T,T2146.jpg
1154,val,18,T,T610.jpg
5273,train,18,T,T176.jpg
5274,train,18,T,T1329.jpg
1155,val,18,T,T162.jpg
5275,train,18,T,T604.jpg
1156,val,18,T,T2152.jpg
5276,train,18,T,T1473.jpg
1157,val,18,T,T1315.jpg
5277,train,18,T,T1301.jpg
1158,val,18,T,T1467.jpg
1159,val,18,T,T638.jpg
5278,train,18,T,T2156.jpg
5279,train,18,T,T600.jpg
5280,train,18,T,T1339.jpg
5281,train,18,T,T166.jpg
5282,train,18,T,T172.jpg
5283,train,18,T,T614.jpg
5284,train,18,T,T2142.jpg
1160,val,18,T,T1463.jpg
5285,train,18,T,T1305.jpg
5286,train,18,T,T1311.jpg
5287,train,18,T,T628.jpg
5288,train,18,T,T1477.jpg
5289,train,18,T,T2195.jpg
5290,train,18,T,T2181.jpg
5291,train,18,T,T1488.jpg
5292,train,18,T,T827.jpg
5293,train,18,T,T199.jpg
5294,train,18,T,T833.jpg
5295,train,18,T,T2432.jpg
5296,train,18,T,T364.jpg
5297,train,18,T,T402.jpg
5298,train,18,T,T1885.jpg
1161,val,18,T,T2354.jpg
5299,train,18,T,T1649.jpg
5300,train,18,T,T1891.jpg
5301,train,18,T,T416.jpg
5302,train,18,T,T370.jpg
5303,train,18,T,T2426.jpg
1162,val,18,T,T358.jpg
5304,train,18,T,T1107.jpg
5305,train,18,T,T2368.jpg
5306,train,18,T,T67.jpg
5307,train,18,T,T1661.jpg
5308,train,18,T,T1675.jpg
5309,train,18,T,T73.jpg
1163,val,18,T,T1113.jpg
5310,train,18,T,T1846.jpg
5311,train,18,T,T1852.jpg
5312,train,18,T,T210.jpg
5313,train,18,T,T576.jpg
5314,train,18,T,T1729.jpg
1164,val,18,T,T2220.jpg
5315,train,18,T,T2234.jpg
5316,train,18,T,T562.jpg
5317,train,18,T,T204.jpg
5318,train,18,T,T1073.jpg
5319,train,18,T,T1715.jpg
5320,train,18,T,T1701.jpg
1165,val,18,T,T2208.jpg
5321,train,18,T,T1067.jpg
5322,train,18,T,T238.jpg
5323,train,18,T,T1932.jpg
5324,train,18,T,T1926.jpg
5325,train,18,T,T1098.jpg
5326,train,18,T,T589.jpg
5327,train,18,T,T2022.jpg
5328,train,18,T,T774.jpg
5329,train,18,T,T2988.jpg
5330,train,18,T,T1259.jpg
5331,train,18,T,T760.jpg
5332,train,18,T,T2036.jpg
5333,train,18,T,T990.jpg
5334,train,18,T,T1517.jpg
5335,train,18,T,T748.jpg
5336,train,18,T,T1271.jpg
5337,train,18,T,T1265.jpg
5338,train,18,T,T1503.jpg
5339,train,18,T,T984.jpg
1166,val,18,T,T953.jpg
5340,train,18,T,T2963.jpg
5341,train,18,T,T2977.jpg
5342,train,18,T,T947.jpg
5343,train,18,T,T2976.jpg
5344,train,18,T,T946.jpg
5345,train,18,T,T952.jpg
5346,train,18,T,T2962.jpg
5347,train,18,T,T1264.jpg
5348,train,18,T,T985.jpg
5349,train,18,T,T1502.jpg
1167,val,18,T,T749.jpg
5350,train,18,T,T1516.jpg
1168,val,18,T,T991.jpg
1169,val,18,T,T1270.jpg
5351,train,18,T,T1258.jpg
5352,train,18,T,T2989.jpg
5353,train,18,T,T2037.jpg
5354,train,18,T,T761.jpg
1170,val,18,T,T775.jpg
5355,train,18,T,T2023.jpg
5356,train,18,T,T588.jpg
1171,val,18,T,T1927.jpg
5357,train,18,T,T1099.jpg
5358,train,18,T,T1933.jpg
5359,train,18,T,T2209.jpg
5360,train,18,T,T1700.jpg
1172,val,18,T,T239.jpg
1173,val,18,T,T1066.jpg
5361,train,18,T,T1072.jpg
5362,train,18,T,T1714.jpg
1174,val,18,T,T563.jpg
5363,train,18,T,T2235.jpg
1175,val,18,T,T205.jpg
5364,train,18,T,T211.jpg
5365,train,18,T,T2221.jpg
5366,train,18,T,T1728.jpg
5367,train,18,T,T577.jpg
5368,train,18,T,T1853.jpg
5369,train,18,T,T1847.jpg
5370,train,18,T,T72.jpg
5371,train,18,T,T1674.jpg
5372,train,18,T,T1112.jpg
5373,train,18,T,T1106.jpg
5374,train,18,T,T359.jpg
5375,train,18,T,T1660.jpg
5376,train,18,T,T66.jpg
5377,train,18,T,T2369.jpg
5378,train,18,T,T417.jpg
5379,train,18,T,T1890.jpg
5380,train,18,T,T1648.jpg
5381,train,18,T,T2427.jpg
5382,train,18,T,T371.jpg
1176,val,18,T,T365.jpg
5383,train,18,T,T2433.jpg
5384,train,18,T,T2355.jpg
1177,val,18,T,T1884.jpg
5385,train,18,T,T403.jpg
5386,train,18,T,T832.jpg
1178,val,18,T,T826.jpg
5387,train,18,T,T198.jpg
5388,train,18,T,T1489.jpg
5389,train,18,T,T2180.jpg
5390,train,18,T,T2194.jpg
1179,val,18,T,T1310.jpg
5391,train,18,T,T1476.jpg
5392,train,18,T,T629.jpg
5393,train,18,T,T1462.jpg
5394,train,18,T,T1304.jpg
5395,train,18,T,T173.jpg
1180,val,18,T,T2143.jpg
5396,train,18,T,T615.jpg
1181,val,18,T,T601.jpg
5397,train,18,T,T2157.jpg
5398,train,18,T,T167.jpg
5399,train,18,T,T1338.jpg
5400,train,18,T,T617.jpg
5401,train,18,T,T1448.jpg
5402,train,18,T,T2141.jpg
5403,train,18,T,T171.jpg
1182,val,18,T,T165.jpg
5404,train,18,T,T2155.jpg
5405,train,18,T,T603.jpg
5406,train,18,T,T1474.jpg
5407,train,18,T,T1312.jpg
5408,train,17,S,S122.jpg
5409,train,17,S,S644.jpg
5410,train,17,S,S1693.jpg
5411,train,17,S,S888.jpg
1183,val,17,S,S650.jpg
1184,val,17,S,S1687.jpg
5412,train,17,S,S136.jpg
1185,val,17,S,S1877.jpg
5413,train,17,S,S678.jpg
5414,train,17,S,S1863.jpg
5415,train,17,S,S1136.jpg
5416,train,17,S,S687.jpg
5417,train,17,S,S1650.jpg
5418,train,17,S,S1888.jpg
5419,train,17,S,S2359.jpg
5420,train,17,S,S693.jpg
1186,val,17,S,S1644.jpg
1187,val,17,S,S1122.jpg
5421,train,17,S,S2403.jpg
1188,val,17,S,S2365.jpg
5422,train,17,S,S863.jpg
5423,train,17,S,S1678.jpg
5424,train,17,S,S877.jpg
5425,train,17,S,S2371.jpg
5426,train,17,S,S2417.jpg
1189,val,17,S,S1491.jpg
1190,val,17,S,S446.jpg
1191,val,17,S,S70.jpg
5427,train,17,S,S2198.jpg
5428,train,17,S,S2826.jpg
5429,train,17,S,S320.jpg
5430,train,17,S,S334.jpg
5431,train,17,S,S2832.jpg
5432,train,17,S,S64.jpg
5433,train,17,S,S1485.jpg
5434,train,17,S,S452.jpg
5435,train,17,S,S308.jpg
1192,val,17,S,S58.jpg
5436,train,17,S,S1452.jpg
5437,train,17,S,S485.jpg
5438,train,17,S,S1334.jpg
5439,train,17,S,S2629.jpg
5440,train,17,S,S1320.jpg
5441,train,17,S,S1446.jpg
5442,train,17,S,S491.jpg
5443,train,17,S,S2167.jpg
1193,val,17,S,S2601.jpg
5444,train,17,S,S1308.jpg
5445,train,17,S,S2173.jpg
5446,train,17,S,S1283.jpg
5447,train,17,S,S254.jpg
1194,val,17,S,S1297.jpg
5448,train,17,S,S240.jpg
1195,val,17,S,S268.jpg
5449,train,17,S,S1526.jpg
5450,train,17,S,S1240.jpg
5451,train,17,S,S297.jpg
5452,train,17,S,S2749.jpg
5453,train,17,S,S1254.jpg
5454,train,17,S,S283.jpg
5455,train,17,S,S1532.jpg
5456,train,17,S,S2775.jpg
1196,val,17,S,S1268.jpg
5457,train,17,S,S2761.jpg
1197,val,17,S,S2007.jpg
5458,train,17,S,S1081.jpg
5459,train,17,S,S730.jpg
5460,train,17,S,S724.jpg
5461,train,17,S,S1095.jpg
5462,train,17,S,S1903.jpg
5463,train,17,S,S718.jpg
5464,train,17,S,S1917.jpg
5465,train,17,S,S1042.jpg
5466,train,17,S,S1724.jpg
5467,train,17,S,S1730.jpg
5468,train,17,S,S1056.jpg
5469,train,17,S,S2211.jpg
1198,val,17,S,S917.jpg
1199,val,17,S,S1718.jpg
5470,train,17,S,S903.jpg
5471,train,17,S,S2205.jpg
1200,val,17,S,S2204.jpg
1201,val,17,S,S902.jpg
5472,train,17,S,S1719.jpg
1202,val,17,S,S916.jpg
5473,train,17,S,S2210.jpg
5474,train,17,S,S1731.jpg
1203,val,17,S,S1057.jpg
5475,train,17,S,S1043.jpg
5476,train,17,S,S1725.jpg
1204,val,17,S,S1916.jpg
1205,val,17,S,S719.jpg
5477,train,17,S,S1902.jpg
5478,train,17,S,S725.jpg
5479,train,17,S,S1094.jpg
5480,train,17,S,S1080.jpg
5481,train,17,S,S731.jpg
5482,train,17,S,S2760.jpg
5483,train,17,S,S1269.jpg
5484,train,17,S,S2006.jpg
5485,train,17,S,S2774.jpg
1206,val,17,S,S282.jpg
5486,train,17,S,S1255.jpg
1207,val,17,S,S1533.jpg
5487,train,17,S,S1527.jpg
5488,train,17,S,S2748.jpg
1208,val,17,S,S296.jpg
1209,val,17,S,S1241.jpg
5489,train,17,S,S269.jpg
5490,train,17,S,S241.jpg
1210,val,17,S,S1296.jpg
5491,train,17,S,S255.jpg
5492,train,17,S,S1282.jpg
1211,val,17,S,S1309.jpg
1212,val,17,S,S2600.jpg
1213,val,17,S,S1321.jpg
5493,train,17,S,S2628.jpg
5494,train,17,S,S490.jpg
5495,train,17,S,S1447.jpg
1214,val,17,S,S484.jpg
5496,train,17,S,S1453.jpg
5497,train,17,S,S1335.jpg
5498,train,17,S,S309.jpg
5499,train,17,S,S59.jpg
5500,train,17,S,S2833.jpg
5501,train,17,S,S335.jpg
5502,train,17,S,S453.jpg
5503,train,17,S,S1484.jpg
1215,val,17,S,S65.jpg
5504,train,17,S,S2199.jpg
1216,val,17,S,S71.jpg
5505,train,17,S,S447.jpg
5506,train,17,S,S1490.jpg
5507,train,17,S,S321.jpg
1217,val,17,S,S2827.jpg
5508,train,17,S,S2370.jpg
5509,train,17,S,S876.jpg
5510,train,17,S,S1679.jpg
5511,train,17,S,S2416.jpg
5512,train,17,S,S2402.jpg
5513,train,17,S,S862.jpg
5514,train,17,S,S2364.jpg
5515,train,17,S,S1645.jpg
5516,train,17,S,S692.jpg
5517,train,17,S,S1123.jpg
1218,val,17,S,S1137.jpg
5518,train,17,S,S2358.jpg
1219,val,17,S,S1889.jpg
1220,val,17,S,S1651.jpg
1221,val,17,S,S686.jpg
5519,train,17,S,S1862.jpg
5520,train,17,S,S679.jpg
5521,train,17,S,S1876.jpg
5522,train,17,S,S1686.jpg
5523,train,17,S,S651.jpg
5524,train,17,S,S889.jpg
5525,train,17,S,S137.jpg
1222,val,17,S,S123.jpg
5526,train,17,S,S1692.jpg
5527,train,17,S,S645.jpg
5528,train,17,S,S135.jpg
1223,val,17,S,S1684.jpg
1224,val,17,S,S653.jpg
5529,train,17,S,S2399.jpg
5530,train,17,S,S1848.jpg
5531,train,17,S,S1690.jpg
5532,train,17,S,S647.jpg
1225,val,17,S,S121.jpg
5533,train,17,S,S109.jpg
1226,val,17,S,S1860.jpg
5534,train,17,S,S1874.jpg
5535,train,17,S,S1121.jpg
1227,val,17,S,S2428.jpg
5536,train,17,S,S1647.jpg
5537,train,17,S,S690.jpg
5538,train,17,S,S848.jpg
5539,train,17,S,S1653.jpg
5540,train,17,S,S684.jpg
5541,train,17,S,S1135.jpg
1228,val,17,S,S2414.jpg
5542,train,17,S,S874.jpg
5543,train,17,S,S2372.jpg
5544,train,17,S,S2366.jpg
5545,train,17,S,S860.jpg
1229,val,17,S,S1109.jpg
5546,train,17,S,S2400.jpg
5547,train,17,S,S67.jpg
5548,train,17,S,S451.jpg
5549,train,17,S,S1486.jpg
5550,train,17,S,S337.jpg
5551,train,17,S,S2831.jpg
5552,train,17,S,S2825.jpg
5553,train,17,S,S323.jpg
5554,train,17,S,S445.jpg
5555,train,17,S,S1492.jpg
5556,train,17,S,S73.jpg
5557,train,17,S,S2819.jpg
5558,train,17,S,S479.jpg
5559,train,17,S,S492.jpg
5560,train,17,S,S1445.jpg
1230,val,17,S,S1323.jpg
5561,train,17,S,S1337.jpg
5562,train,17,S,S2158.jpg
5563,train,17,S,S486.jpg
5564,train,17,S,S1451.jpg
5565,train,17,S,S2170.jpg
1231,val,17,S,S98.jpg
5566,train,17,S,S1479.jpg
5567,train,17,S,S2164.jpg
5568,train,17,S,S243.jpg
5569,train,17,S,S1294.jpg
5570,train,17,S,S2789.jpg
1232,val,17,S,S257.jpg
5571,train,17,S,S1280.jpg
5572,train,17,S,S2038.jpg
1233,val,17,S,S280.jpg
5573,train,17,S,S1257.jpg
5574,train,17,S,S294.jpg
1234,val,17,S,S1243.jpg
1235,val,17,S,S1525.jpg
5575,train,17,S,S2762.jpg
1236,val,17,S,S2776.jpg
5576,train,17,S,S1519.jpg
5577,train,17,S,S1096.jpg
1237,val,17,S,S727.jpg
5578,train,17,S,S1928.jpg
5579,train,17,S,S733.jpg
1238,val,17,S,S1082.jpg
1239,val,17,S,S1914.jpg
5580,train,17,S,S1900.jpg
5581,train,17,S,S1055.jpg
5582,train,17,S,S1733.jpg
5583,train,17,S,S928.jpg
1240,val,17,S,S1727.jpg
1241,val,17,S,S1041.jpg
5584,train,17,S,S1069.jpg
5585,train,17,S,S900.jpg
5586,train,17,S,S2206.jpg
1242,val,17,S,S2212.jpg
5587,train,17,S,S914.jpg
5588,train,17,S,S915.jpg
5589,train,17,S,S2213.jpg
5590,train,17,S,S1068.jpg
1243,val,17,S,S2207.jpg
1244,val,17,S,S901.jpg
5591,train,17,S,S1726.jpg
5592,train,17,S,S929.jpg
5593,train,17,S,S1040.jpg
5594,train,17,S,S1054.jpg
5595,train,17,S,S1732.jpg
5596,train,17,S,S1901.jpg
5597,train,17,S,S1915.jpg
5598,train,17,S,S732.jpg
5599,train,17,S,S1083.jpg
5600,train,17,S,S1097.jpg
5601,train,17,S,S1929.jpg
5602,train,17,S,S726.jpg
5603,train,17,S,S2777.jpg
1245,val,17,S,S1518.jpg
5604,train,17,S,S2005.jpg
5605,train,17,S,S2763.jpg
5606,train,17,S,S1242.jpg
5607,train,17,S,S295.jpg
1246,val,17,S,S1524.jpg
5608,train,17,S,S2039.jpg
5609,train,17,S,S1530.jpg
5610,train,17,S,S1256.jpg
5611,train,17,S,S281.jpg
1247,val,17,S,S1281.jpg
5612,train,17,S,S256.jpg
5613,train,17,S,S2788.jpg
5614,train,17,S,S1295.jpg
1248,val,17,S,S242.jpg
5615,train,17,S,S2603.jpg
5616,train,17,S,S2165.jpg
5617,train,17,S,S1478.jpg
5618,train,17,S,S99.jpg
5619,train,17,S,S2171.jpg
5620,train,17,S,S1336.jpg
1249,val,17,S,S1450.jpg
5621,train,17,S,S487.jpg
5622,train,17,S,S2159.jpg
5623,train,17,S,S1444.jpg
5624,train,17,S,S493.jpg
5625,train,17,S,S1322.jpg
5626,train,17,S,S2818.jpg
5627,train,17,S,S478.jpg
5628,train,17,S,S322.jpg
1250,val,17,S,S2824.jpg
5629,train,17,S,S72.jpg
5630,train,17,S,S1493.jpg
5631,train,17,S,S444.jpg
5632,train,17,S,S1487.jpg
5633,train,17,S,S450.jpg
1251,val,17,S,S66.jpg
5634,train,17,S,S2830.jpg
5635,train,17,S,S336.jpg
5636,train,17,S,S861.jpg
5637,train,17,S,S2367.jpg
1252,val,17,S,S2401.jpg
5638,train,17,S,S1108.jpg
5639,train,17,S,S2415.jpg
5640,train,17,S,S2373.jpg
5641,train,17,S,S875.jpg
5642,train,17,S,S685.jpg
1253,val,17,S,S1652.jpg
5643,train,17,S,S1134.jpg
5644,train,17,S,S2429.jpg
5645,train,17,S,S1120.jpg
5646,train,17,S,S849.jpg
5647,train,17,S,S691.jpg
5648,train,17,S,S1646.jpg
5649,train,17,S,S1875.jpg
1254,val,17,S,S108.jpg
5650,train,17,S,S1861.jpg
5651,train,17,S,S646.jpg
5652,train,17,S,S1691.jpg
5653,train,17,S,S1849.jpg
1255,val,17,S,S2398.jpg
5654,train,17,S,S120.jpg
5655,train,17,S,S134.jpg
5656,train,17,S,S652.jpg
5657,train,17,S,S1685.jpg
1256,val,17,S,S1865.jpg
5658,train,17,S,S118.jpg
5659,train,17,S,S1871.jpg
5660,train,17,S,S1859.jpg
5661,train,17,S,S1681.jpg
5662,train,17,S,S656.jpg
5663,train,17,S,S2388.jpg
5664,train,17,S,S130.jpg
5665,train,17,S,S124.jpg
5666,train,17,S,S1695.jpg
5667,train,17,S,S642.jpg
5668,train,17,S,S871.jpg
5669,train,17,S,S2377.jpg
5670,train,17,S,S2411.jpg
5671,train,17,S,S1118.jpg
5672,train,17,S,S2405.jpg
5673,train,17,S,S2363.jpg
5674,train,17,S,S865.jpg
5675,train,17,S,S1642.jpg
5676,train,17,S,S695.jpg
1257,val,17,S,S1124.jpg
5677,train,17,S,S2439.jpg
5678,train,17,S,S1130.jpg
5679,train,17,S,S1656.jpg
5680,train,17,S,S681.jpg
5681,train,17,S,S859.jpg
1258,val,17,S,S2808.jpg
5682,train,17,S,S468.jpg
5683,train,17,S,S332.jpg
1259,val,17,S,S2834.jpg
5684,train,17,S,S62.jpg
5685,train,17,S,S454.jpg
5686,train,17,S,S1483.jpg
1260,val,17,S,S440.jpg
5687,train,17,S,S1497.jpg
5688,train,17,S,S76.jpg
1261,val,17,S,S2820.jpg
5689,train,17,S,S326.jpg
5690,train,17,S,S2175.jpg
1262,val,17,S,S1468.jpg
5691,train,17,S,S2161.jpg
5692,train,17,S,S89.jpg
5693,train,17,S,S1326.jpg
1263,val,17,S,S497.jpg
1264,val,17,S,S1440.jpg
5694,train,17,S,S2149.jpg
5695,train,17,S,S483.jpg
1265,val,17,S,S1454.jpg
5696,train,17,S,S1332.jpg
5697,train,17,S,S246.jpg
1266,val,17,S,S1291.jpg
5698,train,17,S,S2798.jpg
5699,train,17,S,S252.jpg
5700,train,17,S,S1285.jpg
5701,train,17,S,S2767.jpg
5702,train,17,S,S2001.jpg
5703,train,17,S,S1508.jpg
5704,train,17,S,S2773.jpg
5705,train,17,S,S285.jpg
1267,val,17,S,S1252.jpg
1268,val,17,S,S1534.jpg
5706,train,17,S,S2029.jpg
5707,train,17,S,S1520.jpg
5708,train,17,S,S291.jpg
5709,train,17,S,S1246.jpg
5710,train,17,S,S1911.jpg
1269,val,17,S,S1905.jpg
5711,train,17,S,S722.jpg
1270,val,17,S,S1093.jpg
5712,train,17,S,S1087.jpg
5713,train,17,S,S736.jpg
1271,val,17,S,S1939.jpg
5714,train,17,S,S905.jpg
1272,val,17,S,S2203.jpg
5715,train,17,S,S1078.jpg
5716,train,17,S,S2217.jpg
5717,train,17,S,S911.jpg
1273,val,17,S,S939.jpg
5718,train,17,S,S1736.jpg
5719,train,17,S,S1050.jpg
5720,train,17,S,S1044.jpg
5721,train,17,S,S1722.jpg
5722,train,17,S,S1045.jpg
5723,train,17,S,S1723.jpg
5724,train,17,S,S1737.jpg
5725,train,17,S,S938.jpg
5726,train,17,S,S1051.jpg
5727,train,17,S,S1079.jpg
1274,val,17,S,S910.jpg
5728,train,17,S,S2216.jpg
1275,val,17,S,S2202.jpg
5729,train,17,S,S904.jpg
1276,val,17,S,S1086.jpg
5730,train,17,S,S1938.jpg
5731,train,17,S,S737.jpg
5732,train,17,S,S723.jpg
5733,train,17,S,S1092.jpg
5734,train,17,S,S1904.jpg
5735,train,17,S,S1910.jpg
1277,val,17,S,S1521.jpg
5736,train,17,S,S2028.jpg
1278,val,17,S,S1247.jpg
5737,train,17,S,S290.jpg
1279,val,17,S,S1253.jpg
5738,train,17,S,S284.jpg
5739,train,17,S,S1535.jpg
5740,train,17,S,S2772.jpg
5741,train,17,S,S2766.jpg
5742,train,17,S,S1509.jpg
5743,train,17,S,S2000.jpg
5744,train,17,S,S1284.jpg
5745,train,17,S,S253.jpg
1280,val,17,S,S2799.jpg
1281,val,17,S,S1290.jpg
1282,val,17,S,S247.jpg
1283,val,17,S,S1455.jpg
5746,train,17,S,S482.jpg
5747,train,17,S,S1333.jpg
5748,train,17,S,S1327.jpg
5749,train,17,S,S1441.jpg
1284,val,17,S,S496.jpg
5750,train,17,S,S88.jpg
1285,val,17,S,S2160.jpg
5751,train,17,S,S1469.jpg
5752,train,17,S,S2612.jpg
5753,train,17,S,S2174.jpg
5754,train,17,S,S77.jpg
5755,train,17,S,S1496.jpg
5756,train,17,S,S441.jpg
5757,train,17,S,S327.jpg
1286,val,17,S,S2821.jpg
5758,train,17,S,S2835.jpg
5759,train,17,S,S333.jpg
5760,train,17,S,S1482.jpg
5761,train,17,S,S455.jpg
5762,train,17,S,S63.jpg
5763,train,17,S,S2809.jpg
5764,train,17,S,S469.jpg
5765,train,17,S,S1131.jpg
1287,val,17,S,S2438.jpg
1288,val,17,S,S858.jpg
5766,train,17,S,S680.jpg
5767,train,17,S,S1657.jpg
5768,train,17,S,S694.jpg
5769,train,17,S,S1643.jpg
5770,train,17,S,S1125.jpg
5771,train,17,S,S2404.jpg
1289,val,17,S,S864.jpg
5772,train,17,S,S2362.jpg
1290,val,17,S,S2376.jpg
5773,train,17,S,S870.jpg
5774,train,17,S,S1119.jpg
5775,train,17,S,S2410.jpg
5776,train,17,S,S125.jpg
5777,train,17,S,S643.jpg
5778,train,17,S,S1694.jpg
5779,train,17,S,S2389.jpg
5780,train,17,S,S657.jpg
5781,train,17,S,S1680.jpg
5782,train,17,S,S1858.jpg
5783,train,17,S,S131.jpg
5784,train,17,S,S119.jpg
5785,train,17,S,S1870.jpg
5786,train,17,S,S1864.jpg
5787,train,17,S,S1872.jpg
5788,train,17,S,S1866.jpg
5789,train,17,S,S669.jpg
5790,train,17,S,S899.jpg
5791,train,17,S,S641.jpg
5792,train,17,S,S1696.jpg
5793,train,17,S,S127.jpg
1291,val,17,S,S133.jpg
5794,train,17,S,S655.jpg
5795,train,17,S,S1682.jpg
5796,train,17,S,S2360.jpg
5797,train,17,S,S1669.jpg
1292,val,17,S,S866.jpg
5798,train,17,S,S2406.jpg
5799,train,17,S,S2412.jpg
1293,val,17,S,S872.jpg
5800,train,17,S,S2374.jpg
5801,train,17,S,S682.jpg
5802,train,17,S,S1655.jpg
5803,train,17,S,S1133.jpg
5804,train,17,S,S1127.jpg
1294,val,17,S,S2348.jpg
5805,train,17,S,S696.jpg
5806,train,17,S,S1641.jpg
5807,train,17,S,S1899.jpg
5808,train,17,S,S319.jpg
5809,train,17,S,S49.jpg
5810,train,17,S,S2823.jpg
5811,train,17,S,S325.jpg
5812,train,17,S,S1494.jpg
5813,train,17,S,S443.jpg
5814,train,17,S,S75.jpg
5815,train,17,S,S61.jpg
5816,train,17,S,S2189.jpg
5817,train,17,S,S1480.jpg
5818,train,17,S,S457.jpg
5819,train,17,S,S331.jpg
5820,train,17,S,S2837.jpg
5821,train,17,S,S2604.jpg
5822,train,17,S,S2162.jpg
5823,train,17,S,S2176.jpg
5824,train,17,S,S1319.jpg
1295,val,17,S,S2610.jpg
1296,val,17,S,S1331.jpg
5825,train,17,S,S2638.jpg
5826,train,17,S,S1457.jpg
1297,val,17,S,S480.jpg
1298,val,17,S,S1443.jpg
5827,train,17,S,S494.jpg
5828,train,17,S,S1325.jpg
1299,val,17,S,S279.jpg
1300,val,17,S,S1286.jpg
1301,val,17,S,S251.jpg
5829,train,17,S,S1292.jpg
5830,train,17,S,S245.jpg
5831,train,17,S,S2770.jpg
1302,val,17,S,S1279.jpg
1303,val,17,S,S2002.jpg
5832,train,17,S,S2764.jpg
5833,train,17,S,S1245.jpg
5834,train,17,S,S292.jpg
5835,train,17,S,S1523.jpg
5836,train,17,S,S1537.jpg
5837,train,17,S,S2758.jpg
5838,train,17,S,S1251.jpg
5839,train,17,S,S286.jpg
5840,train,17,S,S709.jpg
5841,train,17,S,S1906.jpg
5842,train,17,S,S1912.jpg
5843,train,17,S,S735.jpg
5844,train,17,S,S1084.jpg
5845,train,17,S,S2599.jpg
1304,val,17,S,S1090.jpg
5846,train,17,S,S721.jpg
5847,train,17,S,S2214.jpg
1305,val,17,S,S912.jpg
5848,train,17,S,S906.jpg
5849,train,17,S,S1709.jpg
5850,train,17,S,S2200.jpg
5851,train,17,S,S1721.jpg
1306,val,17,S,S2228.jpg
1307,val,17,S,S1047.jpg
5852,train,17,S,S1053.jpg
5853,train,17,S,S1735.jpg
1308,val,17,S,S1052.jpg
1309,val,17,S,S1734.jpg
5854,train,17,S,S2229.jpg
5855,train,17,S,S1720.jpg
5856,train,17,S,S1046.jpg
5857,train,17,S,S2201.jpg
5858,train,17,S,S1708.jpg
5859,train,17,S,S907.jpg
5860,train,17,S,S913.jpg
5861,train,17,S,S2215.jpg
5862,train,17,S,S1091.jpg
5863,train,17,S,S720.jpg
5864,train,17,S,S734.jpg
5865,train,17,S,S1085.jpg
5866,train,17,S,S1913.jpg
5867,train,17,S,S1907.jpg
5868,train,17,S,S708.jpg
5869,train,17,S,S1536.jpg
5870,train,17,S,S287.jpg
1310,val,17,S,S1250.jpg
1311,val,17,S,S2759.jpg
5871,train,17,S,S293.jpg
5872,train,17,S,S1244.jpg
5873,train,17,S,S1522.jpg
5874,train,17,S,S2003.jpg
5875,train,17,S,S2765.jpg
5876,train,17,S,S1278.jpg
5877,train,17,S,S2771.jpg
5878,train,17,S,S244.jpg
5879,train,17,S,S1293.jpg
5880,train,17,S,S250.jpg
5881,train,17,S,S1287.jpg
5882,train,17,S,S278.jpg
5883,train,17,S,S495.jpg
5884,train,17,S,S1442.jpg
5885,train,17,S,S1324.jpg
5886,train,17,S,S1330.jpg
5887,train,17,S,S481.jpg
5888,train,17,S,S1456.jpg
1312,val,17,S,S2177.jpg
1313,val,17,S,S2611.jpg
5889,train,17,S,S1318.jpg
5890,train,17,S,S2605.jpg
5891,train,17,S,S2163.jpg
1314,val,17,S,S456.jpg
5892,train,17,S,S1481.jpg
1315,val,17,S,S2188.jpg
1316,val,17,S,S60.jpg
5893,train,17,S,S2836.jpg
1317,val,17,S,S330.jpg
5894,train,17,S,S324.jpg
1318,val,17,S,S2822.jpg
5895,train,17,S,S74.jpg
1319,val,17,S,S442.jpg
1320,val,17,S,S1495.jpg
5896,train,17,S,S318.jpg
5897,train,17,S,S48.jpg
5898,train,17,S,S1126.jpg
1321,val,17,S,S1898.jpg
5899,train,17,S,S1640.jpg
1322,val,17,S,S697.jpg
5900,train,17,S,S2349.jpg
5901,train,17,S,S1654.jpg
5902,train,17,S,S683.jpg
5903,train,17,S,S1132.jpg
5904,train,17,S,S2413.jpg
5905,train,17,S,S2375.jpg
5906,train,17,S,S873.jpg
5907,train,17,S,S867.jpg
5908,train,17,S,S1668.jpg
5909,train,17,S,S2361.jpg
5910,train,17,S,S2407.jpg
5911,train,17,S,S132.jpg
5912,train,17,S,S1683.jpg
5913,train,17,S,S654.jpg
5914,train,17,S,S1697.jpg
5915,train,17,S,S640.jpg
5916,train,17,S,S898.jpg
5917,train,17,S,S126.jpg
5918,train,17,S,S668.jpg
5919,train,17,S,S1867.jpg
5920,train,17,S,S1873.jpg
5921,train,17,S,S1828.jpg
1323,val,17,S,S627.jpg
1324,val,17,S,S1196.jpg
1325,val,17,S,S141.jpg
5922,train,17,S,S1182.jpg
5923,train,17,S,S155.jpg
5924,train,17,S,S633.jpg
1326,val,17,S,S1814.jpg
5925,train,17,S,S169.jpg
5926,train,17,S,S1800.jpg
5927,train,17,S,S1633.jpg
1327,val,17,S,S1155.jpg
5928,train,17,S,S182.jpg
5929,train,17,S,S2448.jpg
5930,train,17,S,S1141.jpg
1328,val,17,S,S196.jpg
5931,train,17,S,S1627.jpg
5932,train,17,S,S828.jpg
1329,val,17,S,S800.jpg
1330,val,17,S,S2306.jpg
5933,train,17,S,S2460.jpg
5934,train,17,S,S1169.jpg
5935,train,17,S,S2474.jpg
5936,train,17,S,S2312.jpg
1331,val,17,S,S814.jpg
5937,train,17,S,S343.jpg
1332,val,17,S,S1394.jpg
5938,train,17,S,S2845.jpg
5939,train,17,S,S13.jpg
1333,val,17,S,S425.jpg
5940,train,17,S,S431.jpg
5941,train,17,S,S2689.jpg
5942,train,17,S,S2851.jpg
5943,train,17,S,S357.jpg
1334,val,17,S,S1380.jpg
5944,train,17,S,S2879.jpg
5945,train,17,S,S419.jpg
5946,train,17,S,S2886.jpg
5947,train,17,S,S380.jpg
5948,train,17,S,S1357.jpg
5949,train,17,S,S1431.jpg
5950,train,17,S,S1425.jpg
5951,train,17,S,S394.jpg
1335,val,17,S,S1343.jpg
5952,train,17,S,S2892.jpg
5953,train,17,S,S2662.jpg
5954,train,17,S,S2104.jpg
5955,train,17,S,S6.jpg
5956,train,17,S,S1419.jpg
5957,train,17,S,S2110.jpg
5958,train,17,S,S2676.jpg
5959,train,17,S,S237.jpg
1336,val,17,S,S2931.jpg
5960,train,17,S,S551.jpg
5961,train,17,S,S1586.jpg
5962,train,17,S,S1592.jpg
1337,val,17,S,S2925.jpg
5963,train,17,S,S223.jpg
1338,val,17,S,S579.jpg
1339,val,17,S,S2919.jpg
5964,train,17,S,S1223.jpg
5965,train,17,S,S592.jpg
5966,train,17,S,S1545.jpg
5967,train,17,S,S2058.jpg
1340,val,17,S,S586.jpg
5968,train,17,S,S1551.jpg
5969,train,17,S,S1237.jpg
5970,train,17,S,S2716.jpg
5971,train,17,S,S2070.jpg
1341,val,17,S,S1579.jpg
5972,train,17,S,S2064.jpg
5973,train,17,S,S2702.jpg
5974,train,17,S,S1784.jpg
5975,train,17,S,S753.jpg
1342,val,17,S,S2299.jpg
1343,val,17,S,S1790.jpg
5976,train,17,S,S747.jpg
5977,train,17,S,S1948.jpg
1344,val,17,S,S1960.jpg
5978,train,17,S,S1974.jpg
5979,train,17,S,S948.jpg
5980,train,17,S,S1747.jpg
1345,val,17,S,S790.jpg
5981,train,17,S,S1021.jpg
5982,train,17,S,S1035.jpg
5983,train,17,S,S1753.jpg
1346,val,17,S,S784.jpg
5984,train,17,S,S974.jpg
5985,train,17,S,S2272.jpg
1347,val,17,S,S2514.jpg
1348,val,17,S,S1009.jpg
5986,train,17,S,S2500.jpg
5987,train,17,S,S960.jpg
1349,val,17,S,S2501.jpg
1350,val,17,S,S1008.jpg
5988,train,17,S,S961.jpg
5989,train,17,S,S2273.jpg
5990,train,17,S,S975.jpg
5991,train,17,S,S2515.jpg
1351,val,17,S,S1034.jpg
1352,val,17,S,S785.jpg
5992,train,17,S,S1752.jpg
5993,train,17,S,S791.jpg
5994,train,17,S,S1746.jpg
5995,train,17,S,S949.jpg
5996,train,17,S,S1020.jpg
5997,train,17,S,S1975.jpg
5998,train,17,S,S1961.jpg
5999,train,17,S,S1949.jpg
6000,train,17,S,S746.jpg
6001,train,17,S,S1791.jpg
6002,train,17,S,S2298.jpg
6003,train,17,S,S752.jpg
6004,train,17,S,S1785.jpg
6005,train,17,S,S2065.jpg
6006,train,17,S,S2703.jpg
6007,train,17,S,S1578.jpg
6008,train,17,S,S2071.jpg
1353,val,17,S,S1550.jpg
6009,train,17,S,S587.jpg
1354,val,17,S,S2059.jpg
6010,train,17,S,S1236.jpg
6011,train,17,S,S1222.jpg
6012,train,17,S,S1544.jpg
6013,train,17,S,S593.jpg
6014,train,17,S,S578.jpg
1355,val,17,S,S2918.jpg
6015,train,17,S,S1593.jpg
6016,train,17,S,S222.jpg
1356,val,17,S,S2924.jpg
6017,train,17,S,S2930.jpg
6018,train,17,S,S236.jpg
6019,train,17,S,S1587.jpg
6020,train,17,S,S2111.jpg
6021,train,17,S,S1418.jpg
6022,train,17,S,S7.jpg
6023,train,17,S,S2663.jpg
6024,train,17,S,S2105.jpg
6025,train,17,S,S1424.jpg
6026,train,17,S,S2893.jpg
6027,train,17,S,S1342.jpg
6028,train,17,S,S395.jpg
6029,train,17,S,S1356.jpg
1357,val,17,S,S381.jpg
1358,val,17,S,S2887.jpg
1359,val,17,S,S1430.jpg
6030,train,17,S,S2878.jpg
6031,train,17,S,S418.jpg
1360,val,17,S,S430.jpg
1361,val,17,S,S1381.jpg
6032,train,17,S,S356.jpg
6033,train,17,S,S2850.jpg
6034,train,17,S,S2844.jpg
6035,train,17,S,S1395.jpg
1362,val,17,S,S342.jpg
6036,train,17,S,S424.jpg
1363,val,17,S,S12.jpg
6037,train,17,S,S2475.jpg
6038,train,17,S,S815.jpg
1364,val,17,S,S2313.jpg
6039,train,17,S,S2307.jpg
6040,train,17,S,S801.jpg
1365,val,17,S,S1168.jpg
1366,val,17,S,S2461.jpg
6041,train,17,S,S197.jpg
6042,train,17,S,S1140.jpg
1367,val,17,S,S829.jpg
6043,train,17,S,S1626.jpg
6044,train,17,S,S1632.jpg
6045,train,17,S,S183.jpg
6046,train,17,S,S1154.jpg
6047,train,17,S,S168.jpg
6048,train,17,S,S1801.jpg
6049,train,17,S,S1815.jpg
1368,val,17,S,S154.jpg
6050,train,17,S,S1183.jpg
6051,train,17,S,S632.jpg
6052,train,17,S,S626.jpg
6053,train,17,S,S1829.jpg
6054,train,17,S,S140.jpg
6055,train,17,S,S1197.jpg
6056,train,17,S,S630.jpg
6057,train,17,S,S156.jpg
6058,train,17,S,S1181.jpg
6059,train,17,S,S2488.jpg
6060,train,17,S,S142.jpg
6061,train,17,S,S1195.jpg
1369,val,17,S,S624.jpg
6062,train,17,S,S1803.jpg
6063,train,17,S,S1817.jpg
1370,val,17,S,S618.jpg
1371,val,17,S,S1624.jpg
6064,train,17,S,S195.jpg
6065,train,17,S,S1142.jpg
6066,train,17,S,S181.jpg
1372,val,17,S,S1156.jpg
6067,train,17,S,S2339.jpg
6068,train,17,S,S1630.jpg
6069,train,17,S,S2311.jpg
6070,train,17,S,S1618.jpg
6071,train,17,S,S817.jpg
6072,train,17,S,S2477.jpg
6073,train,17,S,S2463.jpg
6074,train,17,S,S803.jpg
6075,train,17,S,S2305.jpg
6076,train,17,S,S2852.jpg
6077,train,17,S,S1383.jpg
6078,train,17,S,S354.jpg
6079,train,17,S,S432.jpg
6080,train,17,S,S10.jpg
6081,train,17,S,S426.jpg
6082,train,17,S,S1397.jpg
1373,val,17,S,S340.jpg
6083,train,17,S,S2846.jpg
1374,val,17,S,S368.jpg
6084,train,17,S,S38.jpg
6085,train,17,S,S1340.jpg
6086,train,17,S,S397.jpg
6087,train,17,S,S2891.jpg
6088,train,17,S,S1426.jpg
6089,train,17,S,S1432.jpg
6090,train,17,S,S2885.jpg
6091,train,17,S,S1354.jpg
6092,train,17,S,S383.jpg
6093,train,17,S,S2675.jpg
6094,train,17,S,S5.jpg
1375,val,17,S,S2113.jpg
6095,train,17,S,S2107.jpg
6096,train,17,S,S1368.jpg
6097,train,17,S,S2661.jpg
1376,val,17,S,S2926.jpg
6098,train,17,S,S220.jpg
6099,train,17,S,S1591.jpg
6100,train,17,S,S2098.jpg
1377,val,17,S,S1585.jpg
6101,train,17,S,S234.jpg
6102,train,17,S,S2932.jpg
6103,train,17,S,S208.jpg
1378,val,17,S,S1234.jpg
6104,train,17,S,S1552.jpg
1379,val,17,S,S585.jpg
1380,val,17,S,S1546.jpg
6105,train,17,S,S591.jpg
6106,train,17,S,S2729.jpg
6107,train,17,S,S1220.jpg
1381,val,17,S,S2701.jpg
6108,train,17,S,S1208.jpg
6109,train,17,S,S2067.jpg
6110,train,17,S,S2073.jpg
6111,train,17,S,S744.jpg
6112,train,17,S,S1793.jpg
6113,train,17,S,S750.jpg
6114,train,17,S,S1787.jpg
6115,train,17,S,S988.jpg
6116,train,17,S,S778.jpg
1382,val,17,S,S1977.jpg
6117,train,17,S,S1963.jpg
6118,train,17,S,S1988.jpg
6119,train,17,S,S787.jpg
1383,val,17,S,S1750.jpg
6120,train,17,S,S1036.jpg
6121,train,17,S,S1022.jpg
6122,train,17,S,S793.jpg
6123,train,17,S,S1744.jpg
6124,train,17,S,S963.jpg
1384,val,17,S,S2503.jpg
6125,train,17,S,S2517.jpg
1385,val,17,S,S977.jpg
6126,train,17,S,S1778.jpg
6127,train,17,S,S2516.jpg
6128,train,17,S,S1779.jpg
6129,train,17,S,S976.jpg
1386,val,17,S,S962.jpg
1387,val,17,S,S2502.jpg
1388,val,17,S,S1023.jpg
6130,train,17,S,S1745.jpg
1389,val,17,S,S792.jpg
6131,train,17,S,S1751.jpg
6132,train,17,S,S786.jpg
1390,val,17,S,S1989.jpg
6133,train,17,S,S1037.jpg
1391,val,17,S,S1962.jpg
6134,train,17,S,S1976.jpg
6135,train,17,S,S779.jpg
6136,train,17,S,S989.jpg
6137,train,17,S,S1786.jpg
6138,train,17,S,S751.jpg
6139,train,17,S,S1792.jpg
6140,train,17,S,S745.jpg
1392,val,17,S,S2072.jpg
1393,val,17,S,S2714.jpg
6141,train,17,S,S1209.jpg
6142,train,17,S,S2700.jpg
6143,train,17,S,S2066.jpg
6144,train,17,S,S590.jpg
1394,val,17,S,S1547.jpg
6145,train,17,S,S1221.jpg
6146,train,17,S,S2728.jpg
1395,val,17,S,S1235.jpg
6147,train,17,S,S584.jpg
6148,train,17,S,S1553.jpg
6149,train,17,S,S209.jpg
6150,train,17,S,S1584.jpg
1396,val,17,S,S2933.jpg
6151,train,17,S,S235.jpg
6152,train,17,S,S221.jpg
6153,train,17,S,S2927.jpg
6154,train,17,S,S2099.jpg
6155,train,17,S,S1590.jpg
6156,train,17,S,S2106.jpg
6157,train,17,S,S2660.jpg
6158,train,17,S,S1369.jpg
6159,train,17,S,S2674.jpg
6160,train,17,S,S2112.jpg
6161,train,17,S,S4.jpg
6162,train,17,S,S1433.jpg
1397,val,17,S,S382.jpg
6163,train,17,S,S1355.jpg
6164,train,17,S,S2884.jpg
6165,train,17,S,S2890.jpg
6166,train,17,S,S396.jpg
1398,val,17,S,S1341.jpg
6167,train,17,S,S1427.jpg
1399,val,17,S,S369.jpg
6168,train,17,S,S39.jpg
6169,train,17,S,S427.jpg
6170,train,17,S,S11.jpg
6171,train,17,S,S2847.jpg
1400,val,17,S,S341.jpg
6172,train,17,S,S1396.jpg
6173,train,17,S,S355.jpg
6174,train,17,S,S1382.jpg
1401,val,17,S,S2853.jpg
1402,val,17,S,S433.jpg
6175,train,17,S,S2462.jpg
1403,val,17,S,S2304.jpg
6176,train,17,S,S802.jpg
6177,train,17,S,S816.jpg
6178,train,17,S,S1619.jpg
6179,train,17,S,S2310.jpg
6180,train,17,S,S2476.jpg
6181,train,17,S,S1157.jpg
6182,train,17,S,S180.jpg
1404,val,17,S,S1631.jpg
1405,val,17,S,S2338.jpg
6183,train,17,S,S1625.jpg
6184,train,17,S,S1143.jpg
1406,val,0,A,A25.jpg
6185,train,0,A,A2286.jpg
6186,train,0,A,A1957.jpg
1407,val,0,A,A618.jpg
6187,train,0,A,A1943.jpg
1408,val,0,A,A31.jpg
6188,train,0,A,A2292.jpg
6189,train,0,A,A19.jpg
6190,train,0,A,A624.jpg
6191,train,0,A,A630.jpg
6192,train,0,A,A1994.jpg
6193,train,0,A,A2245.jpg
6194,train,0,A,A2523.jpg
6195,train,0,A,A803.jpg
6196,train,0,A,A2537.jpg
6197,train,0,A,A2251.jpg
6198,train,0,A,A1980.jpg
6199,train,0,A,A1758.jpg
1409,val,0,A,A2279.jpg
6200,train,0,A,A1770.jpg
6201,train,0,A,A1016.jpg
6202,train,0,A,A1002.jpg
6203,train,0,A,A1764.jpg
6204,train,0,A,A2084.jpg
6205,train,0,A,A2090.jpg
6206,train,0,A,A368.jpg
1410,val,0,A,A1599.jpg
6207,train,0,A,A426.jpg
6208,train,0,A,A340.jpg
6209,train,0,A,A354.jpg
1411,val,0,A,A432.jpg
6210,train,0,A,A1228.jpg
1412,val,0,A,A2047.jpg
6211,train,0,A,A2053.jpg
1413,val,0,A,A1214.jpg
6212,train,0,A,A1572.jpg
6213,train,0,A,A383.jpg
6214,train,0,A,A1566.jpg
6215,train,0,A,A397.jpg
6216,train,0,A,A1200.jpg
6217,train,0,A,A2709.jpg
6218,train,0,A,A2682.jpg
1414,val,0,A,A552.jpg
6219,train,0,A,A546.jpg
1415,val,0,A,A2655.jpg
1416,val,0,A,A2133.jpg
6220,train,0,A,A2127.jpg
6221,train,0,A,A2641.jpg
6222,train,0,A,A1348.jpg
6223,train,0,A,A2669.jpg
6224,train,0,A,A1360.jpg
6225,train,0,A,A591.jpg
6226,train,0,A,A1406.jpg
1417,val,0,A,A1412.jpg
6227,train,0,A,A1374.jpg
1418,val,0,A,A585.jpg
6228,train,0,A,A1823.jpg
6229,train,0,A,A1189.jpg
6230,train,0,A,A778.jpg
6231,train,0,A,A1837.jpg
1419,val,0,A,A988.jpg
1420,val,0,A,A750.jpg
6232,train,0,A,A744.jpg
6233,train,0,A,A1638.jpg
1421,val,0,A,A2331.jpg
6234,train,0,A,A2457.jpg
6235,train,0,A,A977.jpg
1422,val,0,A,A963.jpg
6236,train,0,A,A2325.jpg
6237,train,0,A,A1604.jpg
6238,train,0,A,A793.jpg
6239,train,0,A,A1162.jpg
6240,train,0,A,A787.jpg
6241,train,0,A,A1176.jpg
6242,train,0,A,A1610.jpg
1423,val,0,A,A2319.jpg
1424,val,0,A,A1177.jpg
6243,train,0,A,A786.jpg
6244,train,0,A,A2318.jpg
6245,train,0,A,A1611.jpg
6246,train,0,A,A1605.jpg
1425,val,0,A,A1163.jpg
6247,train,0,A,A792.jpg
6248,train,0,A,A962.jpg
1426,val,0,A,A2324.jpg
6249,train,0,A,A2330.jpg
6250,train,0,A,A1639.jpg
1427,val,0,A,A976.jpg
6251,train,0,A,A2456.jpg
6252,train,0,A,A745.jpg
6253,train,0,A,A751.jpg
1428,val,0,A,A989.jpg
6254,train,0,A,A779.jpg
6255,train,0,A,A1188.jpg
6256,train,0,A,A2481.jpg
6257,train,0,A,A1836.jpg
6258,train,0,A,A1822.jpg
6259,train,0,A,A1413.jpg
6260,train,0,A,A584.jpg
6261,train,0,A,A1375.jpg
6262,train,0,A,A590.jpg
6263,train,0,A,A1361.jpg
6264,train,0,A,A2668.jpg
6265,train,0,A,A1407.jpg
6266,train,0,A,A2126.jpg
1429,val,0,A,A1349.jpg
6267,train,0,A,A2640.jpg
6268,train,0,A,A2654.jpg
6269,train,0,A,A2132.jpg
6270,train,0,A,A547.jpg
6271,train,0,A,A553.jpg
6272,train,0,A,A2683.jpg
1430,val,0,A,A396.jpg
6273,train,0,A,A1567.jpg
6274,train,0,A,A2708.jpg
6275,train,0,A,A1201.jpg
1431,val,0,A,A1215.jpg
6276,train,0,A,A382.jpg
6277,train,0,A,A1573.jpg
1432,val,0,A,A2052.jpg
6278,train,0,A,A1229.jpg
6279,train,0,A,A2046.jpg
6280,train,0,A,A355.jpg
6281,train,0,A,A433.jpg
1433,val,0,A,A427.jpg
1434,val,0,A,A341.jpg
1435,val,0,A,A1598.jpg
1436,val,0,A,A369.jpg
6282,train,0,A,A2091.jpg
6283,train,0,A,A2085.jpg
6284,train,0,A,A1003.jpg
1437,val,0,A,A1765.jpg
1438,val,0,A,A1771.jpg
6285,train,0,A,A2278.jpg
6286,train,0,A,A1017.jpg
6287,train,0,A,A2536.jpg
6288,train,0,A,A1759.jpg
6289,train,0,A,A1981.jpg
6290,train,0,A,A2250.jpg
6291,train,0,A,A2244.jpg
6292,train,0,A,A1995.jpg
6293,train,0,A,A802.jpg
1439,val,0,A,A1.jpg
6294,train,0,A,A631.jpg
6295,train,0,A,A18.jpg
6296,train,0,A,A625.jpg
6297,train,0,A,A2293.jpg
1440,val,0,A,A30.jpg
6298,train,0,A,A1942.jpg
6299,train,0,A,A1956.jpg
6300,train,0,A,A2287.jpg
6301,train,0,A,A24.jpg
6302,train,0,A,A619.jpg
6303,train,0,A,A1798.jpg
6304,train,0,A,A1940.jpg
1441,val,0,A,A32.jpg
6305,train,0,A,A2291.jpg
6306,train,0,A,A26.jpg
6307,train,0,A,A2285.jpg
6308,train,0,A,A1954.jpg
6309,train,0,A,A633.jpg
6310,train,0,A,A3.jpg
6311,train,0,A,A627.jpg
6312,train,0,A,A1968.jpg
6313,train,0,A,A2252.jpg
6314,train,0,A,A1983.jpg
6315,train,0,A,A2534.jpg
6316,train,0,A,A800.jpg
6317,train,0,A,A1029.jpg
1442,val,0,A,A1997.jpg
6318,train,0,A,A2246.jpg
6319,train,0,A,A1767.jpg
1443,val,0,A,A1001.jpg
6320,train,0,A,A1015.jpg
6321,train,0,A,A1773.jpg
6322,train,0,A,A2093.jpg
6323,train,0,A,A2087.jpg
6324,train,0,A,A2939.jpg
6325,train,0,A,A419.jpg
1444,val,0,A,A431.jpg
6326,train,0,A,A357.jpg
6327,train,0,A,A343.jpg
6328,train,0,A,A425.jpg
6329,train,0,A,A1559.jpg
6330,train,0,A,A2050.jpg
1445,val,0,A,A2044.jpg
6331,train,0,A,A1203.jpg
1446,val,0,A,A1565.jpg
1447,val,0,A,A394.jpg
1448,val,0,A,A1571.jpg
6332,train,0,A,A380.jpg
6333,train,0,A,A2078.jpg
6334,train,0,A,A1217.jpg
1449,val,0,A,A579.jpg
6335,train,0,A,A1388.jpg
6336,train,0,A,A2681.jpg
6337,train,0,A,A2695.jpg
6338,train,0,A,A545.jpg
1450,val,0,A,A551.jpg
6339,train,0,A,A2642.jpg
6340,train,0,A,A2124.jpg
6341,train,0,A,A2130.jpg
6342,train,0,A,A1439.jpg
6343,train,0,A,A2656.jpg
6344,train,0,A,A1377.jpg
6345,train,0,A,A586.jpg
6346,train,0,A,A2118.jpg
6347,train,0,A,A1411.jpg
6348,train,0,A,A1405.jpg
6349,train,0,A,A1363.jpg
1451,val,0,A,A592.jpg
6350,train,0,A,A1834.jpg
6351,train,0,A,A1820.jpg
1452,val,0,A,A1808.jpg
6352,train,0,A,A747.jpg
1453,val,0,A,A753.jpg
6353,train,0,A,A2326.jpg
6354,train,0,A,A960.jpg
6355,train,0,A,A1149.jpg
1454,val,0,A,A2454.jpg
6356,train,0,A,A974.jpg
6357,train,0,A,A2332.jpg
6358,train,0,A,A1613.jpg
6359,train,0,A,A784.jpg
6360,train,0,A,A1175.jpg
6361,train,0,A,A790.jpg
6362,train,0,A,A1161.jpg
6363,train,0,A,A948.jpg
6364,train,0,A,A1607.jpg
1455,val,0,A,A2469.jpg
6365,train,0,A,A949.jpg
6366,train,0,A,A1160.jpg
6367,train,0,A,A791.jpg
6368,train,0,A,A1606.jpg
6369,train,0,A,A1612.jpg
6370,train,0,A,A1174.jpg
6371,train,0,A,A785.jpg
6372,train,0,A,A975.jpg
6373,train,0,A,A2455.jpg
6374,train,0,A,A2333.jpg
1456,val,0,A,A2327.jpg
6375,train,0,A,A1148.jpg
6376,train,0,A,A961.jpg
6377,train,0,A,A752.jpg
6378,train,0,A,A1809.jpg
1457,val,0,A,A746.jpg
6379,train,0,A,A1821.jpg
6380,train,0,A,A1835.jpg
6381,train,0,A,A2482.jpg
6382,train,0,A,A1404.jpg
6383,train,0,A,A593.jpg
6384,train,0,A,A1362.jpg
1458,val,0,A,A587.jpg
1459,val,0,A,A1376.jpg
6385,train,0,A,A1410.jpg
6386,train,0,A,A2119.jpg
1460,val,0,A,A1438.jpg
6387,train,0,A,A2131.jpg
6388,train,0,A,A2657.jpg
6389,train,0,A,A2643.jpg
6390,train,0,A,A2125.jpg
6391,train,0,A,A550.jpg
6392,train,0,A,A544.jpg
6393,train,0,A,A2680.jpg
6394,train,0,A,A1389.jpg
6395,train,0,A,A578.jpg
6396,train,0,A,A2079.jpg
6397,train,0,A,A381.jpg
6398,train,0,A,A1570.jpg
1461,val,0,A,A1216.jpg
1462,val,0,A,A1202.jpg
6399,train,0,A,A395.jpg
6400,train,0,A,A1564.jpg
6401,train,0,A,A2045.jpg
6402,train,0,A,A2051.jpg
1463,val,0,A,A1558.jpg
6403,train,0,A,A342.jpg
6404,train,0,A,A424.jpg
6405,train,0,A,A430.jpg
6406,train,0,A,A356.jpg
6407,train,0,A,A2086.jpg
6408,train,0,A,A418.jpg
6409,train,0,A,A2938.jpg
6410,train,0,A,A2092.jpg
6411,train,0,A,A1014.jpg
6412,train,0,A,A1772.jpg
6413,train,0,A,A1766.jpg
6414,train,0,A,A1000.jpg
6415,train,0,A,A1028.jpg
6416,train,0,A,A2247.jpg
6417,train,0,A,A1996.jpg
6418,train,0,A,A1982.jpg
6419,train,0,A,A2253.jpg
6420,train,0,A,A2535.jpg
1464,val,0,A,A626.jpg
6421,train,0,A,A1969.jpg
6422,train,0,A,A2.jpg
6423,train,0,A,A632.jpg
6424,train,0,A,A1955.jpg
1465,val,0,A,A2284.jpg
6425,train,0,A,A27.jpg
6426,train,0,A,A2290.jpg
6427,train,0,A,A33.jpg
6428,train,0,A,A1941.jpg
6429,train,0,A,A1799.jpg
6430,train,0,A,A636.jpg
6431,train,0,A,A6.jpg
6432,train,0,A,A1979.jpg
1466,val,0,A,A622.jpg
6433,train,0,A,A1945.jpg
6434,train,0,A,A37.jpg
6435,train,0,A,A2294.jpg
6436,train,0,A,A23.jpg
6437,train,0,A,A2280.jpg
6438,train,0,A,A1789.jpg
6439,train,0,A,A1951.jpg
1467,val,0,A,A1004.jpg
6440,train,0,A,A1762.jpg
6441,train,0,A,A1776.jpg
6442,train,0,A,A1010.jpg
6443,train,0,A,A2519.jpg
6444,train,0,A,A1038.jpg
1468,val,0,A,A2531.jpg
1469,val,0,A,A2257.jpg
6445,train,0,A,A1986.jpg
6446,train,0,A,A1992.jpg
6447,train,0,A,A2243.jpg
6448,train,0,A,A805.jpg
6449,train,0,A,A352.jpg
6450,train,0,A,A434.jpg
6451,train,0,A,A420.jpg
6452,train,0,A,A346.jpg
1470,val,0,A,A2096.jpg
1471,val,0,A,A408.jpg
6453,train,0,A,A2082.jpg
1472,val,0,A,A2069.jpg
6454,train,0,A,A1560.jpg
6455,train,0,A,A391.jpg
6456,train,0,A,A1206.jpg
6457,train,0,A,A1212.jpg
6458,train,0,A,A1574.jpg
6459,train,0,A,A385.jpg
6460,train,0,A,A2055.jpg
6461,train,0,A,A2041.jpg
1473,val,0,A,A1548.jpg
6462,train,0,A,A540.jpg
6463,train,0,A,A554.jpg
6464,train,0,A,A2684.jpg
1474,val,0,A,A568.jpg
6465,train,0,A,A1399.jpg
6466,train,0,A,A1414.jpg
6467,train,0,A,A1372.jpg
6468,train,0,A,A583.jpg
6469,train,0,A,A1366.jpg
1475,val,0,A,A597.jpg
1476,val,0,A,A1400.jpg
6470,train,0,A,A2109.jpg
6471,train,0,A,A1428.jpg
6472,train,0,A,A2121.jpg
6473,train,0,A,A2647.jpg
6474,train,0,A,A2653.jpg
6475,train,0,A,A2135.jpg
6476,train,0,A,A742.jpg
6477,train,0,A,A1819.jpg
6478,train,0,A,A756.jpg
1477,val,0,A,A1831.jpg
6479,train,0,A,A1825.jpg
1478,val,0,A,A781.jpg
6480,train,0,A,A1170.jpg
1479,val,0,A,A959.jpg
6481,train,0,A,A1616.jpg
6482,train,0,A,A1602.jpg
6483,train,0,A,A795.jpg
6484,train,0,A,A1164.jpg
6485,train,0,A,A965.jpg
1480,val,0,A,A2445.jpg
6486,train,0,A,A2323.jpg
6487,train,0,A,A2337.jpg
6488,train,0,A,A2451.jpg
6489,train,0,A,A971.jpg
6490,train,0,A,A1158.jpg
6491,train,0,A,A2336.jpg
1481,val,0,A,A1159.jpg
1482,val,0,A,A970.jpg
6492,train,0,A,A2450.jpg
1483,val,0,A,A964.jpg
6493,train,0,A,A2322.jpg
6494,train,0,A,A1603.jpg
6495,train,0,A,A1165.jpg
1484,val,0,A,A794.jpg
6496,train,0,A,A958.jpg
1485,val,0,A,A1171.jpg
6497,train,0,A,A780.jpg
6498,train,0,A,A1617.jpg
1486,val,0,A,A1824.jpg
6499,train,0,A,A1830.jpg
1487,val,0,A,A1818.jpg
6500,train,0,A,A757.jpg
6501,train,0,A,A743.jpg
6502,train,0,A,A2652.jpg
6503,train,0,A,A2134.jpg
1488,val,0,A,A2120.jpg
1489,val,0,A,A1429.jpg
1490,val,0,A,A2646.jpg
6504,train,0,A,A596.jpg
1491,val,0,A,A1367.jpg
6505,train,0,A,A2108.jpg
1492,val,0,A,A1401.jpg
1493,val,0,A,A1415.jpg
6506,train,0,A,A582.jpg
6507,train,0,A,A1373.jpg
6508,train,0,A,A1398.jpg
6509,train,0,A,A569.jpg
6510,train,0,A,A2685.jpg
1494,val,0,A,A555.jpg
1495,val,0,A,A541.jpg
6511,train,0,A,A1549.jpg
6512,train,0,A,A2040.jpg
1496,val,0,A,A2054.jpg
6513,train,0,A,A1213.jpg
6514,train,0,A,A384.jpg
6515,train,0,A,A1575.jpg
6516,train,0,A,A390.jpg
6517,train,0,A,A1561.jpg
6518,train,0,A,A2068.jpg
6519,train,0,A,A1207.jpg
1497,val,0,A,A2083.jpg
6520,train,0,A,A2097.jpg
6521,train,0,A,A409.jpg
6522,train,0,A,A421.jpg
6523,train,0,A,A347.jpg
6524,train,0,A,A353.jpg
6525,train,0,A,A435.jpg
6526,train,0,A,A2242.jpg
6527,train,0,A,A1993.jpg
6528,train,0,A,A804.jpg
6529,train,0,A,A1039.jpg
6530,train,0,A,A810.jpg
6531,train,0,A,A1987.jpg
6532,train,0,A,A2256.jpg
6533,train,0,A,A1777.jpg
6534,train,0,A,A1011.jpg
6535,train,0,A,A1005.jpg
1498,val,0,A,A1763.jpg
6536,train,0,A,A1950.jpg
6537,train,0,A,A1788.jpg
6538,train,0,A,A2281.jpg
6539,train,0,A,A22.jpg
6540,train,0,A,A2295.jpg
1499,val,0,A,A36.jpg
1500,val,0,A,A1944.jpg
6541,train,0,A,A623.jpg
6542,train,0,A,A7.jpg
6543,train,0,A,A637.jpg
6544,train,0,A,A151.jpg
6545,train,0,A,A1978.jpg
6546,train,0,A,A621.jpg
1501,val,0,A,A635.jpg
6547,train,0,A,A5.jpg
6548,train,0,A,A20.jpg
6549,train,0,A,A2283.jpg
6550,train,0,A,A1952.jpg
6551,train,0,A,A1946.jpg
1502,val,0,A,A34.jpg
6552,train,0,A,A2297.jpg
6553,train,0,A,A609.jpg
6554,train,0,A,A1013.jpg
6555,train,0,A,A1775.jpg
6556,train,0,A,A190.jpg
6557,train,0,A,A1761.jpg
6558,train,0,A,A2268.jpg
6559,train,0,A,A1007.jpg
6560,train,0,A,A2526.jpg
6561,train,0,A,A1991.jpg
6562,train,0,A,A1749.jpg
6563,train,0,A,A2240.jpg
6564,train,0,A,A2254.jpg
6565,train,0,A,A1985.jpg
6566,train,0,A,A345.jpg
6567,train,0,A,A423.jpg
6568,train,0,A,A437.jpg
6569,train,0,A,A351.jpg
6570,train,0,A,A379.jpg
1503,val,0,A,A1588.jpg
6571,train,0,A,A2081.jpg
1504,val,0,A,A2095.jpg
6572,train,0,A,A1577.jpg
6573,train,0,A,A386.jpg
6574,train,0,A,A1211.jpg
6575,train,0,A,A1205.jpg
1505,val,0,A,A1563.jpg
1506,val,0,A,A392.jpg
6576,train,0,A,A2042.jpg
1507,val,0,A,A1239.jpg
6577,train,0,A,A2056.jpg
6578,train,0,A,A557.jpg
6579,train,0,A,A543.jpg
1508,val,0,A,A1403.jpg
1509,val,0,A,A1365.jpg
6580,train,0,A,A594.jpg
6581,train,0,A,A1371.jpg
6582,train,0,A,A580.jpg
6583,train,0,A,A2678.jpg
6584,train,0,A,A1417.jpg
6585,train,0,A,A2136.jpg
6586,train,0,A,A1359.jpg
6587,train,0,A,A2650.jpg
6588,train,0,A,A2644.jpg
1510,val,0,A,A2122.jpg
6589,train,0,A,A755.jpg
6590,train,0,A,A999.jpg
6591,train,0,A,A741.jpg
6592,train,0,A,A1198.jpg
6593,train,0,A,A769.jpg
6594,train,0,A,A1826.jpg
6595,train,0,A,A1832.jpg
6596,train,0,A,A796.jpg
6597,train,0,A,A1167.jpg
6598,train,0,A,A2308.jpg
6599,train,0,A,A1601.jpg
6600,train,0,A,A1615.jpg
6601,train,0,A,A782.jpg
6602,train,0,A,A1173.jpg
6603,train,0,A,A2452.jpg
6604,train,0,A,A972.jpg
6605,train,0,A,A2334.jpg
6606,train,0,A,A2320.jpg
1511,val,0,A,A1629.jpg
6607,train,0,A,A966.jpg
6608,train,0,A,A2446.jpg
1512,val,0,A,A1628.jpg
1513,val,0,A,A2321.jpg
6609,train,0,A,A2447.jpg
1514,val,0,A,A967.jpg
1515,val,0,A,A973.jpg
6610,train,0,A,A2453.jpg
1516,val,0,A,A2335.jpg
6611,train,0,A,A1614.jpg
6612,train,0,A,A1172.jpg
6613,train,0,A,A783.jpg
1517,val,0,A,A1166.jpg
6614,train,0,A,A797.jpg
6615,train,0,A,A1600.jpg
6616,train,0,A,A2309.jpg
1518,val,0,A,A1833.jpg
6617,train,0,A,A768.jpg
1519,val,0,A,A1199.jpg
6618,train,0,A,A1827.jpg
6619,train,0,A,A740.jpg
6620,train,0,A,A998.jpg
6621,train,0,A,A754.jpg
6622,train,0,A,A2645.jpg
6623,train,0,A,A2123.jpg
6624,train,0,A,A2137.jpg
6625,train,0,A,A2651.jpg
6626,train,0,A,A1358.jpg
6627,train,0,A,A2679.jpg
6628,train,0,A,A581.jpg
1520,val,0,A,A1370.jpg
6629,train,0,A,A1416.jpg
6630,train,0,A,A1402.jpg
6631,train,0,A,A595.jpg
6632,train,0,A,A1364.jpg
6633,train,0,A,A2686.jpg
6634,train,0,A,A542.jpg
6635,train,0,A,A556.jpg
6636,train,0,A,A1238.jpg
6637,train,0,A,A2057.jpg
6638,train,0,A,A2043.jpg
6639,train,0,A,A1204.jpg
1521,val,0,A,A393.jpg
1522,val,0,A,A1562.jpg
6640,train,0,A,A387.jpg
6641,train,0,A,A1576.jpg
6642,train,0,A,A1210.jpg
6643,train,0,A,A2094.jpg
6644,train,0,A,A2080.jpg
6645,train,0,A,A1589.jpg
1523,val,0,A,A378.jpg
6646,train,0,A,A436.jpg
1524,val,0,A,A350.jpg
6647,train,0,A,A344.jpg
1525,val,0,A,A422.jpg
6648,train,0,A,A1984.jpg
1526,val,0,A,A2255.jpg
6649,train,0,A,A807.jpg
6650,train,0,A,A2241.jpg
6651,train,0,A,A1748.jpg
6652,train,0,A,A1990.jpg
6653,train,0,A,A2269.jpg
1527,val,0,A,A1760.jpg
6654,train,0,A,A1006.jpg
6655,train,0,A,A1012.jpg
6656,train,0,A,A1774.jpg
1528,val,0,A,A2296.jpg
6657,train,0,A,A35.jpg
6658,train,0,A,A1947.jpg
1529,val,0,A,A608.jpg
6659,train,0,A,A1953.jpg
6660,train,0,A,A2282.jpg
6661,train,0,A,A21.jpg
6662,train,0,A,A4.jpg
6663,train,0,A,A634.jpg
1530,val,0,A,A620.jpg
6664,train,0,A,A2583.jpg
6665,train,0,A,A1934.jpg
6666,train,0,A,A46.jpg
6667,train,0,A,A1920.jpg
6668,train,0,A,A2597.jpg
6669,train,0,A,A647.jpg
6670,train,0,A,A1908.jpg
6671,train,0,A,A121.jpg
6672,train,0,A,A653.jpg
6673,train,0,A,A1049.jpg
6674,train,0,A,A2540.jpg
1531,val,0,A,A2226.jpg
6675,train,0,A,A2232.jpg
1532,val,0,A,A91.jpg
6676,train,0,A,A1075.jpg
6677,train,0,A,A684.jpg
6678,train,0,A,A1713.jpg
6679,train,0,A,A1707.jpg
6680,train,0,A,A1061.jpg
6681,train,0,A,A690.jpg
1533,val,0,A,A2568.jpg
1534,val,0,A,A1288.jpg
6682,train,0,A,A479.jpg
1535,val,0,A,A2959.jpg
6683,train,0,A,A323.jpg
6684,train,0,A,A2965.jpg
6685,train,0,A,A445.jpg
6686,train,0,A,A451.jpg
6687,train,0,A,A2971.jpg
6688,train,0,A,A337.jpg
6689,train,0,A,A2024.jpg
6690,train,0,A,A2030.jpg
6691,train,0,A,A1539.jpg
6692,train,0,A,A2018.jpg
6693,train,0,A,A1511.jpg
6694,train,0,A,A486.jpg
6695,train,0,A,A1277.jpg
6696,train,0,A,A492.jpg
6697,train,0,A,A1263.jpg
6698,train,0,A,A1505.jpg
6699,train,0,A,A2193.jpg
1536,val,0,A,A519.jpg
6700,train,0,A,A2187.jpg
6701,train,0,A,A531.jpg
6702,train,0,A,A525.jpg
6703,train,0,A,A1459.jpg
6704,train,0,A,A2150.jpg
6705,train,0,A,A2636.jpg
1537,val,0,A,A2144.jpg
6706,train,0,A,A294.jpg
6707,train,0,A,A1465.jpg
6708,train,0,A,A1303.jpg
6709,train,0,A,A1317.jpg
6710,train,0,A,A280.jpg
6711,train,0,A,A1471.jpg
6712,train,0,A,A2178.jpg
1538,val,0,A,A1840.jpg
6713,train,0,A,A1698.jpg
6714,train,0,A,A2391.jpg
6715,train,0,A,A2385.jpg
6716,train,0,A,A1854.jpg
6717,train,0,A,A733.jpg
6718,train,0,A,A1868.jpg
6719,train,0,A,A727.jpg
6720,train,0,A,A914.jpg
6721,train,0,A,A2352.jpg
6722,train,0,A,A1883.jpg
6723,train,0,A,A1897.jpg
6724,train,0,A,A2346.jpg
6725,train,0,A,A1129.jpg
6726,train,0,A,A2408.jpg
6727,train,0,A,A1101.jpg
6728,train,0,A,A928.jpg
6729,train,0,A,A1667.jpg
6730,train,0,A,A1673.jpg
6731,train,0,A,A1115.jpg
6732,train,0,A,A1672.jpg
1539,val,0,A,A1114.jpg
1540,val,0,A,A929.jpg
6733,train,0,A,A1100.jpg
6734,train,0,A,A2409.jpg
6735,train,0,A,A1666.jpg
6736,train,0,A,A2347.jpg
1541,val,0,A,A1896.jpg
6737,train,0,A,A1128.jpg
6738,train,0,A,A2421.jpg
6739,train,0,A,A915.jpg
6740,train,0,A,A1882.jpg
6741,train,0,A,A2353.jpg
6742,train,0,A,A1869.jpg
6743,train,0,A,A726.jpg
1542,val,0,A,A732.jpg
6744,train,0,A,A1855.jpg
6745,train,0,A,A2384.jpg
1543,val,0,A,A2390.jpg
6746,train,0,A,A1699.jpg
1544,val,0,A,A1841.jpg
6747,train,0,A,A1316.jpg
6748,train,0,A,A2179.jpg
6749,train,0,A,A1470.jpg
6750,train,0,A,A1464.jpg
1545,val,0,A,A295.jpg
1546,val,0,A,A1302.jpg
6751,train,0,A,A2145.jpg
6752,train,0,A,A2151.jpg
1547,val,0,A,A1458.jpg
6753,train,0,A,A2637.jpg
6754,train,0,A,A524.jpg
1548,val,0,A,A530.jpg
6755,train,0,A,A518.jpg
6756,train,0,A,A2186.jpg
6757,train,0,A,A2192.jpg
6758,train,0,A,A1262.jpg
6759,train,0,A,A493.jpg
6760,train,0,A,A1504.jpg
6761,train,0,A,A1510.jpg
6762,train,0,A,A2019.jpg
6763,train,0,A,A1276.jpg
6764,train,0,A,A487.jpg
6765,train,0,A,A1538.jpg
6766,train,0,A,A2031.jpg
6767,train,0,A,A2025.jpg
6768,train,0,A,A2970.jpg
6769,train,0,A,A450.jpg
6770,train,0,A,A336.jpg
6771,train,0,A,A322.jpg
6772,train,0,A,A444.jpg
6773,train,0,A,A2964.jpg
6774,train,0,A,A2958.jpg
6775,train,0,A,A478.jpg
6776,train,0,A,A1289.jpg
6777,train,0,A,A1706.jpg
6778,train,0,A,A2569.jpg
1549,val,0,A,A691.jpg
6779,train,0,A,A1060.jpg
6780,train,0,A,A685.jpg
6781,train,0,A,A1074.jpg
1550,val,0,A,A1712.jpg
1551,val,0,A,A2233.jpg
1552,val,0,A,A2555.jpg
6782,train,0,A,A2541.jpg
6783,train,0,A,A1048.jpg
6784,train,0,A,A84.jpg
6785,train,0,A,A2227.jpg
6786,train,0,A,A652.jpg
6787,train,0,A,A646.jpg
1553,val,0,A,A120.jpg
6788,train,0,A,A1909.jpg
6789,train,0,A,A1921.jpg
1554,val,0,A,A2582.jpg
1555,val,0,A,A47.jpg
6790,train,0,A,A1935.jpg
6791,train,0,A,A2594.jpg
1556,val,0,A,A51.jpg
1557,val,0,A,A1923.jpg
6792,train,0,A,A1937.jpg
6793,train,0,A,A45.jpg
6794,train,0,A,A2580.jpg
6795,train,0,A,A678.jpg
6796,train,0,A,A1089.jpg
6797,train,0,A,A650.jpg
6798,train,0,A,A79.jpg
6799,train,0,A,A122.jpg
6800,train,0,A,A644.jpg
6801,train,0,A,A2557.jpg
1558,val,0,A,A1738.jpg
1559,val,0,A,A2231.jpg
6802,train,0,A,A92.jpg
6803,train,0,A,A2225.jpg
6804,train,0,A,A86.jpg
6805,train,0,A,A2543.jpg
6806,train,0,A,A1062.jpg
1560,val,0,A,A693.jpg
1561,val,0,A,A1704.jpg
6807,train,0,A,A1710.jpg
6808,train,0,A,A2219.jpg
1562,val,0,A,A1076.jpg
1563,val,0,A,A687.jpg
6809,train,0,A,A308.jpg
1564,val,0,A,A334.jpg
6810,train,0,A,A452.jpg
6811,train,0,A,A2972.jpg
6812,train,0,A,A2966.jpg
6813,train,0,A,A446.jpg
6814,train,0,A,A320.jpg
1565,val,0,A,A2033.jpg
6815,train,0,A,A1248.jpg
6816,train,0,A,A2027.jpg
6817,train,0,A,A1506.jpg
6818,train,0,A,A491.jpg
6819,train,0,A,A1260.jpg
6820,train,0,A,A485.jpg
6821,train,0,A,A1274.jpg
6822,train,0,A,A1512.jpg
6823,train,0,A,A2184.jpg
6824,train,0,A,A2190.jpg
6825,train,0,A,A1499.jpg
6826,train,0,A,A526.jpg
6827,train,0,A,A532.jpg
6828,train,0,A,A2147.jpg
6829,train,0,A,A1328.jpg
6830,train,0,A,A2635.jpg
1566,val,0,A,A2153.jpg
6831,train,0,A,A1472.jpg
6832,train,0,A,A1314.jpg
6833,train,0,A,A1300.jpg
6834,train,0,A,A297.jpg
6835,train,0,A,A1466.jpg
6836,train,0,A,A718.jpg
6837,train,0,A,A2386.jpg
6838,train,0,A,A1857.jpg
6839,train,0,A,A1843.jpg
6840,train,0,A,A2392.jpg
6841,train,0,A,A724.jpg
6842,train,0,A,A730.jpg
1567,val,0,A,A1894.jpg
6843,train,0,A,A2345.jpg
1568,val,0,A,A2351.jpg
6844,train,0,A,A1658.jpg
6845,train,0,A,A1880.jpg
6846,train,0,A,A917.jpg
6847,train,0,A,A1116.jpg
1569,val,0,A,A2379.jpg
6848,train,0,A,A1670.jpg
1570,val,0,A,A1664.jpg
6849,train,0,A,A1102.jpg
1571,val,0,A,A1665.jpg
6850,train,0,A,A1103.jpg
6851,train,0,A,A1117.jpg
6852,train,0,A,A1671.jpg
6853,train,0,A,A2378.jpg
1572,val,0,A,A1881.jpg
1573,val,0,A,A1659.jpg
6854,train,0,A,A2350.jpg
6855,train,0,A,A916.jpg
6856,train,0,A,A2344.jpg
1574,val,0,A,A1895.jpg
1575,val,0,A,A731.jpg
6857,train,0,A,A725.jpg
6858,train,0,A,A2393.jpg
6859,train,0,A,A1842.jpg
6860,train,0,A,A719.jpg
6861,train,0,A,A1856.jpg
1576,val,0,A,A2387.jpg
6862,train,0,A,A1301.jpg
6863,train,0,A,A1467.jpg
6864,train,0,A,A296.jpg
6865,train,0,A,A1473.jpg
6866,train,0,A,A1315.jpg
1577,val,0,A,A2634.jpg
6867,train,0,A,A2152.jpg
6868,train,0,A,A2146.jpg
6869,train,0,A,A1329.jpg
1578,val,0,A,A533.jpg
6870,train,0,A,A527.jpg
1579,val,0,A,A1498.jpg
6871,train,0,A,A2191.jpg
6872,train,0,A,A2185.jpg
6873,train,0,A,A1275.jpg
1580,val,0,A,A484.jpg
6874,train,0,A,A1513.jpg
6875,train,0,A,A1507.jpg
6876,train,0,A,A1261.jpg
6877,train,0,A,A490.jpg
6878,train,0,A,A1249.jpg
6879,train,0,A,A2026.jpg
6880,train,0,A,A2032.jpg
6881,train,0,A,A447.jpg
6882,train,0,A,A2967.jpg
6883,train,0,A,A321.jpg
6884,train,0,A,A335.jpg
6885,train,0,A,A2973.jpg
6886,train,0,A,A453.jpg
6887,train,0,A,A309.jpg
6888,train,0,A,A2218.jpg
6889,train,0,A,A1711.jpg
6890,train,0,A,A686.jpg
6891,train,0,A,A1077.jpg
6892,train,0,A,A692.jpg
6893,train,0,A,A1063.jpg
6894,train,0,A,A1705.jpg
6895,train,0,A,A87.jpg
1581,val,0,A,A2224.jpg
6896,train,0,A,A2542.jpg
1582,val,0,A,A93.jpg
6897,train,0,A,A2230.jpg
6898,train,0,A,A1739.jpg
6899,train,0,A,A78.jpg
6900,train,0,A,A645.jpg
6901,train,0,A,A651.jpg
1583,val,0,A,A44.jpg
6902,train,0,A,A1936.jpg
6903,train,0,A,A1088.jpg
6904,train,0,A,A679.jpg
1584,val,0,A,A2581.jpg
6905,train,0,A,A1922.jpg
1585,val,0,A,A50.jpg
1586,val,0,A,A68.jpg
6906,train,0,A,A655.jpg
6907,train,0,A,A641.jpg
6908,train,0,A,A1926.jpg
6909,train,0,A,A669.jpg
6910,train,0,A,A1098.jpg
1587,val,0,A,A2591.jpg
6911,train,0,A,A1932.jpg
1588,val,0,A,A40.jpg
6912,train,0,A,A2208.jpg
1589,val,0,A,A1701.jpg
6913,train,0,A,A1067.jpg
6914,train,0,A,A696.jpg
6915,train,0,A,A1073.jpg
6916,train,0,A,A682.jpg
1590,val,0,A,A1715.jpg
1591,val,0,A,A2234.jpg
6917,train,0,A,A97.jpg
6918,train,0,A,A2220.jpg
6919,train,0,A,A83.jpg
6920,train,0,A,A1729.jpg
6921,train,0,A,A457.jpg
6922,train,0,A,A2977.jpg
6923,train,0,A,A331.jpg
6924,train,0,A,A325.jpg
6925,train,0,A,A2963.jpg
6926,train,0,A,A443.jpg
6927,train,0,A,A319.jpg
6928,train,0,A,A494.jpg
6929,train,0,A,A1265.jpg
6930,train,0,A,A1503.jpg
6931,train,0,A,A1517.jpg
6932,train,0,A,A480.jpg
6933,train,0,A,A1271.jpg
6934,train,0,A,A1259.jpg
6935,train,0,A,A2036.jpg
6936,train,0,A,A2022.jpg
1592,val,0,A,A523.jpg
6937,train,0,A,A537.jpg
1593,val,0,A,A1488.jpg
6938,train,0,A,A2181.jpg
6939,train,0,A,A2195.jpg
6940,train,0,A,A1311.jpg
6941,train,0,A,A1477.jpg
6942,train,0,A,A292.jpg
6943,train,0,A,A1463.jpg
1594,val,0,A,A1305.jpg
1595,val,0,A,A2142.jpg
1596,val,0,A,A2156.jpg
1597,val,0,A,A2630.jpg
6944,train,0,A,A1339.jpg
6945,train,0,A,A721.jpg
1598,val,0,A,A735.jpg
6946,train,0,A,A2383.jpg
6947,train,0,A,A1852.jpg
6948,train,0,A,A709.jpg
6949,train,0,A,A1846.jpg
6950,train,0,A,A2397.jpg
6951,train,0,A,A1675.jpg
6952,train,0,A,A1113.jpg
6953,train,0,A,A1107.jpg
1599,val,0,A,A1661.jpg
6954,train,0,A,A2368.jpg
6955,train,0,A,A1649.jpg
1600,val,0,A,A1891.jpg
6956,train,0,A,A2340.jpg
6957,train,0,A,A2354.jpg
6958,train,0,A,A1885.jpg
6959,train,0,A,A913.jpg
6960,train,0,A,A1884.jpg
6961,train,0,A,A2355.jpg
1601,val,0,A,A2341.jpg
6962,train,0,A,A1890.jpg
6963,train,0,A,A1648.jpg
6964,train,0,A,A1106.jpg
6965,train,0,A,A2369.jpg
6966,train,0,A,A1660.jpg
6967,train,0,A,A1674.jpg
1602,val,0,A,A1112.jpg
6968,train,0,A,A708.jpg
6969,train,0,A,A2396.jpg
6970,train,0,A,A1847.jpg
6971,train,0,A,A1853.jpg
6972,train,0,A,A2382.jpg
6973,train,0,A,A734.jpg
6974,train,0,A,A720.jpg
6975,train,0,A,A2157.jpg
6976,train,0,A,A1338.jpg
1603,val,0,A,A2631.jpg
6977,train,0,A,A2143.jpg
1604,val,0,A,A1462.jpg
6978,train,0,A,A293.jpg
6979,train,0,A,A1304.jpg
6980,train,0,A,A1310.jpg
6981,train,0,A,A1476.jpg
6982,train,0,A,A2194.jpg
1605,val,0,A,A2180.jpg
6983,train,0,A,A1489.jpg
6984,train,0,A,A536.jpg
6985,train,5,F,F2761.jpg
1606,val,5,F,F1268.jpg
6986,train,5,F,F611.jpg
6987,train,5,F,F43.jpg
1607,val,5,F,F2007.jpg
6988,train,5,F,F2013.jpg
1608,val,5,F,F57.jpg
6989,train,5,F,F163.jpg
6990,train,5,F,F605.jpg
1609,val,5,F,F2775.jpg
6991,train,5,F,F1254.jpg
6992,train,5,F,F2985.jpg
1610,val,5,F,F1532.jpg
6993,train,5,F,F1526.jpg
6994,train,5,F,F2749.jpg
6995,train,5,F,F2991.jpg
6996,train,5,F,F639.jpg
1611,val,5,F,F1240.jpg
6997,train,5,F,F80.jpg
6998,train,5,F,F94.jpg
6999,train,5,F,F2946.jpg
1612,val,5,F,F1297.jpg
7000,train,5,F,F836.jpg
7001,train,5,F,F1283.jpg
7002,train,5,F,F822.jpg
7003,train,5,F,F2952.jpg
1613,val,5,F,F2205.jpg
7004,train,5,F,F375.jpg
7005,train,5,F,F413.jpg
1614,val,5,F,F2563.jpg
7006,train,5,F,F2577.jpg
7007,train,5,F,F407.jpg
1615,val,5,F,F1718.jpg
7008,train,5,F,F361.jpg
7009,train,5,F,F2211.jpg
7010,train,5,F,F349.jpg
7011,train,5,F,F1730.jpg
7012,train,5,F,F2239.jpg
7013,train,5,F,F1056.jpg
7014,train,5,F,F1042.jpg
7015,train,5,F,F1724.jpg
7016,train,5,F,F1917.jpg
7017,train,5,F,F1903.jpg
7018,train,5,F,F1095.jpg
7019,train,5,F,F2588.jpg
7020,train,5,F,F1081.jpg
7021,train,5,F,F2371.jpg
7022,train,5,F,F1678.jpg
7023,train,5,F,F201.jpg
7024,train,5,F,F567.jpg
7025,train,5,F,F2417.jpg
7026,train,5,F,F2403.jpg
7027,train,5,F,F573.jpg
7028,train,5,F,F215.jpg
7029,train,5,F,F2365.jpg
7030,train,5,F,F1644.jpg
7031,train,5,F,F1122.jpg
7032,train,5,F,F1136.jpg
7033,train,5,F,F2359.jpg
7034,train,5,F,F1650.jpg
7035,train,5,F,F1888.jpg
7036,train,5,F,F1863.jpg
7037,train,5,F,F1877.jpg
1616,val,5,F,F1687.jpg
7038,train,5,F,F598.jpg
7039,train,5,F,F1693.jpg
7040,train,5,F,F2615.jpg
7041,train,5,F,F765.jpg
1617,val,5,F,F2167.jpg
7042,train,5,F,F1308.jpg
7043,train,5,F,F771.jpg
1618,val,5,F,F2601.jpg
7044,train,5,F,F759.jpg
7045,train,5,F,F1320.jpg
1619,val,5,F,F981.jpg
7046,train,5,F,F2629.jpg
1620,val,5,F,F1446.jpg
7047,train,5,F,F1452.jpg
7048,train,5,F,F1334.jpg
1621,val,5,F,F995.jpg
7049,train,5,F,F2832.jpg
1622,val,5,F,F942.jpg
7050,train,5,F,F1485.jpg
1623,val,5,F,F2198.jpg
7051,train,5,F,F1491.jpg
7052,train,5,F,F956.jpg
7053,train,5,F,F2826.jpg
7054,train,5,F,F1490.jpg
7055,train,5,F,F2199.jpg
1624,val,5,F,F2827.jpg
7056,train,5,F,F957.jpg
7057,train,5,F,F2833.jpg
7058,train,5,F,F1484.jpg
7059,train,5,F,F1453.jpg
1625,val,5,F,F994.jpg
7060,train,5,F,F1335.jpg
7061,train,5,F,F2628.jpg
1626,val,5,F,F980.jpg
7062,train,5,F,F758.jpg
7063,train,5,F,F1321.jpg
7064,train,5,F,F1447.jpg
7065,train,5,F,F2166.jpg
7066,train,5,F,F2600.jpg
7067,train,5,F,F1309.jpg
7068,train,5,F,F770.jpg
7069,train,5,F,F764.jpg
7070,train,5,F,F2614.jpg
7071,train,5,F,F2172.jpg
7072,train,5,F,F1692.jpg
7073,train,5,F,F1686.jpg
7074,train,5,F,F599.jpg
7075,train,5,F,F1876.jpg
7076,train,5,F,F1862.jpg
1627,val,5,F,F1137.jpg
1628,val,5,F,F1889.jpg
1629,val,5,F,F1651.jpg
7077,train,5,F,F2358.jpg
1630,val,5,F,F1645.jpg
7078,train,5,F,F1123.jpg
1631,val,5,F,F572.jpg
1632,val,5,F,F2402.jpg
7079,train,5,F,F2364.jpg
1633,val,5,F,F214.jpg
7080,train,5,F,F1679.jpg
1634,val,5,F,F2370.jpg
7081,train,5,F,F2416.jpg
7082,train,5,F,F566.jpg
7083,train,5,F,F1080.jpg
7084,train,5,F,F2589.jpg
7085,train,5,F,F1094.jpg
7086,train,5,F,F1902.jpg
7087,train,5,F,F1916.jpg
7088,train,5,F,F1043.jpg
7089,train,5,F,F1725.jpg
1635,val,5,F,F348.jpg
7090,train,5,F,F1731.jpg
1636,val,5,F,F1057.jpg
7091,train,5,F,F406.jpg
1637,val,5,F,F2576.jpg
7092,train,5,F,F2210.jpg
7093,train,5,F,F1719.jpg
7094,train,5,F,F360.jpg
7095,train,5,F,F374.jpg
7096,train,5,F,F2204.jpg
1638,val,5,F,F2562.jpg
7097,train,5,F,F412.jpg
7098,train,5,F,F2953.jpg
1639,val,5,F,F823.jpg
7099,train,5,F,F1282.jpg
7100,train,5,F,F837.jpg
7101,train,5,F,F1296.jpg
7102,train,5,F,F2947.jpg
7103,train,5,F,F95.jpg
7104,train,5,F,F81.jpg
1640,val,5,F,F1527.jpg
7105,train,5,F,F638.jpg
7106,train,5,F,F1241.jpg
7107,train,5,F,F2990.jpg
7108,train,5,F,F2748.jpg
1641,val,5,F,F2984.jpg
1642,val,5,F,F1255.jpg
7109,train,5,F,F1533.jpg
7110,train,5,F,F162.jpg
1643,val,5,F,F2012.jpg
7111,train,5,F,F56.jpg
7112,train,5,F,F2774.jpg
7113,train,5,F,F604.jpg
7114,train,5,F,F1269.jpg
7115,train,5,F,F610.jpg
7116,train,5,F,F2760.jpg
7117,train,5,F,F42.jpg
7118,train,5,F,F2006.jpg
7119,train,5,F,F606.jpg
7120,train,5,F,F2776.jpg
7121,train,5,F,F54.jpg
7122,train,5,F,F2010.jpg
1644,val,5,F,F1519.jpg
7123,train,5,F,F160.jpg
7124,train,5,F,F40.jpg
7125,train,5,F,F2762.jpg
7126,train,5,F,F612.jpg
7127,train,5,F,F2992.jpg
7128,train,5,F,F1243.jpg
7129,train,5,F,F1525.jpg
7130,train,5,F,F68.jpg
1645,val,5,F,F2038.jpg
7131,train,5,F,F148.jpg
7132,train,5,F,F1531.jpg
7133,train,5,F,F1257.jpg
7134,train,5,F,F2986.jpg
7135,train,5,F,F97.jpg
7136,train,5,F,F83.jpg
7137,train,5,F,F809.jpg
7138,train,5,F,F2979.jpg
7139,train,5,F,F1280.jpg
7140,train,5,F,F821.jpg
7141,train,5,F,F2951.jpg
7142,train,5,F,F2789.jpg
7143,train,5,F,F2945.jpg
7144,train,5,F,F1294.jpg
7145,train,5,F,F362.jpg
7146,train,5,F,F2212.jpg
7147,train,5,F,F2574.jpg
1646,val,5,F,F404.jpg
7148,train,5,F,F1069.jpg
7149,train,5,F,F410.jpg
7150,train,5,F,F2560.jpg
7151,train,5,F,F2206.jpg
7152,train,5,F,F376.jpg
1647,val,5,F,F1727.jpg
7153,train,5,F,F438.jpg
7154,train,5,F,F1041.jpg
7155,train,5,F,F2548.jpg
7156,train,5,F,F1055.jpg
7157,train,5,F,F1733.jpg
7158,train,5,F,F1900.jpg
7159,train,5,F,F1914.jpg
7160,train,5,F,F1082.jpg
7161,train,5,F,F1096.jpg
7162,train,5,F,F389.jpg
7163,train,5,F,F1928.jpg
7164,train,5,F,F2366.jpg
7165,train,5,F,F2400.jpg
7166,train,5,F,F1109.jpg
7167,train,5,F,F570.jpg
7168,train,5,F,F564.jpg
1648,val,5,F,F2414.jpg
7169,train,5,F,F2372.jpg
7170,train,5,F,F202.jpg
1649,val,5,F,F1653.jpg
7171,train,5,F,F1135.jpg
7172,train,5,F,F2428.jpg
1650,val,5,F,F558.jpg
1651,val,5,F,F1121.jpg
7173,train,5,F,F1647.jpg
7174,train,5,F,F1874.jpg
1652,val,5,F,F1860.jpg
7175,train,5,F,F1848.jpg
1653,val,5,F,F1690.jpg
7176,train,5,F,F2399.jpg
1654,val,5,F,F1684.jpg
7177,train,5,F,F772.jpg
7178,train,5,F,F2602.jpg
7179,train,5,F,F2164.jpg
7180,train,5,F,F1479.jpg
7181,train,5,F,F2616.jpg
1655,val,5,F,F766.jpg
7182,train,5,F,F1337.jpg
7183,train,5,F,F996.jpg
1656,val,5,F,F1451.jpg
7184,train,5,F,F1445.jpg
7185,train,5,F,F1323.jpg
7186,train,5,F,F982.jpg
7187,train,5,F,F2819.jpg
1657,val,5,F,F969.jpg
7188,train,5,F,F955.jpg
7189,train,5,F,F2825.jpg
7190,train,5,F,F1492.jpg
7191,train,5,F,F1486.jpg
7192,train,5,F,F2831.jpg
1658,val,5,F,F941.jpg
7193,train,5,F,F799.jpg
7194,train,5,F,F1487.jpg
1659,val,5,F,F798.jpg
7195,train,5,F,F940.jpg
7196,train,5,F,F2830.jpg
7197,train,5,F,F2824.jpg
7198,train,5,F,F954.jpg
7199,train,5,F,F1493.jpg
7200,train,5,F,F968.jpg
7201,train,5,F,F2818.jpg
7202,train,5,F,F1444.jpg
7203,train,5,F,F983.jpg
7204,train,5,F,F1322.jpg
1660,val,5,F,F997.jpg
7205,train,5,F,F1336.jpg
1661,val,5,F,F1450.jpg
7206,train,5,F,F2171.jpg
7207,train,5,F,F1478.jpg
1662,val,5,F,F767.jpg
7208,train,5,F,F2617.jpg
7209,train,5,F,F2603.jpg
7210,train,5,F,F773.jpg
7211,train,5,F,F1685.jpg
7212,train,5,F,F2398.jpg
7213,train,5,F,F1691.jpg
7214,train,5,F,F1849.jpg
7215,train,5,F,F1861.jpg
7216,train,5,F,F1875.jpg
7217,train,5,F,F559.jpg
7218,train,5,F,F1120.jpg
1663,val,5,F,F2429.jpg
7219,train,5,F,F1646.jpg
7220,train,5,F,F1652.jpg
1664,val,5,F,F1134.jpg
7221,train,5,F,F2415.jpg
7222,train,5,F,F565.jpg
7223,train,5,F,F203.jpg
7224,train,5,F,F2373.jpg
7225,train,5,F,F2367.jpg
7226,train,5,F,F1108.jpg
1665,val,5,F,F571.jpg
1666,val,5,F,F2401.jpg
7227,train,5,F,F1097.jpg
7228,train,5,F,F1929.jpg
7229,train,5,F,F388.jpg
7230,train,5,F,F1083.jpg
7231,train,5,F,F1915.jpg
7232,train,5,F,F1901.jpg
7233,train,5,F,F1054.jpg
7234,train,5,F,F1732.jpg
7235,train,5,F,F1726.jpg
7236,train,5,F,F2549.jpg
7237,train,5,F,F439.jpg
7238,train,5,F,F1040.jpg
7239,train,5,F,F2561.jpg
7240,train,5,F,F1068.jpg
7241,train,5,F,F411.jpg
7242,train,5,F,F377.jpg
7243,train,5,F,F2207.jpg
7244,train,5,F,F2213.jpg
7245,train,5,F,F363.jpg
7246,train,5,F,F405.jpg
7247,train,5,F,F2575.jpg
1667,val,5,F,F834.jpg
7248,train,5,F,F1295.jpg
7249,train,5,F,F2944.jpg
7250,train,5,F,F2788.jpg
1668,val,5,F,F2950.jpg
7251,train,5,F,F820.jpg
1669,val,5,F,F1281.jpg
7252,train,5,F,F82.jpg
1670,val,5,F,F2978.jpg
7253,train,5,F,F808.jpg
7254,train,5,F,F96.jpg
7255,train,5,F,F149.jpg
7256,train,5,F,F1530.jpg
7257,train,5,F,F2039.jpg
7258,train,5,F,F2987.jpg
7259,train,5,F,F1256.jpg
7260,train,5,F,F1242.jpg
7261,train,5,F,F2993.jpg
7262,train,5,F,F69.jpg
7263,train,5,F,F1524.jpg
1671,val,5,F,F2005.jpg
7264,train,5,F,F41.jpg
7265,train,5,F,F613.jpg
7266,train,5,F,F2763.jpg
7267,train,5,F,F2777.jpg
7268,train,5,F,F607.jpg
7269,train,5,F,F1518.jpg
7270,train,5,F,F161.jpg
7271,train,5,F,F55.jpg
7272,train,5,F,F2011.jpg
7273,train,5,F,F159.jpg
7274,train,5,F,F1520.jpg
7275,train,5,F,F2029.jpg
7276,train,5,F,F2997.jpg
7277,train,5,F,F1246.jpg
7278,train,5,F,F1252.jpg
7279,train,5,F,F2983.jpg
1672,val,5,F,F79.jpg
1673,val,5,F,F1534.jpg
7280,train,5,F,F2015.jpg
7281,train,5,F,F51.jpg
7282,train,5,F,F165.jpg
1674,val,5,F,F603.jpg
7283,train,5,F,F2773.jpg
7284,train,5,F,F2767.jpg
7285,train,5,F,F617.jpg
7286,train,5,F,F1508.jpg
7287,train,5,F,F171.jpg
1675,val,5,F,F45.jpg
7288,train,5,F,F1285.jpg
1676,val,5,F,F824.jpg
1677,val,5,F,F2954.jpg
7289,train,5,F,F2940.jpg
7290,train,5,F,F2798.jpg
7291,train,5,F,F1291.jpg
7292,train,5,F,F830.jpg
7293,train,5,F,F92.jpg
7294,train,5,F,F2968.jpg
7295,train,5,F,F818.jpg
7296,train,5,F,F86.jpg
7297,train,5,F,F1044.jpg
7298,train,5,F,F1722.jpg
1678,val,5,F,F1736.jpg
7299,train,5,F,F2559.jpg
1679,val,5,F,F429.jpg
7300,train,5,F,F1050.jpg
1680,val,5,F,F2571.jpg
1681,val,5,F,F1078.jpg
7301,train,5,F,F401.jpg
7302,train,5,F,F367.jpg
7303,train,5,F,F2217.jpg
7304,train,5,F,F2203.jpg
7305,train,5,F,F373.jpg
1682,val,5,F,F415.jpg
7306,train,5,F,F2565.jpg
7307,train,5,F,F1087.jpg
7308,train,5,F,F398.jpg
7309,train,5,F,F1939.jpg
7310,train,5,F,F1093.jpg
7311,train,5,F,F1905.jpg
7312,train,5,F,F1911.jpg
7313,train,5,F,F549.jpg
7314,train,5,F,F1130.jpg
7315,train,5,F,F2439.jpg
1683,val,5,F,F1656.jpg
7316,train,5,F,F1642.jpg
7317,train,5,F,F1124.jpg
7318,train,5,F,F2405.jpg
7319,train,5,F,F575.jpg
7320,train,5,F,F213.jpg
7321,train,5,F,F2363.jpg
1684,val,5,F,F2377.jpg
7322,train,5,F,F207.jpg
7323,train,5,F,F1118.jpg
7324,train,5,F,F561.jpg
7325,train,5,F,F2411.jpg
7326,train,5,F,F1695.jpg
7327,train,5,F,F2388.jpg
1685,val,5,F,F1859.jpg
7328,train,5,F,F1681.jpg
7329,train,5,F,F1871.jpg
7330,train,5,F,F1865.jpg
1686,val,5,F,F1454.jpg
1687,val,5,F,F1332.jpg
1688,val,5,F,F993.jpg
7331,train,5,F,F1326.jpg
7332,train,5,F,F987.jpg
1689,val,5,F,F2149.jpg
7333,train,5,F,F1440.jpg
7334,train,5,F,F1468.jpg
7335,train,5,F,F777.jpg
1690,val,5,F,F2607.jpg
1691,val,5,F,F2613.jpg
1692,val,5,F,F763.jpg
7336,train,5,F,F1497.jpg
7337,train,5,F,F950.jpg
7338,train,5,F,F788.jpg
1693,val,5,F,F2820.jpg
7339,train,5,F,F2834.jpg
1694,val,5,F,F944.jpg
7340,train,5,F,F1483.jpg
1695,val,5,F,F978.jpg
1696,val,5,F,F2808.jpg
1697,val,5,F,F2809.jpg
7341,train,5,F,F979.jpg
7342,train,5,F,F2835.jpg
7343,train,5,F,F1482.jpg
7344,train,5,F,F1496.jpg
7345,train,5,F,F2821.jpg
7346,train,5,F,F789.jpg
7347,train,5,F,F951.jpg
7348,train,5,F,F762.jpg
7349,train,5,F,F2612.jpg
1698,val,5,F,F2174.jpg
7350,train,5,F,F1469.jpg
7351,train,5,F,F2606.jpg
7352,train,5,F,F776.jpg
7353,train,5,F,F986.jpg
7354,train,5,F,F1327.jpg
7355,train,5,F,F1441.jpg
7356,train,5,F,F2148.jpg
1699,val,5,F,F1455.jpg
1700,val,5,F,F992.jpg
1701,val,5,F,F1333.jpg
1702,val,5,F,F1864.jpg
7357,train,5,F,F1870.jpg
7358,train,5,F,F1680.jpg
7359,train,5,F,F1858.jpg
7360,train,5,F,F2389.jpg
1703,val,5,F,F1694.jpg
7361,train,5,F,F206.jpg
7362,train,5,F,F2376.jpg
7363,train,5,F,F2410.jpg
7364,train,5,F,F1119.jpg
1704,val,5,F,F560.jpg
7365,train,5,F,F574.jpg
7366,train,5,F,F2362.jpg
7367,train,5,F,F212.jpg
7368,train,5,F,F1643.jpg
7369,train,5,F,F1125.jpg
1705,val,5,F,F2438.jpg
7370,train,5,F,F548.jpg
1706,val,5,F,F1131.jpg
7371,train,5,F,F1657.jpg
1707,val,5,F,F1910.jpg
7372,train,5,F,F1904.jpg
7373,train,5,F,F1092.jpg
7374,train,5,F,F1086.jpg
1708,val,5,F,F1938.jpg
7375,train,5,F,F399.jpg
7376,train,5,F,F372.jpg
7377,train,5,F,F2202.jpg
7378,train,5,F,F2564.jpg
1709,val,5,F,F414.jpg
1710,val,5,F,F1079.jpg
7379,train,5,F,F400.jpg
1711,val,5,F,F2570.jpg
7380,train,5,F,F2216.jpg
7381,train,5,F,F366.jpg
7382,train,5,F,F1737.jpg
7383,train,5,F,F428.jpg
1712,val,5,F,F1051.jpg
1713,val,5,F,F2558.jpg
1714,val,5,F,F1045.jpg
7384,train,5,F,F1723.jpg
7385,train,5,F,F87.jpg
7386,train,5,F,F93.jpg
7387,train,5,F,F819.jpg
7388,train,5,F,F2969.jpg
7389,train,5,F,F831.jpg
7390,train,5,F,F1290.jpg
7391,train,5,F,F2799.jpg
7392,train,5,F,F2941.jpg
7393,train,5,F,F2955.jpg
7394,train,5,F,F825.jpg
7395,train,5,F,F1284.jpg
1715,val,5,F,F616.jpg
7396,train,5,F,F2766.jpg
7397,train,5,F,F44.jpg
7398,train,5,F,F2000.jpg
7399,train,5,F,F1509.jpg
1716,val,5,F,F170.jpg
1717,val,5,F,F164.jpg
1718,val,5,F,F2014.jpg
7400,train,5,F,F50.jpg
7401,train,5,F,F2772.jpg
7402,train,5,F,F602.jpg
7403,train,5,F,F2982.jpg
1719,val,5,F,F1253.jpg
7404,train,5,F,F1535.jpg
7405,train,5,F,F78.jpg
7406,train,5,F,F2028.jpg
7407,train,5,F,F158.jpg
7408,train,5,F,F1521.jpg
7409,train,5,F,F1247.jpg
7410,train,5,F,F2996.jpg
7411,train,5,F,F1537.jpg
7412,train,5,F,F628.jpg
7413,train,5,F,F1251.jpg
7414,train,5,F,F2758.jpg
7415,train,5,F,F2980.jpg
7416,train,5,F,F2994.jpg
1720,val,5,F,F1245.jpg
1721,val,5,F,F1523.jpg
7417,train,5,F,F46.jpg
7418,train,5,F,F2764.jpg
7419,train,5,F,F614.jpg
1722,val,5,F,F1279.jpg
7420,train,5,F,F600.jpg
7421,train,5,F,F2770.jpg
7422,train,5,F,F52.jpg
7423,train,5,F,F2016.jpg
7424,train,5,F,F166.jpg
7425,train,5,F,F2943.jpg
7426,train,5,F,F1292.jpg
7427,train,5,F,F1286.jpg
7428,train,5,F,F827.jpg
1723,val,5,F,F2957.jpg
7429,train,5,F,F199.jpg
7430,train,5,F,F85.jpg
7431,train,5,F,F91.jpg
7432,train,5,F,F1053.jpg
7433,train,5,F,F1735.jpg
7434,train,5,F,F2228.jpg
7435,train,5,F,F358.jpg
7436,train,5,F,F1721.jpg
7437,train,5,F,F1047.jpg
1724,val,5,F,F416.jpg
7438,train,5,F,F2566.jpg
1725,val,5,F,F2200.jpg
7439,train,5,F,F1709.jpg
7440,train,5,F,F370.jpg
7441,train,5,F,F364.jpg
7442,train,5,F,F2572.jpg
7443,train,5,F,F402.jpg
1726,val,5,F,F1090.jpg
7444,train,5,F,F2599.jpg
7445,train,5,F,F1084.jpg
7446,train,5,F,F1912.jpg
7447,train,5,F,F1906.jpg
7448,train,5,F,F1127.jpg
7449,train,5,F,F238.jpg
7450,train,5,F,F1641.jpg
7451,train,5,F,F1899.jpg
7452,train,5,F,F2348.jpg
7453,train,5,F,F1655.jpg
7454,train,5,F,F1133.jpg
7455,train,5,F,F562.jpg
1727,val,5,F,F2374.jpg
7456,train,5,F,F204.jpg
7457,train,5,F,F1669.jpg
7458,train,5,F,F210.jpg
7459,train,5,F,F2360.jpg
1728,val,5,F,F576.jpg
7460,train,5,F,F1682.jpg
7461,train,5,F,F1696.jpg
1729,val,5,F,F589.jpg
7462,train,5,F,F1866.jpg
7463,train,5,F,F1872.jpg
7464,train,5,F,F1443.jpg
7465,train,5,F,F1325.jpg
7466,train,5,F,F984.jpg
7467,train,5,F,F2638.jpg
7468,train,5,F,F748.jpg
1730,val,5,F,F1331.jpg
7469,train,5,F,F990.jpg
1731,val,5,F,F1457.jpg
7470,train,5,F,F2176.jpg
7471,train,5,F,F2610.jpg
1732,val,5,F,F1319.jpg
7472,train,5,F,F760.jpg
7473,train,5,F,F774.jpg
7474,train,5,F,F2604.jpg
7475,train,5,F,F1480.jpg
7476,train,5,F,F2189.jpg
7477,train,5,F,F2837.jpg
7478,train,5,F,F947.jpg
1733,val,5,F,F953.jpg
7479,train,5,F,F2823.jpg
7480,train,5,F,F1494.jpg
7481,train,5,F,F2822.jpg
7482,train,5,F,F952.jpg
7483,train,5,F,F1495.jpg
1734,val,5,F,F2188.jpg
7484,train,5,F,F1481.jpg
7485,train,5,F,F946.jpg
7486,train,5,F,F2836.jpg
7487,train,5,F,F2605.jpg
1735,val,5,F,F775.jpg
7488,train,5,F,F2177.jpg
1736,val,5,F,F1318.jpg
7489,train,5,F,F761.jpg
7490,train,5,F,F2611.jpg
7491,train,5,F,F991.jpg
1737,val,5,F,F749.jpg
1738,val,5,F,F1330.jpg
1739,val,5,F,F2639.jpg
7492,train,5,F,F1456.jpg
1740,val,5,F,F1442.jpg
7493,train,5,F,F985.jpg
7494,train,5,F,F1324.jpg
7495,train,5,F,F1873.jpg
7496,train,5,F,F1867.jpg
7497,train,5,F,F1697.jpg
7498,train,5,F,F588.jpg
1741,val,5,F,F1683.jpg
7499,train,5,F,F2361.jpg
1742,val,5,F,F1668.jpg
1743,val,5,F,F211.jpg
1744,val,5,F,F577.jpg
1745,val,5,F,F2407.jpg
7500,train,5,F,F2413.jpg
7501,train,5,F,F563.jpg
7502,train,5,F,F2375.jpg
7503,train,5,F,F1654.jpg
1746,val,5,F,F1132.jpg
7504,train,5,F,F1126.jpg
7505,train,5,F,F2349.jpg
7506,train,5,F,F1898.jpg
7507,train,5,F,F239.jpg
1747,val,5,F,F1640.jpg
7508,train,5,F,F1907.jpg
7509,train,5,F,F1913.jpg
7510,train,5,F,F1085.jpg
7511,train,5,F,F2598.jpg
1748,val,5,F,F1091.jpg
1749,val,5,F,F2215.jpg
1750,val,5,F,F365.jpg
7512,train,5,F,F403.jpg
7513,train,5,F,F2573.jpg
7514,train,5,F,F2567.jpg
7515,train,5,F,F417.jpg
1751,val,5,F,F1708.jpg
1752,val,5,F,F371.jpg
7516,train,5,F,F2201.jpg
1753,val,5,F,F359.jpg
7517,train,5,F,F1720.jpg
7518,train,5,F,F2229.jpg
7519,train,5,F,F1052.jpg
7520,train,5,F,F1734.jpg
7521,train,5,F,F90.jpg
7522,train,5,F,F84.jpg
7523,train,5,F,F2956.jpg
7524,train,5,F,F826.jpg
7525,train,5,F,F1287.jpg
7526,train,5,F,F198.jpg
7527,train,5,F,F832.jpg
7528,train,5,F,F1293.jpg
7529,train,5,F,F2942.jpg
7530,train,5,F,F2771.jpg
7531,train,5,F,F1278.jpg
7532,train,5,F,F601.jpg
1754,val,5,F,F167.jpg
7533,train,5,F,F53.jpg
7534,train,5,F,F2017.jpg
1755,val,5,F,F47.jpg
7535,train,5,F,F615.jpg
7536,train,5,F,F2765.jpg
7537,train,5,F,F1244.jpg
7538,train,5,F,F2995.jpg
7539,train,5,F,F1522.jpg
7540,train,5,F,F1536.jpg
7541,train,5,F,F2981.jpg
7542,train,5,F,F2759.jpg
7543,train,5,F,F629.jpg
7544,train,5,F,F1250.jpg
7545,train,5,F,F2064.jpg
7546,train,5,F,F20.jpg
7547,train,5,F,F114.jpg
1756,val,5,F,F672.jpg
1757,val,5,F,F2702.jpg
7548,train,5,F,F2716.jpg
7549,train,5,F,F666.jpg
1758,val,5,F,F1579.jpg
7550,train,5,F,F100.jpg
7551,train,5,F,F34.jpg
7552,train,5,F,F2070.jpg
7553,train,5,F,F128.jpg
7554,train,5,F,F1551.jpg
7555,train,5,F,F7.jpg
7556,train,5,F,F2058.jpg
7557,train,5,F,F896.jpg
7558,train,5,F,F1237.jpg
7559,train,5,F,F882.jpg
1759,val,5,F,F1223.jpg
7560,train,5,F,F1545.jpg
7561,train,5,F,F2919.jpg
7562,train,5,F,F869.jpg
1760,val,5,F,F1592.jpg
7563,train,5,F,F855.jpg
7564,train,5,F,F2925.jpg
7565,train,5,F,F2931.jpg
7566,train,5,F,F699.jpg
7567,train,5,F,F841.jpg
7568,train,5,F,F1586.jpg
1761,val,5,F,F2500.jpg
7569,train,5,F,F1009.jpg
7570,train,5,F,F470.jpg
7571,train,5,F,F316.jpg
7572,train,5,F,F2266.jpg
7573,train,5,F,F2272.jpg
7574,train,5,F,F302.jpg
7575,train,5,F,F464.jpg
7576,train,5,F,F2514.jpg
7577,train,5,F,F1035.jpg
7578,train,5,F,F1753.jpg
7579,train,5,F,F1747.jpg
7580,train,5,F,F2528.jpg
7581,train,5,F,F458.jpg
1762,val,5,F,F1021.jpg
7582,train,5,F,F1974.jpg
7583,train,5,F,F1960.jpg
7584,train,5,F,F1790.jpg
7585,train,5,F,F1948.jpg
7586,train,5,F,F2299.jpg
1763,val,5,F,F1784.jpg
7587,train,5,F,F2474.jpg
7588,train,5,F,F504.jpg
1764,val,5,F,F262.jpg
7589,train,5,F,F2312.jpg
7590,train,5,F,F2306.jpg
7591,train,5,F,F276.jpg
1765,val,5,F,F1169.jpg
7592,train,5,F,F2460.jpg
7593,train,5,F,F538.jpg
1766,val,5,F,F1141.jpg
7594,train,5,F,F2448.jpg
7595,train,5,F,F1627.jpg
7596,train,5,F,F1633.jpg
1767,val,5,F,F1155.jpg
7597,train,5,F,F1800.jpg
1768,val,5,F,F1814.jpg
7598,train,5,F,F1182.jpg
7599,train,5,F,F1828.jpg
7600,train,5,F,F289.jpg
7601,train,5,F,F1196.jpg
7602,train,5,F,F2110.jpg
7603,train,5,F,F1419.jpg
7604,train,5,F,F706.jpg
7605,train,5,F,F2676.jpg
7606,train,5,F,F2662.jpg
7607,train,5,F,F712.jpg
7608,train,5,F,F2104.jpg
1769,val,5,F,F1425.jpg
7609,train,5,F,F2892.jpg
7610,train,5,F,F1343.jpg
7611,train,5,F,F1357.jpg
7612,train,5,F,F2886.jpg
7613,train,5,F,F1431.jpg
7614,train,5,F,F909.jpg
7615,train,5,F,F2879.jpg
1770,val,5,F,F921.jpg
7616,train,5,F,F1380.jpg
1771,val,5,F,F2689.jpg
1772,val,5,F,F2851.jpg
7617,train,5,F,F2845.jpg
7618,train,5,F,F935.jpg
7619,train,5,F,F1394.jpg
7620,train,5,F,F1395.jpg
1773,val,5,F,F934.jpg
1774,val,5,F,F2844.jpg
1775,val,5,F,F2850.jpg
7621,train,5,F,F2688.jpg
7622,train,5,F,F1381.jpg
7623,train,5,F,F920.jpg
1776,val,5,F,F2878.jpg
7624,train,5,F,F908.jpg
7625,train,5,F,F2887.jpg
7626,train,5,F,F1356.jpg
1777,val,5,F,F1430.jpg
7627,train,5,F,F2139.jpg
1778,val,5,F,F1424.jpg
7628,train,5,F,F1342.jpg
7629,train,5,F,F2893.jpg
1779,val,5,F,F713.jpg
1780,val,5,F,F2663.jpg
7630,train,5,F,F2105.jpg
7631,train,5,F,F1418.jpg
7632,train,5,F,F2111.jpg
7633,train,5,F,F2677.jpg
7634,train,5,F,F707.jpg
7635,train,5,F,F288.jpg
7636,train,5,F,F1829.jpg
7637,train,5,F,F1197.jpg
7638,train,5,F,F1183.jpg
7639,train,5,F,F1815.jpg
7640,train,5,F,F1801.jpg
1781,val,5,F,F1632.jpg
7641,train,5,F,F1154.jpg
1782,val,5,F,F2449.jpg
7642,train,5,F,F539.jpg
1783,val,5,F,F1140.jpg
7643,train,5,F,F1626.jpg
7644,train,5,F,F277.jpg
7645,train,5,F,F2307.jpg
7646,train,5,F,F2461.jpg
7647,train,5,F,F1168.jpg
7648,train,5,F,F511.jpg
7649,train,5,F,F505.jpg
7650,train,5,F,F2475.jpg
7651,train,5,F,F2313.jpg
7652,train,5,F,F263.jpg
7653,train,5,F,F1785.jpg
7654,train,5,F,F2298.jpg
7655,train,5,F,F1949.jpg
1784,val,5,F,F1791.jpg
1785,val,5,F,F1961.jpg
7656,train,5,F,F1975.jpg
1786,val,5,F,F1746.jpg
1787,val,5,F,F459.jpg
7657,train,5,F,F1020.jpg
7658,train,5,F,F2529.jpg
7659,train,5,F,F1034.jpg
7660,train,5,F,F1752.jpg
7661,train,5,F,F303.jpg
7662,train,5,F,F2273.jpg
7663,train,5,F,F2515.jpg
7664,train,5,F,F465.jpg
7665,train,5,F,F1008.jpg
7666,train,5,F,F471.jpg
7667,train,5,F,F2501.jpg
7668,train,5,F,F2267.jpg
7669,train,5,F,F317.jpg
1788,val,5,F,F698.jpg
7670,train,5,F,F2930.jpg
7671,train,5,F,F1587.jpg
7672,train,5,F,F1593.jpg
7673,train,5,F,F2924.jpg
1789,val,5,F,F854.jpg
7674,train,5,F,F868.jpg
7675,train,5,F,F2918.jpg
7676,train,5,F,F1222.jpg
7677,train,5,F,F883.jpg
7678,train,5,F,F1544.jpg
7679,train,5,F,F2059.jpg
7680,train,5,F,F6.jpg
7681,train,5,F,F129.jpg
7682,train,5,F,F1550.jpg
7683,train,5,F,F1236.jpg
7684,train,5,F,F897.jpg
7685,train,5,F,F667.jpg
1790,val,5,F,F2717.jpg
7686,train,5,F,F35.jpg
7687,train,5,F,F2071.jpg
1791,val,5,F,F1578.jpg
1792,val,5,F,F101.jpg
7688,train,5,F,F115.jpg
7689,train,5,F,F2065.jpg
1793,val,5,F,F21.jpg
7690,train,5,F,F2703.jpg
1794,val,5,F,F673.jpg
7691,train,5,F,F103.jpg
7692,train,5,F,F2073.jpg
7693,train,5,F,F37.jpg
1795,val,5,F,F2715.jpg
7694,train,5,F,F665.jpg
7695,train,5,F,F1208.jpg
7696,train,5,F,F671.jpg
1796,val,5,F,F2701.jpg
7697,train,5,F,F23.jpg
7698,train,5,F,F2067.jpg
7699,train,5,F,F117.jpg
1797,val,5,F,F1546.jpg
7700,train,5,F,F881.jpg
1798,val,5,F,F659.jpg
7701,train,5,F,F1220.jpg
1799,val,5,F,F2729.jpg
7702,train,5,F,F895.jpg
7703,train,5,F,F1234.jpg
7704,train,5,F,F1552.jpg
7705,train,5,F,F4.jpg
1800,val,5,F,F1585.jpg
7706,train,5,F,F2932.jpg
7707,train,5,F,F842.jpg
7708,train,5,F,F856.jpg
7709,train,5,F,F2926.jpg
7710,train,5,F,F2098.jpg
7711,train,5,F,F1591.jpg
1801,val,5,F,F467.jpg
7712,train,5,F,F2517.jpg
1802,val,5,F,F2271.jpg
7713,train,5,F,F1778.jpg
7714,train,5,F,F301.jpg
7715,train,5,F,F315.jpg
7716,train,5,F,F2265.jpg
7717,train,5,F,F2503.jpg
7718,train,5,F,F473.jpg
7719,train,5,F,F1022.jpg
7720,train,5,F,F1744.jpg
1803,val,5,F,F2259.jpg
7721,train,5,F,F1988.jpg
7722,train,5,F,F329.jpg
7723,train,5,F,F1750.jpg
1804,val,5,F,F1036.jpg
7724,train,5,F,F1963.jpg
7725,train,5,F,F1977.jpg
7726,train,5,F,F498.jpg
7727,train,5,F,F1787.jpg
7728,train,5,F,F1793.jpg
7729,train,5,F,F513.jpg
7730,train,5,F,F2463.jpg
7731,train,5,F,F2305.jpg
7732,train,5,F,F275.jpg
1805,val,5,F,F1618.jpg
7733,train,5,F,F261.jpg
7734,train,5,F,F2311.jpg
7735,train,5,F,F2477.jpg
7736,train,5,F,F1156.jpg
7737,train,5,F,F249.jpg
1806,val,5,F,F1630.jpg
7738,train,5,F,F2339.jpg
1807,val,5,F,F1624.jpg
7739,train,5,F,F1142.jpg
7740,train,5,F,F1817.jpg
7741,train,5,F,F1803.jpg
7742,train,5,F,F1195.jpg
7743,train,5,F,F2488.jpg
1808,val,5,F,F1181.jpg
7744,train,5,F,F2107.jpg
7745,train,5,F,F2661.jpg
7746,train,5,F,F1368.jpg
7747,train,5,F,F711.jpg
7748,train,5,F,F705.jpg
1809,val,5,F,F2675.jpg
7749,train,5,F,F2113.jpg
7750,train,5,F,F1432.jpg
7751,train,5,F,F1354.jpg
7752,train,5,F,F2885.jpg
1810,val,5,F,F2891.jpg
1811,val,5,F,F2649.jpg
7753,train,5,F,F739.jpg
7754,train,5,F,F1340.jpg
7755,train,5,F,F1426.jpg
7756,train,5,F,F2846.jpg
1812,val,5,F,F936.jpg
7757,train,5,F,F1397.jpg
1813,val,5,F,F922.jpg
7758,train,5,F,F1383.jpg
7759,train,5,F,F2852.jpg
7760,train,5,F,F2853.jpg
7761,train,5,F,F1382.jpg
7762,train,5,F,F923.jpg
7763,train,5,F,F1396.jpg
7764,train,5,F,F937.jpg
7765,train,5,F,F2847.jpg
7766,train,5,F,F738.jpg
1814,val,5,F,F1341.jpg
7767,train,5,F,F2648.jpg
7768,train,5,F,F2890.jpg
7769,train,5,F,F1427.jpg
7770,train,5,F,F1433.jpg
7771,train,5,F,F2884.jpg
7772,train,5,F,F1355.jpg
7773,train,5,F,F2674.jpg
1815,val,5,F,F704.jpg
7774,train,5,F,F2112.jpg
7775,train,13,O,O2414.jpg
1816,val,13,O,O153.jpg
7776,train,13,O,O635.jpg
1817,val,13,O,O2372.jpg
7777,train,13,O,O621.jpg
7778,train,13,O,O2366.jpg
7779,train,13,O,O2400.jpg
1818,val,13,O,O147.jpg
7780,train,13,O,O1109.jpg
7781,train,13,O,O2428.jpg
7782,train,13,O,O1121.jpg
7783,train,13,O,O1647.jpg
7784,train,13,O,O609.jpg
1819,val,13,O,O1653.jpg
7785,train,13,O,O1135.jpg
7786,train,13,O,O190.jpg
1820,val,13,O,O1860.jpg
7787,train,13,O,O1874.jpg
7788,train,13,O,O184.jpg
7789,train,13,O,O812.jpg
7790,train,13,O,O1684.jpg
7791,train,13,O,O1848.jpg
7792,train,13,O,O1690.jpg
7793,train,13,O,O2399.jpg
1821,val,13,O,O806.jpg
7794,train,13,O,O16.jpg
1822,val,13,O,O1479.jpg
7795,train,13,O,O437.jpg
7796,train,13,O,O351.jpg
7797,train,13,O,O2616.jpg
7798,train,13,O,O345.jpg
7799,train,13,O,O2602.jpg
7800,train,13,O,O423.jpg
7801,train,13,O,O1445.jpg
7802,train,13,O,O1323.jpg
7803,train,13,O,O379.jpg
7804,train,13,O,O1337.jpg
7805,train,13,O,O1451.jpg
7806,train,13,O,O392.jpg
7807,train,13,O,O386.jpg
1823,val,13,O,O1486.jpg
7808,train,13,O,O1492.jpg
1824,val,13,O,O543.jpg
7809,train,13,O,O2004.jpg
7810,train,13,O,O2762.jpg
7811,train,13,O,O225.jpg
7812,train,13,O,O231.jpg
7813,train,13,O,O557.jpg
7814,train,13,O,O2010.jpg
1825,val,13,O,O1519.jpg
1826,val,13,O,O2038.jpg
7815,train,13,O,O1531.jpg
1827,val,13,O,O1257.jpg
1828,val,13,O,O219.jpg
7816,train,13,O,O1243.jpg
7817,train,13,O,O1525.jpg
7818,train,13,O,O580.jpg
7819,train,13,O,O594.jpg
7820,train,13,O,O1294.jpg
1829,val,13,O,O1280.jpg
7821,train,13,O,O1069.jpg
7822,train,13,O,O741.jpg
1830,val,13,O,O999.jpg
1831,val,13,O,O755.jpg
7823,train,13,O,O1055.jpg
7824,train,13,O,O1733.jpg
7825,train,13,O,O769.jpg
1832,val,13,O,O1727.jpg
7826,train,13,O,O1041.jpg
7827,train,13,O,O1914.jpg
1833,val,13,O,O782.jpg
1834,val,13,O,O796.jpg
7828,train,13,O,O1900.jpg
7829,train,13,O,O1096.jpg
7830,train,13,O,O966.jpg
7831,train,13,O,O1928.jpg
7832,train,13,O,O972.jpg
7833,train,13,O,O1082.jpg
7834,train,13,O,O973.jpg
7835,train,13,O,O1083.jpg
7836,train,13,O,O1097.jpg
1835,val,13,O,O1929.jpg
7837,train,13,O,O967.jpg
7838,train,13,O,O1901.jpg
7839,train,13,O,O797.jpg
7840,train,13,O,O783.jpg
7841,train,13,O,O1915.jpg
7842,train,13,O,O1726.jpg
7843,train,13,O,O768.jpg
7844,train,13,O,O1040.jpg
7845,train,13,O,O1054.jpg
7846,train,13,O,O1732.jpg
7847,train,13,O,O754.jpg
7848,train,13,O,O1068.jpg
7849,train,13,O,O998.jpg
7850,train,13,O,O740.jpg
7851,train,13,O,O1281.jpg
7852,train,13,O,O1295.jpg
7853,train,13,O,O595.jpg
1836,val,13,O,O581.jpg
1837,val,13,O,O1242.jpg
7854,train,13,O,O1524.jpg
7855,train,13,O,O1530.jpg
7856,train,13,O,O2039.jpg
7857,train,13,O,O218.jpg
7858,train,13,O,O1256.jpg
7859,train,13,O,O230.jpg
7860,train,13,O,O1518.jpg
7861,train,13,O,O2011.jpg
7862,train,13,O,O556.jpg
7863,train,13,O,O2005.jpg
7864,train,13,O,O542.jpg
1838,val,13,O,O224.jpg
1839,val,13,O,O1493.jpg
7865,train,13,O,O1487.jpg
7866,train,13,O,O387.jpg
1840,val,13,O,O393.jpg
7867,train,13,O,O1336.jpg
7868,train,13,O,O378.jpg
7869,train,13,O,O1450.jpg
7870,train,13,O,O1444.jpg
1841,val,13,O,O1322.jpg
1842,val,13,O,O2603.jpg
1843,val,13,O,O344.jpg
7871,train,13,O,O422.jpg
1844,val,13,O,O436.jpg
7872,train,13,O,O1478.jpg
7873,train,13,O,O2617.jpg
7874,train,13,O,O350.jpg
7875,train,13,O,O807.jpg
7876,train,13,O,O2398.jpg
7877,train,13,O,O1691.jpg
7878,train,13,O,O1849.jpg
7879,train,13,O,O17.jpg
1845,val,13,O,O1685.jpg
7880,train,13,O,O813.jpg
7881,train,13,O,O1875.jpg
7882,train,13,O,O185.jpg
7883,train,13,O,O191.jpg
7884,train,13,O,O1861.jpg
7885,train,13,O,O1652.jpg
7886,train,13,O,O1134.jpg
7887,train,13,O,O1120.jpg
7888,train,13,O,O2429.jpg
7889,train,13,O,O608.jpg
7890,train,13,O,O1646.jpg
7891,train,13,O,O2367.jpg
7892,train,13,O,O620.jpg
7893,train,13,O,O1108.jpg
7894,train,13,O,O146.jpg
7895,train,13,O,O2401.jpg
7896,train,13,O,O152.jpg
7897,train,13,O,O2373.jpg
1846,val,13,O,O634.jpg
7898,train,13,O,O2403.jpg
7899,train,13,O,O144.jpg
7900,train,13,O,O622.jpg
1847,val,13,O,O2365.jpg
1848,val,13,O,O636.jpg
7901,train,13,O,O2371.jpg
7902,train,13,O,O1678.jpg
7903,train,13,O,O150.jpg
7904,train,13,O,O1136.jpg
7905,train,13,O,O178.jpg
7906,train,13,O,O1650.jpg
7907,train,13,O,O1888.jpg
1849,val,13,O,O1644.jpg
7908,train,13,O,O29.jpg
7909,train,13,O,O187.jpg
7910,train,13,O,O839.jpg
1850,val,13,O,O1877.jpg
7911,train,13,O,O1863.jpg
7912,train,13,O,O8.jpg
7913,train,13,O,O193.jpg
1851,val,13,O,O15.jpg
7914,train,13,O,O1693.jpg
7915,train,13,O,O805.jpg
1852,val,13,O,O811.jpg
1853,val,13,O,O1687.jpg
1854,val,13,O,O420.jpg
7916,train,13,O,O1308.jpg
7917,train,13,O,O346.jpg
7918,train,13,O,O2601.jpg
7919,train,13,O,O352.jpg
1855,val,13,O,O2615.jpg
7920,train,13,O,O434.jpg
1856,val,13,O,O1452.jpg
7921,train,13,O,O1334.jpg
7922,train,13,O,O1320.jpg
7923,train,13,O,O2629.jpg
7924,train,13,O,O408.jpg
1857,val,13,O,O1446.jpg
7925,train,13,O,O385.jpg
7926,train,13,O,O391.jpg
1858,val,13,O,O2198.jpg
7927,train,13,O,O1491.jpg
7928,train,13,O,O1485.jpg
7929,train,13,O,O554.jpg
7930,train,13,O,O2013.jpg
7931,train,13,O,O232.jpg
1859,val,13,O,O2761.jpg
7932,train,13,O,O226.jpg
1860,val,13,O,O1268.jpg
7933,train,13,O,O540.jpg
7934,train,13,O,O2007.jpg
7935,train,13,O,O1526.jpg
7936,train,13,O,O568.jpg
7937,train,13,O,O2749.jpg
7938,train,13,O,O1240.jpg
7939,train,13,O,O1254.jpg
7940,train,13,O,O1532.jpg
7941,train,13,O,O597.jpg
7942,train,13,O,O583.jpg
7943,train,13,O,O1283.jpg
7944,train,13,O,O1297.jpg
7945,train,13,O,O2577.jpg
7946,train,13,O,O1718.jpg
1861,val,13,O,O756.jpg
7947,train,13,O,O2205.jpg
1862,val,13,O,O742.jpg
7948,train,13,O,O1042.jpg
1863,val,13,O,O1724.jpg
7949,train,13,O,O1730.jpg
1864,val,13,O,O1056.jpg
7950,train,13,O,O795.jpg
7951,train,13,O,O1903.jpg
7952,train,13,O,O1917.jpg
7953,train,13,O,O959.jpg
7954,train,13,O,O781.jpg
7955,train,13,O,O2588.jpg
1865,val,13,O,O1081.jpg
1866,val,13,O,O971.jpg
7956,train,13,O,O965.jpg
7957,train,13,O,O1095.jpg
7958,train,13,O,O964.jpg
7959,train,13,O,O1094.jpg
1867,val,13,O,O1080.jpg
7960,train,13,O,O2589.jpg
7961,train,13,O,O970.jpg
7962,train,13,O,O780.jpg
7963,train,13,O,O958.jpg
7964,train,13,O,O1916.jpg
7965,train,13,O,O1902.jpg
7966,train,13,O,O794.jpg
7967,train,13,O,O1731.jpg
7968,train,13,O,O1057.jpg
7969,train,13,O,O1043.jpg
7970,train,13,O,O1725.jpg
7971,train,13,O,O743.jpg
7972,train,13,O,O757.jpg
7973,train,13,O,O1719.jpg
7974,train,13,O,O1296.jpg
7975,train,13,O,O1282.jpg
7976,train,13,O,O582.jpg
1868,val,13,O,O596.jpg
7977,train,13,O,O1255.jpg
7978,train,13,O,O1533.jpg
7979,train,13,O,O569.jpg
1869,val,13,O,O1527.jpg
1870,val,13,O,O1241.jpg
1871,val,13,O,O2748.jpg
7980,train,13,O,O1269.jpg
7981,train,13,O,O227.jpg
7982,train,13,O,O2006.jpg
7983,train,13,O,O541.jpg
7984,train,13,O,O2012.jpg
7985,train,13,O,O555.jpg
7986,train,13,O,O233.jpg
7987,train,13,O,O1484.jpg
7988,train,13,O,O1490.jpg
7989,train,13,O,O2199.jpg
7990,train,13,O,O390.jpg
7991,train,13,O,O384.jpg
7992,train,13,O,O2628.jpg
1872,val,13,O,O1321.jpg
7993,train,13,O,O1447.jpg
7994,train,13,O,O409.jpg
7995,train,13,O,O1453.jpg
7996,train,13,O,O1335.jpg
7997,train,13,O,O2614.jpg
7998,train,13,O,O353.jpg
7999,train,13,O,O435.jpg
8000,train,13,O,O421.jpg
8001,train,13,O,O2600.jpg
8002,train,13,O,O347.jpg
8003,train,13,O,O1309.jpg
8004,train,13,O,O1686.jpg
8005,train,13,O,O810.jpg
8006,train,13,O,O14.jpg
1873,val,13,O,O804.jpg
1874,val,13,O,O1692.jpg
8007,train,13,O,O9.jpg
8008,train,13,O,O1862.jpg
1875,val,13,O,O192.jpg
8009,train,13,O,O186.jpg
8010,train,13,O,O28.jpg
8011,train,13,O,O1876.jpg
8012,train,13,O,O838.jpg
1876,val,13,O,O1645.jpg
1877,val,13,O,O1123.jpg
8013,train,13,O,O179.jpg
1878,val,13,O,O1137.jpg
8014,train,13,O,O1889.jpg
1879,val,13,O,O1651.jpg
8015,train,13,O,O2358.jpg
8016,train,13,O,O1679.jpg
1880,val,13,O,O2370.jpg
1881,val,13,O,O637.jpg
1882,val,13,O,O151.jpg
1883,val,13,O,O2416.jpg
8017,train,13,O,O145.jpg
8018,train,13,O,O2402.jpg
8019,train,13,O,O2364.jpg
8020,train,13,O,O623.jpg
1884,val,13,O,O1655.jpg
8021,train,13,O,O1133.jpg
1885,val,13,O,O169.jpg
8022,train,13,O,O1127.jpg
1886,val,13,O,O1641.jpg
8023,train,13,O,O1899.jpg
8024,train,13,O,O1669.jpg
8025,train,13,O,O2360.jpg
1887,val,13,O,O627.jpg
8026,train,13,O,O141.jpg
8027,train,13,O,O2406.jpg
8028,train,13,O,O155.jpg
8029,train,13,O,O2412.jpg
8030,train,13,O,O2374.jpg
8031,train,13,O,O633.jpg
8032,train,13,O,O1696.jpg
8033,train,13,O,O800.jpg
8034,train,13,O,O10.jpg
1888,val,13,O,O814.jpg
8035,train,13,O,O1682.jpg
8036,train,13,O,O1872.jpg
1889,val,13,O,O182.jpg
8037,train,13,O,O196.jpg
1890,val,13,O,O38.jpg
8038,train,13,O,O1866.jpg
8039,train,13,O,O828.jpg
8040,train,13,O,O2638.jpg
8041,train,13,O,O1331.jpg
8042,train,13,O,O1457.jpg
8043,train,13,O,O419.jpg
8044,train,13,O,O1443.jpg
8045,train,13,O,O1325.jpg
8046,train,13,O,O2604.jpg
8047,train,13,O,O343.jpg
8048,train,13,O,O425.jpg
8049,train,13,O,O431.jpg
8050,train,13,O,O2176.jpg
8051,train,13,O,O2610.jpg
8052,train,13,O,O357.jpg
8053,train,13,O,O1319.jpg
8054,train,13,O,O1494.jpg
8055,train,13,O,O1480.jpg
8056,train,13,O,O380.jpg
1891,val,13,O,O394.jpg
8057,train,13,O,O1245.jpg
8058,train,13,O,O1523.jpg
8059,train,13,O,O579.jpg
8060,train,13,O,O1537.jpg
8061,train,13,O,O1251.jpg
1892,val,13,O,O2758.jpg
8062,train,13,O,O1279.jpg
8063,train,13,O,O237.jpg
1893,val,13,O,O2016.jpg
8064,train,13,O,O551.jpg
8065,train,13,O,O2002.jpg
8066,train,13,O,O545.jpg
1894,val,13,O,O223.jpg
1895,val,13,O,O2764.jpg
8067,train,13,O,O1286.jpg
1896,val,13,O,O2943.jpg
8068,train,13,O,O1292.jpg
8069,train,13,O,O592.jpg
8070,train,13,O,O586.jpg
8071,train,13,O,O1721.jpg
8072,train,13,O,O1047.jpg
1897,val,13,O,O1053.jpg
8073,train,13,O,O1735.jpg
1898,val,13,O,O753.jpg
8074,train,13,O,O747.jpg
1899,val,13,O,O1709.jpg
8075,train,13,O,O974.jpg
8076,train,13,O,O1084.jpg
1900,val,13,O,O1090.jpg
8077,train,13,O,O2599.jpg
8078,train,13,O,O960.jpg
8079,train,13,O,O948.jpg
1901,val,13,O,O790.jpg
8080,train,13,O,O1906.jpg
8081,train,13,O,O1912.jpg
8082,train,13,O,O784.jpg
1902,val,13,O,O785.jpg
8083,train,13,O,O1913.jpg
8084,train,13,O,O1907.jpg
8085,train,13,O,O791.jpg
8086,train,13,O,O949.jpg
8087,train,13,O,O2598.jpg
1903,val,13,O,O1091.jpg
8088,train,13,O,O961.jpg
8089,train,13,O,O975.jpg
8090,train,13,O,O1085.jpg
8091,train,13,O,O1708.jpg
8092,train,13,O,O746.jpg
1904,val,13,O,O752.jpg
1905,val,13,O,O1052.jpg
8093,train,13,O,O1734.jpg
8094,train,13,O,O1720.jpg
8095,train,13,O,O1046.jpg
8096,train,13,O,O587.jpg
8097,train,13,O,O593.jpg
8098,train,13,O,O1293.jpg
1906,val,13,O,O1287.jpg
8099,train,13,O,O544.jpg
8100,train,13,O,O2003.jpg
1907,val,13,O,O222.jpg
1908,val,13,O,O236.jpg
8101,train,13,O,O1278.jpg
1909,val,13,O,O550.jpg
1910,val,13,O,O2017.jpg
8102,train,13,O,O1536.jpg
8103,train,13,O,O578.jpg
1911,val,13,O,O1250.jpg
1912,val,13,O,O1244.jpg
8104,train,13,O,O1522.jpg
1913,val,13,O,O395.jpg
8105,train,13,O,O381.jpg
8106,train,13,O,O1481.jpg
8107,train,13,O,O1495.jpg
8108,train,13,O,O430.jpg
1914,val,13,O,O1318.jpg
8109,train,13,O,O356.jpg
8110,train,13,O,O2611.jpg
8111,train,13,O,O342.jpg
8112,train,13,O,O2605.jpg
8113,train,13,O,O424.jpg
8114,train,13,O,O1442.jpg
8115,train,13,O,O1324.jpg
1915,val,13,O,O1330.jpg
8116,train,13,O,O2639.jpg
8117,train,13,O,O418.jpg
8118,train,13,O,O1456.jpg
8119,train,13,O,O39.jpg
8120,train,13,O,O197.jpg
8121,train,13,O,O829.jpg
8122,train,13,O,O1867.jpg
8123,train,13,O,O1873.jpg
8124,train,13,O,O183.jpg
8125,train,13,O,O1683.jpg
8126,train,13,O,O815.jpg
8127,train,13,O,O801.jpg
8128,train,13,O,O1697.jpg
8129,train,13,O,O11.jpg
8130,train,13,O,O2413.jpg
8131,train,13,O,O154.jpg
8132,train,13,O,O632.jpg
8133,train,13,O,O2375.jpg
8134,train,13,O,O626.jpg
8135,train,13,O,O1668.jpg
1916,val,13,O,O2407.jpg
8136,train,13,O,O140.jpg
1917,val,13,O,O1126.jpg
8137,train,13,O,O168.jpg
8138,train,13,O,O1898.jpg
8139,train,13,O,O1640.jpg
1918,val,13,O,O1654.jpg
8140,train,13,O,O1132.jpg
8141,train,13,O,O1642.jpg
8142,train,13,O,O1124.jpg
8143,train,13,O,O1130.jpg
8144,train,13,O,O2439.jpg
8145,train,13,O,O618.jpg
8146,train,13,O,O1656.jpg
8147,train,13,O,O2377.jpg
8148,train,13,O,O630.jpg
1919,val,13,O,O1118.jpg
8149,train,13,O,O156.jpg
8150,train,13,O,O2411.jpg
1920,val,13,O,O142.jpg
8151,train,13,O,O2405.jpg
8152,train,13,O,O2363.jpg
1921,val,13,O,O624.jpg
8153,train,13,O,O2388.jpg
8154,train,13,O,O817.jpg
1922,val,13,O,O1859.jpg
8155,train,13,O,O1681.jpg
8156,train,13,O,O13.jpg
8157,train,13,O,O1695.jpg
8158,train,13,O,O803.jpg
8159,train,13,O,O1865.jpg
1923,val,13,O,O195.jpg
1924,val,13,O,O181.jpg
8160,train,13,O,O1871.jpg
8161,train,13,O,O1326.jpg
8162,train,13,O,O368.jpg
1925,val,13,O,O1440.jpg
8163,train,13,O,O1454.jpg
1926,val,13,O,O1332.jpg
8164,train,13,O,O2613.jpg
8165,train,13,O,O354.jpg
8166,train,13,O,O432.jpg
8167,train,13,O,O426.jpg
8168,train,13,O,O1468.jpg
8169,train,13,O,O2607.jpg
8170,train,13,O,O340.jpg
8171,train,13,O,O1483.jpg
8172,train,13,O,O1497.jpg
8173,train,13,O,O397.jpg
8174,train,13,O,O383.jpg
8175,train,13,O,O1252.jpg
8176,train,13,O,O1534.jpg
8177,train,13,O,O1520.jpg
8178,train,13,O,O2029.jpg
8179,train,13,O,O208.jpg
8180,train,13,O,O1246.jpg
1927,val,13,O,O220.jpg
1928,val,13,O,O1508.jpg
8181,train,13,O,O2001.jpg
8182,train,13,O,O546.jpg
8183,train,13,O,O2015.jpg
1929,val,13,O,O552.jpg
8184,train,13,O,O234.jpg
8185,train,13,O,O1291.jpg
8186,train,13,O,O1285.jpg
8187,train,13,O,O585.jpg
1930,val,13,O,O591.jpg
1931,val,13,O,O1736.jpg
1932,val,13,O,O778.jpg
8188,train,13,O,O1050.jpg
1933,val,13,O,O1044.jpg
8189,train,13,O,O1722.jpg
8190,train,13,O,O744.jpg
8191,train,13,O,O1078.jpg
1934,val,13,O,O750.jpg
1935,val,13,O,O988.jpg
8192,train,13,O,O963.jpg
8193,train,13,O,O1093.jpg
8194,train,13,O,O1087.jpg
8195,train,13,O,O1939.jpg
8196,train,13,O,O977.jpg
1936,val,13,O,O1911.jpg
8197,train,13,O,O787.jpg
8198,train,13,O,O793.jpg
8199,train,13,O,O1905.jpg
8200,train,13,O,O1904.jpg
8201,train,13,O,O792.jpg
8202,train,13,O,O786.jpg
8203,train,13,O,O1910.jpg
8204,train,13,O,O1086.jpg
8205,train,13,O,O976.jpg
8206,train,13,O,O1938.jpg
1937,val,13,O,O962.jpg
1938,val,13,O,O1092.jpg
8207,train,13,O,O1079.jpg
8208,train,13,O,O989.jpg
8209,train,13,O,O751.jpg
8210,train,13,O,O745.jpg
8211,train,13,O,O1045.jpg
1939,val,13,O,O1723.jpg
8212,train,13,O,O779.jpg
8213,train,13,O,O1737.jpg
8214,train,13,O,O1051.jpg
8215,train,13,O,O590.jpg
8216,train,13,O,O584.jpg
8217,train,13,O,O1284.jpg
8218,train,13,O,O1290.jpg
8219,train,13,O,O553.jpg
8220,train,13,O,O2014.jpg
8221,train,13,O,O235.jpg
1940,val,13,O,O221.jpg
8222,train,13,O,O547.jpg
8223,train,13,O,O2000.jpg
8224,train,13,O,O1509.jpg
8225,train,13,O,O2028.jpg
8226,train,13,O,O1521.jpg
8227,train,13,O,O1247.jpg
8228,train,13,O,O209.jpg
8229,train,13,O,O1253.jpg
8230,train,13,O,O1535.jpg
8231,train,13,O,O382.jpg
8232,train,13,O,O396.jpg
1941,val,13,O,O1496.jpg
1942,val,13,O,O1482.jpg
8233,train,13,O,O1469.jpg
1943,val,13,O,O427.jpg
8234,train,13,O,O341.jpg
8235,train,13,O,O2606.jpg
1944,val,13,O,O355.jpg
8236,train,13,O,O2612.jpg
8237,train,13,O,O433.jpg
1945,val,13,O,O1455.jpg
8238,train,13,O,O1333.jpg
8239,train,13,O,O369.jpg
8240,train,13,O,O1327.jpg
1946,val,13,O,O1441.jpg
8241,train,13,O,O180.jpg
1947,val,13,O,O1870.jpg
8242,train,13,O,O1864.jpg
8243,train,13,O,O194.jpg
8244,train,13,O,O12.jpg
1948,val,13,O,O802.jpg
8245,train,13,O,O1694.jpg
8246,train,13,O,O1680.jpg
8247,train,13,O,O1858.jpg
8248,train,13,O,O816.jpg
1949,val,13,O,O2389.jpg
1950,val,13,O,O2404.jpg
8249,train,13,O,O143.jpg
8250,train,13,O,O625.jpg
8251,train,13,O,O2362.jpg
1951,val,13,O,O631.jpg
8252,train,13,O,O2376.jpg
8253,train,13,O,O2410.jpg
8254,train,13,O,O157.jpg
8255,train,13,O,O1119.jpg
8256,train,13,O,O2438.jpg
1952,val,13,O,O1131.jpg
8257,train,13,O,O1657.jpg
8258,train,13,O,O619.jpg
8259,train,13,O,O1643.jpg
8260,train,13,O,O1125.jpg
8261,train,13,O,O1618.jpg
8262,train,13,O,O656.jpg
8263,train,13,O,O2477.jpg
8264,train,13,O,O130.jpg
8265,train,13,O,O2463.jpg
8266,train,13,O,O124.jpg
8267,train,13,O,O642.jpg
8268,train,13,O,O1624.jpg
8269,train,13,O,O1142.jpg
8270,train,13,O,O118.jpg
1953,val,13,O,O1156.jpg
8271,train,13,O,O1630.jpg
1954,val,13,O,O695.jpg
8272,train,13,O,O1803.jpg
8273,train,13,O,O49.jpg
8274,train,13,O,O1817.jpg
8275,train,13,O,O681.jpg
8276,train,13,O,O859.jpg
8277,train,13,O,O871.jpg
1955,val,13,O,O2488.jpg
8278,train,13,O,O61.jpg
8279,train,13,O,O1181.jpg
8280,train,13,O,O75.jpg
8281,train,13,O,O1195.jpg
8282,train,13,O,O865.jpg
8283,train,13,O,O332.jpg
8284,train,13,O,O2675.jpg
8285,train,13,O,O2113.jpg
8286,train,13,O,O454.jpg
1956,val,13,O,O2107.jpg
1957,val,13,O,O326.jpg
8287,train,13,O,O2661.jpg
8288,train,13,O,O1368.jpg
8289,train,13,O,O2891.jpg
1958,val,13,O,O2649.jpg
8290,train,13,O,O1340.jpg
8291,train,13,O,O1426.jpg
8292,train,13,O,O1432.jpg
8293,train,13,O,O1354.jpg
1959,val,13,O,O1383.jpg
8294,train,13,O,O2852.jpg
8295,train,13,O,O1397.jpg
8296,train,13,O,O1208.jpg
1960,val,13,O,O2701.jpg
8297,train,13,O,O246.jpg
8298,train,13,O,O520.jpg
1961,val,13,O,O2067.jpg
1962,val,13,O,O534.jpg
8299,train,13,O,O2715.jpg
8300,train,13,O,O252.jpg
8301,train,13,O,O1234.jpg
8302,train,13,O,O1552.jpg
8303,train,13,O,O1546.jpg
8304,train,13,O,O1220.jpg
8305,train,13,O,O2729.jpg
1963,val,13,O,O285.jpg
1964,val,13,O,O291.jpg
1965,val,13,O,O1591.jpg
8306,train,13,O,O1585.jpg
1966,val,13,O,O722.jpg
8307,train,13,O,O736.jpg
8308,train,13,O,O1778.jpg
8309,train,13,O,O1988.jpg
1967,val,13,O,O1750.jpg
8310,train,13,O,O1036.jpg
1968,val,13,O,O1022.jpg
8311,train,13,O,O1744.jpg
8312,train,13,O,O939.jpg
1969,val,13,O,O1977.jpg
8313,train,13,O,O1963.jpg
8314,train,13,O,O1793.jpg
8315,train,13,O,O905.jpg
8316,train,13,O,O911.jpg
8317,train,13,O,O1787.jpg
8318,train,13,O,O1786.jpg
8319,train,13,O,O910.jpg
8320,train,13,O,O904.jpg
8321,train,13,O,O1792.jpg
1970,val,13,O,O1962.jpg
1971,val,13,O,O1976.jpg
8322,train,13,O,O938.jpg
8323,train,13,O,O1023.jpg
8324,train,13,O,O1745.jpg
8325,train,13,O,O1751.jpg
8326,train,13,O,O1989.jpg
8327,train,13,O,O1037.jpg
8328,train,13,O,O1779.jpg
8329,train,13,O,O737.jpg
1972,val,13,O,O723.jpg
8330,train,13,O,O1584.jpg
8331,train,13,O,O1590.jpg
8332,train,13,O,O290.jpg
8333,train,13,O,O284.jpg
8334,train,13,O,O1547.jpg
8335,train,13,O,O2728.jpg
8336,train,13,O,O1221.jpg
8337,train,13,O,O1235.jpg
8338,train,13,O,O1553.jpg
8339,train,13,O,O2072.jpg
8340,train,13,O,O535.jpg
8341,train,13,O,O253.jpg
8342,train,13,O,O2714.jpg
8343,train,13,O,O247.jpg
8344,train,13,O,O2700.jpg
8345,train,13,O,O1209.jpg
1973,val,13,O,O2066.jpg
8346,train,13,O,O1396.jpg
8347,train,13,O,O2853.jpg
8348,train,13,O,O1382.jpg
8349,train,13,O,O1433.jpg
8350,train,13,O,O1355.jpg
8351,train,13,O,O1341.jpg
8352,train,13,O,O2648.jpg
8353,train,13,O,O2890.jpg
1974,val,13,O,O1427.jpg
8354,train,13,O,O441.jpg
8355,train,13,O,O2106.jpg
8356,train,13,O,O1369.jpg
8357,train,13,O,O2660.jpg
8358,train,13,O,O327.jpg
8359,train,13,O,O2674.jpg
8360,train,13,O,O333.jpg
1975,val,13,O,O2112.jpg
8361,train,13,O,O1194.jpg
8362,train,13,O,O74.jpg
1976,val,13,O,O864.jpg
8363,train,13,O,O870.jpg
8364,train,13,O,O1180.jpg
1977,val,13,O,O60.jpg
8365,train,13,O,O2489.jpg
8366,train,13,O,O48.jpg
8367,train,13,O,O858.jpg
8368,train,13,O,O680.jpg
8369,train,13,O,O1816.jpg
8370,train,13,O,O1802.jpg
8371,train,13,O,O694.jpg
8372,train,13,O,O1157.jpg
8373,train,13,O,O119.jpg
8374,train,13,O,O1631.jpg
8375,train,13,O,O1625.jpg
8376,train,13,O,O1143.jpg
8377,train,13,O,O125.jpg
8378,train,13,O,O2462.jpg
8379,train,13,O,O643.jpg
1978,val,13,O,O657.jpg
8380,train,13,O,O1619.jpg
8381,train,13,O,O131.jpg
8382,train,13,O,O2476.jpg
8383,train,13,O,O899.jpg
8384,train,13,O,O641.jpg
1979,val,13,O,O89.jpg
8385,train,13,O,O1169.jpg
8386,train,13,O,O2460.jpg
1980,val,13,O,O127.jpg
1981,val,13,O,O2474.jpg
8387,train,13,O,O133.jpg
8388,train,13,O,O655.jpg
8389,train,13,O,O1633.jpg
8390,train,13,O,O1155.jpg
8391,train,13,O,O1141.jpg
8392,train,13,O,O2448.jpg
8393,train,13,O,O669.jpg
8394,train,13,O,O1627.jpg
8395,train,13,O,O1814.jpg
8396,train,13,O,O682.jpg
8397,train,13,O,O696.jpg
8398,train,13,O,O1800.jpg
8399,train,13,O,O866.jpg
8400,train,13,O,O1828.jpg
8401,train,13,O,O76.jpg
8402,train,13,O,O1196.jpg
8403,train,13,O,O62.jpg
8404,train,13,O,O1182.jpg
8405,train,13,O,O872.jpg
8406,train,13,O,O325.jpg
8407,train,13,O,O2662.jpg
8408,train,13,O,O2104.jpg
8409,train,13,O,O2110.jpg
1982,val,13,O,O1419.jpg
8410,train,13,O,O331.jpg
8411,train,13,O,O1357.jpg
8412,train,13,O,O2886.jpg
8413,train,13,O,O319.jpg
8414,train,13,O,O1431.jpg
8415,train,13,O,O1425.jpg
8416,train,13,O,O2892.jpg
1983,val,13,O,O1343.jpg
8417,train,13,O,O1394.jpg
8418,train,13,O,O1380.jpg
8419,train,13,O,O2851.jpg
1984,val,13,O,O2716.jpg
8420,train,13,O,O251.jpg
8421,train,13,O,O1579.jpg
8422,train,13,O,O537.jpg
8423,train,13,O,O2070.jpg
8424,train,13,O,O2064.jpg
8425,train,13,O,O2702.jpg
1985,val,13,O,O245.jpg
8426,train,13,O,O1223.jpg
8427,train,13,O,O1545.jpg
8428,train,13,O,O1551.jpg
8429,train,13,O,O2058.jpg
8430,train,13,O,O279.jpg
8431,train,13,O,O1237.jpg
8432,train,13,O,O292.jpg
8433,train,13,O,O286.jpg
8434,train,13,O,O1586.jpg
8435,train,13,O,O1592.jpg
8436,train,13,O,O735.jpg
8437,train,13,O,O1009.jpg
8438,train,13,O,O721.jpg
8439,train,13,O,O1747.jpg
8440,train,13,O,O709.jpg
8441,train,13,O,O1021.jpg
8442,train,13,O,O1035.jpg
8443,train,13,O,O1753.jpg
8444,train,13,O,O1960.jpg
8445,train,13,O,O1974.jpg
8446,train,13,O,O912.jpg
8447,train,13,O,O1784.jpg
8448,train,13,O,O1790.jpg
8449,train,13,O,O1948.jpg
8450,train,13,O,O906.jpg
8451,train,13,O,O907.jpg
8452,train,13,O,O1949.jpg
8453,train,13,O,O1791.jpg
8454,train,13,O,O1785.jpg
8455,train,13,O,O913.jpg
8456,train,13,O,O1975.jpg
1986,val,13,O,O1961.jpg
8457,train,13,O,O1034.jpg
8458,train,13,O,O1752.jpg
1987,val,13,O,O708.jpg
8459,train,13,O,O1746.jpg
8460,train,13,O,O1020.jpg
8461,train,13,O,O1008.jpg
8462,train,13,O,O720.jpg
8463,train,13,O,O2267.jpg
8464,train,13,O,O734.jpg
8465,train,13,O,O1593.jpg
1988,val,13,O,O1587.jpg
8466,train,13,O,O287.jpg
8467,train,13,O,O293.jpg
8468,train,13,O,O2059.jpg
8469,train,13,O,O1550.jpg
8470,train,13,O,O1236.jpg
1989,val,13,O,O278.jpg
8471,train,13,O,O1222.jpg
1990,val,13,O,O1544.jpg
8472,train,13,O,O244.jpg
8473,train,13,O,O2703.jpg
8474,train,13,O,O250.jpg
8475,train,13,O,O2717.jpg
8476,train,13,O,O2071.jpg
8477,train,13,O,O536.jpg
8478,train,13,O,O1578.jpg
8479,train,13,O,O2850.jpg
8480,train,13,O,O1381.jpg
8481,train,13,O,O1395.jpg
8482,train,13,O,O2878.jpg
8483,train,13,O,O1424.jpg
8484,train,13,O,O1342.jpg
8485,train,13,O,O318.jpg
8486,train,13,O,O2887.jpg
8487,train,13,O,O1356.jpg
8488,train,13,O,O1430.jpg
8489,train,13,O,O1418.jpg
8490,train,13,O,O456.jpg
1991,val,13,O,O2111.jpg
1992,val,13,O,O330.jpg
8491,train,13,O,O2663.jpg
8492,train,13,O,O324.jpg
8493,train,13,O,O442.jpg
8494,train,13,O,O2105.jpg
8495,train,13,O,O1183.jpg
8496,train,13,O,O63.jpg
8497,train,13,O,O873.jpg
8498,train,13,O,O1829.jpg
8499,train,13,O,O867.jpg
8500,train,13,O,O1197.jpg
8501,train,13,O,O77.jpg
1993,val,13,O,O1801.jpg
8502,train,13,O,O697.jpg
8503,train,13,O,O683.jpg
8504,train,13,O,O1815.jpg
1994,val,13,O,O2449.jpg
1995,val,13,O,O1140.jpg
8505,train,13,O,O1626.jpg
8506,train,13,O,O668.jpg
8507,train,13,O,O1632.jpg
8508,train,13,O,O1154.jpg
1996,val,13,O,O132.jpg
8509,train,13,O,O2475.jpg
8510,train,13,O,O654.jpg
8511,train,13,O,O640.jpg
8512,train,13,O,O898.jpg
1997,val,13,O,O126.jpg
8513,train,13,O,O2461.jpg
8514,train,13,O,O1168.jpg
8515,train,13,O,O88.jpg
8516,train,13,O,O2459.jpg
1998,val,13,O,O1150.jpg
8517,train,13,O,O1636.jpg
8518,train,13,O,O678.jpg
8519,train,13,O,O1622.jpg
8520,train,13,O,O1144.jpg
8521,train,13,O,O122.jpg
8522,train,13,O,O2465.jpg
1999,val,13,O,O644.jpg
2000,val,13,O,O888.jpg
8523,train,13,O,O650.jpg
8524,train,13,O,O136.jpg
8525,train,13,O,O2471.jpg
8526,train,13,O,O1178.jpg
2001,val,13,O,O98.jpg
8527,train,13,O,O1193.jpg
8528,train,13,O,O73.jpg
2002,val,13,O,O863.jpg
2003,val,13,O,O1839.jpg
8529,train,13,O,O877.jpg
2004,val,13,O,O1187.jpg
8530,train,13,O,O67.jpg
8531,train,13,O,O1811.jpg
8532,train,13,O,O687.jpg
2005,val,13,O,O693.jpg
8533,train,13,O,O1805.jpg
8534,train,13,O,O1434.jpg
2006,val,13,O,O1352.jpg
8535,train,13,O,O2883.jpg
8536,train,13,O,O308.jpg
8537,train,13,O,O1346.jpg
8538,train,13,O,O1420.jpg
8539,train,13,O,O2129.jpg
2007,val,13,O,O1408.jpg
8540,train,13,O,O2101.jpg
8541,train,13,O,O2667.jpg
8542,train,13,O,O320.jpg
8543,train,13,O,O334.jpg
2008,val,13,O,O2115.jpg
8544,train,13,O,O1391.jpg
8545,train,13,O,O1385.jpg
8546,train,13,O,O2854.jpg
8547,train,13,O,O2049.jpg
8548,train,13,O,O1540.jpg
8549,train,13,O,O1226.jpg
8550,train,13,O,O268.jpg
2009,val,13,O,O1232.jpg
8551,train,13,O,O1554.jpg
8552,train,13,O,O532.jpg
2010,val,13,O,O254.jpg
8553,train,13,O,O2713.jpg
8554,train,13,O,O240.jpg
2011,val,13,O,O2707.jpg
8555,train,13,O,O2061.jpg
8556,train,13,O,O1568.jpg
2012,val,13,O,O1583.jpg
8557,train,13,O,O2920.jpg
8558,train,13,O,O1597.jpg
8559,train,13,O,O297.jpg
8560,train,13,O,O283.jpg
2013,val,13,O,O1024.jpg
8561,train,13,O,O1742.jpg
8562,train,13,O,O718.jpg
8563,train,13,O,O1756.jpg
8564,train,13,O,O1030.jpg
8565,train,13,O,O1018.jpg
8566,train,13,O,O730.jpg
8567,train,13,O,O724.jpg
2014,val,13,O,O917.jpg
8568,train,13,O,O1781.jpg
8569,train,13,O,O1959.jpg
8570,train,13,O,O1795.jpg
8571,train,13,O,O903.jpg
8572,train,13,O,O1965.jpg
8573,train,13,O,O1971.jpg
8574,train,13,O,O1970.jpg
8575,train,13,O,O1964.jpg
8576,train,7,H,H1388.jpg
8577,train,7,H,H628.jpg
8578,train,7,H,H600.jpg
8579,train,7,H,H166.jpg
2015,val,7,H,H172.jpg
8580,train,7,H,H614.jpg
8581,train,7,H,H827.jpg
8582,train,7,H,H2130.jpg
8583,train,7,H,H1439.jpg
2016,val,7,H,H58.jpg
8584,train,7,H,H199.jpg
8585,train,7,H,H2642.jpg
8586,train,7,H,H833.jpg
8587,train,7,H,H2124.jpg
8588,train,7,H,H1405.jpg
8589,train,7,H,H1363.jpg
8590,train,7,H,H64.jpg
8591,train,7,H,H1377.jpg
8592,train,7,H,H70.jpg
8593,train,7,H,H1411.jpg
2017,val,7,H,H358.jpg
2018,val,7,H,H2497.jpg
8594,train,7,H,H1820.jpg
8595,train,7,H,H1834.jpg
8596,train,7,H,H2483.jpg
8597,train,7,H,H364.jpg
8598,train,7,H,H402.jpg
8599,train,7,H,H416.jpg
8600,train,7,H,H1808.jpg
8601,train,7,H,H370.jpg
8602,train,7,H,H2454.jpg
8603,train,7,H,H2326.jpg
8604,train,7,H,H1149.jpg
8605,train,7,H,H2440.jpg
8606,train,7,H,H1161.jpg
8607,train,7,H,H2468.jpg
8608,train,7,H,H1607.jpg
2019,val,7,H,H1613.jpg
2020,val,7,H,H1175.jpg
8609,train,7,H,H2285.jpg
8610,train,7,H,H1954.jpg
8611,train,7,H,H1798.jpg
8612,train,7,H,H1940.jpg
8613,train,7,H,H2291.jpg
8614,train,7,H,H238.jpg
8615,train,7,H,H210.jpg
8616,train,7,H,H576.jpg
8617,train,7,H,H562.jpg
8618,train,7,H,H204.jpg
8619,train,7,H,H1029.jpg
8620,train,7,H,H1997.jpg
8621,train,7,H,H2246.jpg
2021,val,7,H,H589.jpg
8622,train,7,H,H2252.jpg
8623,train,7,H,H1983.jpg
8624,train,7,H,H2534.jpg
8625,train,7,H,H1015.jpg
2022,val,7,H,H1773.jpg
8626,train,7,H,H1767.jpg
8627,train,7,H,H1001.jpg
8628,train,7,H,H990.jpg
8629,train,7,H,H748.jpg
2023,val,7,H,H984.jpg
8630,train,7,H,H774.jpg
8631,train,7,H,H2905.jpg
8632,train,7,H,H2911.jpg
8633,train,7,H,H760.jpg
8634,train,7,H,H2044.jpg
2024,val,7,H,H953.jpg
8635,train,7,H,H1559.jpg
8636,train,7,H,H2050.jpg
8637,train,7,H,H947.jpg
8638,train,7,H,H1571.jpg
8639,train,7,H,H1217.jpg
8640,train,7,H,H1203.jpg
2025,val,7,H,H1565.jpg
2026,val,7,H,H1202.jpg
8641,train,7,H,H1564.jpg
8642,train,7,H,H1570.jpg
8643,train,7,H,H1216.jpg
2027,val,7,H,H946.jpg
8644,train,7,H,H2051.jpg
8645,train,7,H,H1558.jpg
8646,train,7,H,H952.jpg
2028,val,7,H,H2045.jpg
8647,train,7,H,H761.jpg
8648,train,7,H,H775.jpg
8649,train,7,H,H2904.jpg
8650,train,7,H,H985.jpg
2029,val,7,H,H749.jpg
8651,train,7,H,H991.jpg
8652,train,7,H,H1766.jpg
8653,train,7,H,H1000.jpg
8654,train,7,H,H1014.jpg
8655,train,7,H,H1772.jpg
8656,train,7,H,H1982.jpg
8657,train,7,H,H2253.jpg
2030,val,7,H,H2535.jpg
8658,train,7,H,H1028.jpg
2031,val,7,H,H2521.jpg
8659,train,7,H,H588.jpg
2032,val,7,H,H2247.jpg
8660,train,7,H,H1996.jpg
8661,train,7,H,H563.jpg
8662,train,7,H,H205.jpg
8663,train,7,H,H211.jpg
2033,val,7,H,H577.jpg
8664,train,7,H,H2290.jpg
8665,train,7,H,H1941.jpg
8666,train,7,H,H1799.jpg
8667,train,7,H,H239.jpg
8668,train,7,H,H1955.jpg
8669,train,7,H,H2284.jpg
8670,train,7,H,H1612.jpg
8671,train,7,H,H1174.jpg
2034,val,7,H,H2469.jpg
8672,train,7,H,H1160.jpg
8673,train,7,H,H1606.jpg
2035,val,7,H,H2327.jpg
2036,val,7,H,H2441.jpg
8674,train,7,H,H1148.jpg
8675,train,7,H,H2455.jpg
8676,train,7,H,H2333.jpg
8677,train,7,H,H1809.jpg
8678,train,7,H,H417.jpg
2037,val,7,H,H371.jpg
2038,val,7,H,H365.jpg
8679,train,7,H,H403.jpg
2039,val,7,H,H1835.jpg
2040,val,7,H,H2482.jpg
2041,val,7,H,H2496.jpg
8680,train,7,H,H359.jpg
2042,val,7,H,H1821.jpg
8681,train,7,H,H71.jpg
2043,val,7,H,H1376.jpg
2044,val,7,H,H1410.jpg
8682,train,7,H,H2119.jpg
8683,train,7,H,H1404.jpg
8684,train,7,H,H65.jpg
8685,train,7,H,H1362.jpg
8686,train,7,H,H2643.jpg
2045,val,7,H,H2125.jpg
8687,train,7,H,H832.jpg
2046,val,7,H,H1438.jpg
8688,train,7,H,H2131.jpg
8689,train,7,H,H826.jpg
8690,train,7,H,H198.jpg
8691,train,7,H,H59.jpg
2047,val,7,H,H173.jpg
8692,train,7,H,H615.jpg
8693,train,7,H,H601.jpg
8694,train,7,H,H167.jpg
8695,train,7,H,H1389.jpg
2048,val,7,H,H629.jpg
8696,train,7,H,H159.jpg
2049,val,7,H,H98.jpg
8697,train,7,H,H617.jpg
2050,val,7,H,H171.jpg
8698,train,7,H,H165.jpg
8699,train,7,H,H603.jpg
8700,train,7,H,H830.jpg
8701,train,7,H,H2127.jpg
8702,train,7,H,H2641.jpg
8703,train,7,H,H1348.jpg
8704,train,7,H,H2655.jpg
8705,train,7,H,H824.jpg
8706,train,7,H,H2133.jpg
8707,train,7,H,H1412.jpg
8708,train,7,H,H1374.jpg
2051,val,7,H,H73.jpg
8709,train,7,H,H1360.jpg
8710,train,7,H,H67.jpg
8711,train,7,H,H1406.jpg
8712,train,7,H,H818.jpg
8713,train,7,H,H2480.jpg
8714,train,7,H,H1189.jpg
8715,train,7,H,H1837.jpg
8716,train,7,H,H429.jpg
8717,train,7,H,H1823.jpg
8718,train,7,H,H2494.jpg
8719,train,7,H,H373.jpg
8720,train,7,H,H415.jpg
8721,train,7,H,H401.jpg
2052,val,7,H,H367.jpg
8722,train,7,H,H2443.jpg
8723,train,7,H,H2325.jpg
2053,val,7,H,H1638.jpg
8724,train,7,H,H2457.jpg
8725,train,7,H,H398.jpg
8726,train,7,H,H1176.jpg
8727,train,7,H,H1610.jpg
8728,train,7,H,H2319.jpg
8729,train,7,H,H1604.jpg
8730,train,7,H,H1162.jpg
8731,train,7,H,H1943.jpg
8732,train,7,H,H2292.jpg
2054,val,7,H,H549.jpg
8733,train,7,H,H2286.jpg
8734,train,7,H,H1957.jpg
8735,train,7,H,H207.jpg
8736,train,7,H,H561.jpg
8737,train,7,H,H575.jpg
8738,train,7,H,H213.jpg
8739,train,7,H,H2537.jpg
8740,train,7,H,H2251.jpg
8741,train,7,H,H1980.jpg
2055,val,7,H,H1758.jpg
8742,train,7,H,H1994.jpg
8743,train,7,H,H2245.jpg
8744,train,7,H,H1002.jpg
2056,val,7,H,H1764.jpg
8745,train,7,H,H2279.jpg
2057,val,7,H,H1770.jpg
8746,train,7,H,H1016.jpg
8747,train,7,H,H987.jpg
8748,train,7,H,H1599.jpg
8749,train,7,H,H993.jpg
8750,train,7,H,H763.jpg
8751,train,7,H,H777.jpg
8752,train,7,H,H2053.jpg
8753,train,7,H,H944.jpg
2058,val,7,H,H1228.jpg
8754,train,7,H,H788.jpg
8755,train,7,H,H2047.jpg
8756,train,7,H,H950.jpg
2059,val,7,H,H978.jpg
8757,train,7,H,H1566.jpg
8758,train,7,H,H1200.jpg
8759,train,7,H,H1214.jpg
8760,train,7,H,H1572.jpg
8761,train,7,H,H1215.jpg
8762,train,7,H,H1573.jpg
8763,train,7,H,H1567.jpg
8764,train,7,H,H979.jpg
8765,train,7,H,H1201.jpg
8766,train,7,H,H1229.jpg
8767,train,7,H,H951.jpg
8768,train,7,H,H2046.jpg
8769,train,7,H,H789.jpg
8770,train,7,H,H945.jpg
8771,train,7,H,H2052.jpg
8772,train,7,H,H776.jpg
2060,val,7,H,H762.jpg
8773,train,7,H,H2913.jpg
8774,train,7,H,H992.jpg
2061,val,7,H,H1598.jpg
8775,train,7,H,H986.jpg
8776,train,7,H,H1771.jpg
8777,train,7,H,H2278.jpg
8778,train,7,H,H1017.jpg
8779,train,7,H,H1003.jpg
8780,train,7,H,H1765.jpg
8781,train,7,H,H2244.jpg
2062,val,7,H,H1995.jpg
2063,val,7,H,H1759.jpg
8782,train,7,H,H1981.jpg
8783,train,7,H,H2250.jpg
8784,train,7,H,H574.jpg
2064,val,7,H,H212.jpg
2065,val,7,H,H206.jpg
8785,train,7,H,H560.jpg
8786,train,7,H,H1956.jpg
8787,train,7,H,H2287.jpg
8788,train,7,H,H548.jpg
8789,train,7,H,H2293.jpg
2066,val,7,H,H1942.jpg
8790,train,7,H,H1605.jpg
8791,train,7,H,H1163.jpg
8792,train,7,H,H1177.jpg
8793,train,7,H,H2318.jpg
8794,train,7,H,H1611.jpg
8795,train,7,H,H1639.jpg
2067,val,7,H,H399.jpg
8796,train,7,H,H2456.jpg
8797,train,7,H,H2442.jpg
2068,val,7,H,H400.jpg
2069,val,7,H,H366.jpg
8798,train,7,H,H372.jpg
8799,train,7,H,H414.jpg
8800,train,7,H,H1822.jpg
8801,train,7,H,H2495.jpg
2070,val,7,H,H1188.jpg
8802,train,7,H,H2481.jpg
2071,val,7,H,H428.jpg
8803,train,7,H,H1836.jpg
8804,train,7,H,H66.jpg
8805,train,7,H,H1361.jpg
8806,train,7,H,H819.jpg
8807,train,7,H,H1407.jpg
8808,train,7,H,H1413.jpg
2072,val,7,H,H72.jpg
8809,train,7,H,H1375.jpg
8810,train,7,H,H2654.jpg
2073,val,7,H,H2132.jpg
8811,train,7,H,H825.jpg
8812,train,7,H,H831.jpg
8813,train,7,H,H1349.jpg
8814,train,7,H,H2640.jpg
8815,train,7,H,H164.jpg
8816,train,7,H,H602.jpg
8817,train,7,H,H616.jpg
8818,train,7,H,H170.jpg
8819,train,7,H,H99.jpg
8820,train,7,H,H158.jpg
8821,train,7,H,H174.jpg
8822,train,7,H,H2863.jpg
8823,train,7,H,H612.jpg
8824,train,7,H,H606.jpg
2074,val,7,H,H160.jpg
8825,train,7,H,H89.jpg
8826,train,7,H,H148.jpg
8827,train,7,H,H1371.jpg
8828,train,7,H,H76.jpg
8829,train,7,H,H809.jpg
8830,train,7,H,H1417.jpg
8831,train,7,H,H1403.jpg
8832,train,7,H,H1365.jpg
8833,train,7,H,H62.jpg
8834,train,7,H,H2644.jpg
8835,train,7,H,H835.jpg
2075,val,7,H,H2136.jpg
8836,train,7,H,H821.jpg
8837,train,7,H,H1359.jpg
2076,val,7,H,H2650.jpg
8838,train,7,H,H410.jpg
8839,train,7,H,H376.jpg
8840,train,7,H,H362.jpg
8841,train,7,H,H404.jpg
8842,train,7,H,H1832.jpg
8843,train,7,H,H2485.jpg
8844,train,7,H,H1198.jpg
2077,val,7,H,H2491.jpg
8845,train,7,H,H438.jpg
8846,train,7,H,H1826.jpg
8847,train,7,H,H1615.jpg
2078,val,7,H,H1173.jpg
8848,train,7,H,H1167.jpg
8849,train,7,H,H2308.jpg
8850,train,7,H,H1601.jpg
8851,train,7,H,H2320.jpg
2079,val,7,H,H1629.jpg
8852,train,7,H,H2446.jpg
8853,train,7,H,H389.jpg
2080,val,7,H,H2452.jpg
8854,train,7,H,H2334.jpg
8855,train,7,H,H564.jpg
8856,train,7,H,H202.jpg
2081,val,7,H,H216.jpg
8857,train,7,H,H570.jpg
8858,train,7,H,H1946.jpg
2082,val,7,H,H558.jpg
8859,train,7,H,H2297.jpg
8860,train,7,H,H2283.jpg
8861,train,7,H,H1952.jpg
2083,val,7,H,H1761.jpg
2084,val,7,H,H2268.jpg
8862,train,7,H,H1007.jpg
2085,val,7,H,H1013.jpg
8863,train,7,H,H1775.jpg
8864,train,7,H,H2254.jpg
8865,train,7,H,H1985.jpg
8866,train,7,H,H2532.jpg
2086,val,7,H,H1991.jpg
2087,val,7,H,H1749.jpg
2088,val,7,H,H2240.jpg
8867,train,7,H,H766.jpg
8868,train,7,H,H772.jpg
8869,train,7,H,H982.jpg
8870,train,7,H,H1588.jpg
8871,train,7,H,H996.jpg
8872,train,7,H,H1205.jpg
8873,train,7,H,H1563.jpg
8874,train,7,H,H1577.jpg
8875,train,7,H,H969.jpg
8876,train,7,H,H1211.jpg
2089,val,7,H,H1239.jpg
2090,val,7,H,H799.jpg
8877,train,7,H,H941.jpg
8878,train,7,H,H2056.jpg
8879,train,7,H,H955.jpg
8880,train,7,H,H2042.jpg
8881,train,7,H,H2043.jpg
8882,train,7,H,H954.jpg
8883,train,7,H,H1238.jpg
8884,train,7,H,H2057.jpg
8885,train,7,H,H940.jpg
8886,train,7,H,H798.jpg
8887,train,7,H,H968.jpg
8888,train,7,H,H1576.jpg
8889,train,7,H,H1210.jpg
8890,train,7,H,H1204.jpg
8891,train,7,H,H1562.jpg
8892,train,7,H,H997.jpg
8893,train,7,H,H1589.jpg
8894,train,7,H,H983.jpg
8895,train,7,H,H773.jpg
8896,train,7,H,H767.jpg
8897,train,7,H,H2527.jpg
8898,train,7,H,H2241.jpg
8899,train,7,H,H1748.jpg
8900,train,7,H,H1990.jpg
8901,train,7,H,H1984.jpg
2091,val,7,H,H2255.jpg
2092,val,7,H,H2533.jpg
8902,train,7,H,H1012.jpg
8903,train,7,H,H1774.jpg
8904,train,7,H,H2269.jpg
8905,train,7,H,H1760.jpg
2093,val,7,H,H1006.jpg
8906,train,7,H,H1953.jpg
8907,train,7,H,H2282.jpg
8908,train,7,H,H2296.jpg
8909,train,7,H,H559.jpg
8910,train,7,H,H1947.jpg
2094,val,7,H,H217.jpg
8911,train,7,H,H571.jpg
8912,train,7,H,H565.jpg
8913,train,7,H,H203.jpg
2095,val,7,H,H2453.jpg
8914,train,7,H,H1628.jpg
8915,train,7,H,H2321.jpg
2096,val,7,H,H388.jpg
8916,train,7,H,H2447.jpg
2097,val,7,H,H1166.jpg
8917,train,7,H,H1600.jpg
8918,train,7,H,H2309.jpg
2098,val,7,H,H1614.jpg
2099,val,7,H,H1172.jpg
8919,train,7,H,H2490.jpg
8920,train,7,H,H1199.jpg
8921,train,7,H,H1827.jpg
2100,val,7,H,H439.jpg
8922,train,7,H,H1833.jpg
8923,train,7,H,H2484.jpg
8924,train,7,H,H363.jpg
8925,train,7,H,H405.jpg
2101,val,7,H,H411.jpg
8926,train,7,H,H377.jpg
2102,val,7,H,H820.jpg
8927,train,7,H,H2137.jpg
8928,train,7,H,H2651.jpg
8929,train,7,H,H1358.jpg
8930,train,7,H,H2645.jpg
8931,train,7,H,H834.jpg
2103,val,7,H,H1402.jpg
8932,train,7,H,H63.jpg
8933,train,7,H,H1364.jpg
8934,train,7,H,H77.jpg
8935,train,7,H,H1370.jpg
2104,val,7,H,H1416.jpg
8936,train,7,H,H808.jpg
8937,train,7,H,H149.jpg
8938,train,7,H,H88.jpg
8939,train,7,H,H607.jpg
8940,train,7,H,H161.jpg
2105,val,7,H,H175.jpg
8941,train,7,H,H613.jpg
8942,train,7,H,H163.jpg
8943,train,7,H,H605.jpg
8944,train,7,H,H611.jpg
8945,train,7,H,H177.jpg
8946,train,7,H,H1399.jpg
2106,val,7,H,H639.jpg
2107,val,7,H,H1366.jpg
8947,train,7,H,H61.jpg
2108,val,7,H,H1400.jpg
8948,train,7,H,H1414.jpg
8949,train,7,H,H1372.jpg
8950,train,7,H,H75.jpg
8951,train,7,H,H2653.jpg
8952,train,7,H,H2135.jpg
2109,val,7,H,H822.jpg
8953,train,7,H,H1428.jpg
8954,train,7,H,H836.jpg
2110,val,7,H,H188.jpg
8955,train,7,H,H2647.jpg
8956,train,7,H,H49.jpg
8957,train,7,H,H1819.jpg
8958,train,7,H,H407.jpg
8959,train,7,H,H361.jpg
8960,train,7,H,H375.jpg
8961,train,7,H,H413.jpg
8962,train,7,H,H1825.jpg
8963,train,7,H,H2492.jpg
8964,train,7,H,H349.jpg
8965,train,7,H,H2486.jpg
8966,train,7,H,H1831.jpg
8967,train,7,H,H1602.jpg
2111,val,7,H,H1164.jpg
8968,train,7,H,H2479.jpg
8969,train,7,H,H1170.jpg
8970,train,7,H,H1616.jpg
8971,train,7,H,H2451.jpg
8972,train,7,H,H1158.jpg
8973,train,7,H,H2445.jpg
2112,val,7,H,H2323.jpg
2113,val,7,H,H573.jpg
8974,train,7,H,H215.jpg
8975,train,7,H,H201.jpg
8976,train,7,H,H567.jpg
8977,train,7,H,H1979.jpg
2114,val,7,H,H2280.jpg
8978,train,7,H,H1789.jpg
8979,train,7,H,H1951.jpg
8980,train,7,H,H229.jpg
8981,train,7,H,H1945.jpg
2115,val,7,H,H2294.jpg
8982,train,7,H,H1776.jpg
8983,train,7,H,H1010.jpg
8984,train,7,H,H1004.jpg
8985,train,7,H,H1762.jpg
8986,train,7,H,H1992.jpg
2116,val,7,H,H2243.jpg
8987,train,7,H,H2525.jpg
8988,train,7,H,H1038.jpg
2117,val,7,H,H2531.jpg
8989,train,7,H,H2257.jpg
8990,train,7,H,H598.jpg
8991,train,7,H,H1986.jpg
8992,train,7,H,H771.jpg
8993,train,7,H,H765.jpg
8994,train,7,H,H2914.jpg
2118,val,7,H,H995.jpg
8995,train,7,H,H981.jpg
8996,train,7,H,H759.jpg
8997,train,7,H,H1212.jpg
8998,train,7,H,H1574.jpg
2119,val,7,H,H2069.jpg
8999,train,7,H,H1560.jpg
9000,train,7,H,H1206.jpg
9001,train,7,H,H956.jpg
9002,train,7,H,H2041.jpg
9003,train,7,H,H1548.jpg
9004,train,7,H,H942.jpg
9005,train,7,H,H2055.jpg
9006,train,7,H,H943.jpg
9007,train,7,H,H1549.jpg
9008,train,7,H,H2040.jpg
9009,train,7,H,H957.jpg
9010,train,7,H,H1561.jpg
2120,val,7,H,H1207.jpg
9011,train,7,H,H1213.jpg
9012,train,7,H,H1575.jpg
9013,train,7,H,H758.jpg
9014,train,7,H,H2097.jpg
9015,train,7,H,H980.jpg
9016,train,7,H,H994.jpg
2121,val,7,H,H764.jpg
9017,train,7,H,H770.jpg
9018,train,7,H,H2530.jpg
9019,train,7,H,H1039.jpg
9020,train,7,H,H1987.jpg
9021,train,7,H,H599.jpg
9022,train,7,H,H2256.jpg
2122,val,7,H,H2242.jpg
9023,train,7,H,H1993.jpg
9024,train,7,H,H2524.jpg
2123,val,7,H,H1005.jpg
9025,train,7,H,H1763.jpg
9026,train,7,H,H1777.jpg
9027,train,7,H,H1011.jpg
9028,train,7,H,H2295.jpg
2124,val,7,H,H1944.jpg
2125,val,7,H,H1950.jpg
2126,val,7,H,H1788.jpg
2127,val,7,H,H2281.jpg
9029,train,7,H,H228.jpg
9030,train,7,H,H200.jpg
9031,train,7,H,H1978.jpg
9032,train,7,H,H566.jpg
9033,train,7,H,H572.jpg
9034,train,7,H,H214.jpg
9035,train,7,H,H2444.jpg
9036,train,7,H,H2322.jpg
2128,val,7,H,H1159.jpg
9037,train,7,H,H2450.jpg
9038,train,7,H,H1171.jpg
9039,train,7,H,H2478.jpg
9040,train,7,H,H3000.jpg
9041,train,7,H,H1617.jpg
9042,train,7,H,H1603.jpg
9043,train,7,H,H1165.jpg
9044,train,7,H,H2487.jpg
9045,train,7,H,H348.jpg
9046,train,7,H,H1830.jpg
9047,train,7,H,H1824.jpg
2129,val,7,H,H2493.jpg
9048,train,7,H,H374.jpg
9049,train,7,H,H412.jpg
9050,train,7,H,H406.jpg
2130,val,7,H,H1818.jpg
9051,train,7,H,H360.jpg
9052,train,7,H,H837.jpg
2131,val,7,H,H1429.jpg
9053,train,7,H,H48.jpg
9054,train,7,H,H2646.jpg
9055,train,7,H,H189.jpg
9056,train,7,H,H2652.jpg
9057,train,7,H,H823.jpg
2132,val,7,H,H2134.jpg
2133,val,7,H,H1415.jpg
9058,train,7,H,H74.jpg
9059,train,7,H,H1373.jpg
9060,train,7,H,H60.jpg
9061,train,7,H,H1367.jpg
9062,train,7,H,H1401.jpg
9063,train,7,H,H1398.jpg
9064,train,7,H,H638.jpg
2134,val,7,H,H610.jpg
9065,train,7,H,H176.jpg
9066,train,7,H,H162.jpg
9067,train,7,H,H604.jpg
9068,train,7,H,H139.jpg
2135,val,7,H,H887.jpg
9069,train,7,H,H2190.jpg
9070,train,7,H,H1499.jpg
9071,train,7,H,H893.jpg
9072,train,7,H,H2184.jpg
9073,train,7,H,H105.jpg
9074,train,7,H,H663.jpg
9075,train,7,H,H677.jpg
2136,val,7,H,H844.jpg
9076,train,7,H,H2153.jpg
9077,train,7,H,H850.jpg
9078,train,7,H,H2147.jpg
2137,val,7,H,H688.jpg
9079,train,7,H,H1328.jpg
9080,train,7,H,H1300.jpg
9081,train,7,H,H878.jpg
9082,train,7,H,H1466.jpg
9083,train,7,H,H1472.jpg
9084,train,7,H,H1314.jpg
2138,val,7,H,H13.jpg
2139,val,7,H,H1843.jpg
2140,val,7,H,H2392.jpg
9085,train,7,H,H2386.jpg
9086,train,7,H,H449.jpg
9087,train,7,H,H1857.jpg
9088,train,7,H,H461.jpg
9089,train,7,H,H307.jpg
9090,train,7,H,H313.jpg
9091,train,7,H,H475.jpg
9092,train,7,H,H2351.jpg
9093,train,7,H,H1658.jpg
9094,train,7,H,H1880.jpg
2141,val,7,H,H2437.jpg
9095,train,7,H,H2423.jpg
9096,train,7,H,H1894.jpg
9097,train,7,H,H2345.jpg
9098,train,7,H,H1664.jpg
9099,train,7,H,H1102.jpg
9100,train,7,H,H1116.jpg
9101,train,7,H,H2379.jpg
9102,train,7,H,H1670.jpg
2142,val,7,H,H1937.jpg
2143,val,7,H,H529.jpg
2144,val,7,H,H2580.jpg
9103,train,7,H,H1923.jpg
2145,val,7,H,H515.jpg
2146,val,7,H,H273.jpg
9104,train,7,H,H267.jpg
9105,train,7,H,H501.jpg
9106,train,7,H,H2225.jpg
9107,train,7,H,H298.jpg
9108,train,7,H,H1738.jpg
9109,train,7,H,H2231.jpg
9110,train,7,H,H1710.jpg
2147,val,7,H,H2219.jpg
2148,val,7,H,H1076.jpg
9111,train,7,H,H1062.jpg
2149,val,7,H,H1704.jpg
9112,train,7,H,H717.jpg
9113,train,7,H,H703.jpg
9114,train,7,H,H2972.jpg
9115,train,7,H,H2999.jpg
2150,val,7,H,H1248.jpg
9116,train,7,H,H2027.jpg
9117,train,7,H,H930.jpg
9118,train,7,H,H2033.jpg
9119,train,7,H,H924.jpg
9120,train,7,H,H1274.jpg
2151,val,7,H,H1512.jpg
9121,train,7,H,H1506.jpg
9122,train,7,H,H918.jpg
2152,val,7,H,H1260.jpg
9123,train,7,H,H919.jpg
9124,train,7,H,H1507.jpg
9125,train,7,H,H1261.jpg
9126,train,7,H,H1275.jpg
9127,train,7,H,H1513.jpg
9128,train,7,H,H925.jpg
2153,val,7,H,H2032.jpg
9129,train,7,H,H1249.jpg
9130,train,7,H,H2998.jpg
2154,val,7,H,H931.jpg
9131,train,7,H,H2026.jpg
2155,val,7,H,H702.jpg
9132,train,7,H,H2973.jpg
9133,train,7,H,H2967.jpg
9134,train,7,H,H716.jpg
2156,val,7,H,H1063.jpg
9135,train,7,H,H1705.jpg
9136,train,7,H,H2218.jpg
9137,train,7,H,H1711.jpg
9138,train,7,H,H1077.jpg
9139,train,7,H,H299.jpg
9140,train,7,H,H2230.jpg
9141,train,7,H,H1739.jpg
9142,train,7,H,H2224.jpg
9143,train,7,H,H266.jpg
9144,train,7,H,H500.jpg
9145,train,7,H,H514.jpg
2157,val,7,H,H272.jpg
9146,train,7,H,H2595.jpg
9147,train,7,H,H1922.jpg
9148,train,7,H,H528.jpg
9149,train,7,H,H1088.jpg
9150,train,7,H,H1117.jpg
9151,train,7,H,H1671.jpg
9152,train,7,H,H2378.jpg
2158,val,7,H,H1665.jpg
9153,train,7,H,H1103.jpg
2159,val,7,H,H2422.jpg
2160,val,7,H,H1895.jpg
9154,train,7,H,H1881.jpg
9155,train,7,H,H1659.jpg
9156,train,7,H,H2350.jpg
9157,train,7,H,H2436.jpg
9158,train,7,H,H312.jpg
9159,train,7,H,H474.jpg
9160,train,7,H,H460.jpg
2161,val,7,H,H306.jpg
9161,train,7,H,H1856.jpg
9162,train,7,H,H448.jpg
9163,train,7,H,H2387.jpg
9164,train,7,H,H2393.jpg
9165,train,7,H,H1842.jpg
2162,val,7,H,H1473.jpg
9166,train,7,H,H12.jpg
2163,val,7,H,H1315.jpg
9167,train,7,H,H1301.jpg
2164,val,7,H,H1467.jpg
2165,val,7,H,H879.jpg
9168,train,7,H,H689.jpg
2166,val,7,H,H2146.jpg
9169,train,7,H,H851.jpg
9170,train,7,H,H2620.jpg
9171,train,7,H,H1329.jpg
9172,train,7,H,H2152.jpg
9173,train,7,H,H845.jpg
2167,val,7,H,H676.jpg
9174,train,7,H,H104.jpg
9175,train,7,H,H662.jpg
2168,val,7,H,H2185.jpg
2169,val,7,H,H892.jpg
9176,train,7,H,H138.jpg
9177,train,7,H,H1498.jpg
9178,train,7,H,H2191.jpg
9179,train,7,H,H886.jpg
9180,train,7,H,H648.jpg
9181,train,7,H,H890.jpg
9182,train,7,H,H2187.jpg
9183,train,7,H,H884.jpg
9184,train,7,H,H2193.jpg
9185,train,7,H,H674.jpg
9186,train,7,H,H660.jpg
9187,train,7,H,H106.jpg
9188,train,7,H,H853.jpg
9189,train,7,H,H2144.jpg
2170,val,7,H,H1459.jpg
9190,train,7,H,H847.jpg
9191,train,7,H,H2150.jpg
2171,val,7,H,H38.jpg
9192,train,7,H,H1317.jpg
9193,train,7,H,H1471.jpg
9194,train,7,H,H2178.jpg
9195,train,7,H,H1465.jpg
2172,val,7,H,H1303.jpg
9196,train,7,H,H2385.jpg
2173,val,7,H,H1854.jpg
9197,train,7,H,H338.jpg
9198,train,7,H,H1840.jpg
9199,train,7,H,H1698.jpg
9200,train,7,H,H2391.jpg
2174,val,7,H,H1868.jpg
9201,train,7,H,H476.jpg
9202,train,7,H,H310.jpg
2175,val,7,H,H304.jpg
2176,val,7,H,H462.jpg
9203,train,7,H,H1897.jpg
2177,val,7,H,H489.jpg
2178,val,7,H,H2420.jpg
9204,train,7,H,H1129.jpg
9205,train,7,H,H2434.jpg
9206,train,7,H,H2352.jpg
9207,train,7,H,H1883.jpg
2179,val,7,H,H1673.jpg
9208,train,7,H,H1115.jpg
9209,train,7,H,H2408.jpg
9210,train,7,H,H1101.jpg
9211,train,7,H,H1667.jpg
9212,train,7,H,H1920.jpg
2180,val,7,H,H258.jpg
9213,train,7,H,H2583.jpg
9214,train,7,H,H502.jpg
9215,train,7,H,H264.jpg
9216,train,7,H,H270.jpg
2181,val,7,H,H516.jpg
9217,train,7,H,H1908.jpg
9218,train,7,H,H2232.jpg
9219,train,7,H,H1049.jpg
9220,train,7,H,H2226.jpg
9221,train,7,H,H1707.jpg
2182,val,7,H,H1061.jpg
9222,train,7,H,H1075.jpg
2183,val,7,H,H1713.jpg
9223,train,7,H,H728.jpg
2184,val,7,H,H1288.jpg
9224,train,7,H,H2959.jpg
9225,train,7,H,H2971.jpg
9226,train,7,H,H700.jpg
9227,train,7,H,H714.jpg
9228,train,7,H,H2030.jpg
9229,train,7,H,H927.jpg
2185,val,7,H,H1539.jpg
9230,train,7,H,H2024.jpg
2186,val,7,H,H933.jpg
2187,val,7,H,H1263.jpg
9231,train,7,H,H1505.jpg
9232,train,7,H,H2018.jpg
9233,train,7,H,H1511.jpg
9234,train,7,H,H1277.jpg
9235,train,7,H,H1510.jpg
9236,train,7,H,H2019.jpg
9237,train,7,H,H1276.jpg
9238,train,7,H,H1262.jpg
2188,val,7,H,H1504.jpg
2189,val,7,H,H932.jpg
9239,train,7,H,H2025.jpg
9240,train,7,H,H1538.jpg
9241,train,7,H,H926.jpg
9242,train,7,H,H2031.jpg
9243,train,7,H,H715.jpg
2190,val,7,H,H2964.jpg
9244,train,7,H,H2970.jpg
9245,train,7,H,H701.jpg
9246,train,7,H,H729.jpg
9247,train,7,H,H2958.jpg
2191,val,7,H,H1289.jpg
9248,train,7,H,H1074.jpg
9249,train,7,H,H1712.jpg
2192,val,7,H,H1706.jpg
9250,train,7,H,H1060.jpg
9251,train,7,H,H1048.jpg
9252,train,7,H,H2227.jpg
9253,train,7,H,H2233.jpg
9254,train,7,H,H271.jpg
9255,train,7,H,H1909.jpg
9256,train,7,H,H517.jpg
9257,train,7,H,H503.jpg
2193,val,7,H,H265.jpg
9258,train,7,H,H2582.jpg
9259,train,7,H,H1921.jpg
2194,val,7,H,H259.jpg
9260,train,7,H,H1100.jpg
9261,train,7,H,H2409.jpg
9262,train,7,H,H1666.jpg
9263,train,7,H,H1672.jpg
9264,train,7,H,H1114.jpg
2195,val,7,H,H2435.jpg
9265,train,7,H,H1882.jpg
2196,val,7,H,H488.jpg
9266,train,7,H,H1896.jpg
9267,train,7,H,H1128.jpg
9268,train,7,H,H2421.jpg
9269,train,7,H,H305.jpg
9270,train,7,H,H463.jpg
2197,val,7,H,H477.jpg
9271,train,7,H,H1869.jpg
9272,train,7,H,H311.jpg
9273,train,7,H,H339.jpg
9274,train,7,H,H2390.jpg
9275,train,7,H,H1699.jpg
9276,train,7,H,H1841.jpg
9277,train,7,H,H1855.jpg
9278,train,7,H,H2384.jpg
2198,val,7,H,H1464.jpg
9279,train,7,H,H1302.jpg
9280,train,7,H,H1316.jpg
9281,train,7,H,H2179.jpg
9282,train,7,H,H1470.jpg
2199,val,7,H,H2151.jpg
9283,train,7,H,H846.jpg
9284,train,7,H,H1458.jpg
9285,train,7,H,H39.jpg
9286,train,7,H,H2637.jpg
9287,train,7,H,H2623.jpg
9288,train,7,H,H2145.jpg
2200,val,7,H,H852.jpg
9289,train,7,H,H661.jpg
9290,train,7,H,H675.jpg
9291,train,7,H,H2192.jpg
9292,train,7,H,H885.jpg
9293,train,7,H,H2186.jpg
9294,train,7,H,H891.jpg
9295,train,7,H,H649.jpg
9296,train,7,H,H671.jpg
9297,train,7,H,H103.jpg
2201,val,7,H,H665.jpg
9298,train,7,H,H2182.jpg
2202,val,7,H,H895.jpg
9299,train,7,H,H659.jpg
2203,val,7,H,H2196.jpg
9300,train,7,H,H881.jpg
2204,val,7,H,H1474.jpg
2205,val,7,H,H1312.jpg
9301,train,7,H,H15.jpg
9302,train,7,H,H1306.jpg
9303,train,7,H,H2169.jpg
9304,train,7,H,H1460.jpg
2206,val,7,H,H2141.jpg
9305,train,7,H,H856.jpg
9306,train,7,H,H1448.jpg
9307,train,7,H,H29.jpg
9308,train,7,H,H2627.jpg
9309,train,7,H,H2155.jpg
9310,train,7,H,H842.jpg
2207,val,7,H,H315.jpg
9311,train,7,H,H473.jpg
2208,val,7,H,H467.jpg
9312,train,7,H,H1879.jpg
9313,train,7,H,H301.jpg
9314,train,7,H,H329.jpg
9315,train,7,H,H2380.jpg
2209,val,7,H,H1851.jpg
2210,val,7,H,H1689.jpg
9316,train,7,H,H1845.jpg
9317,train,7,H,H2394.jpg
9318,train,7,H,H1110.jpg
9319,train,7,H,H2419.jpg
9320,train,7,H,H1676.jpg
9321,train,7,H,H1662.jpg
9322,train,7,H,H1104.jpg
2211,val,7,H,H2425.jpg
9323,train,7,H,H1892.jpg
9324,train,7,H,H498.jpg
9325,train,7,H,H2357.jpg
9326,train,7,H,H1886.jpg
9327,train,7,H,H1138.jpg
9328,train,7,H,H2431.jpg
9329,train,7,H,H261.jpg
9330,train,7,H,H1919.jpg
9331,train,7,H,H507.jpg
9332,train,7,H,H513.jpg
9333,train,7,H,H275.jpg
9334,train,7,H,H1925.jpg
9335,train,7,H,H1931.jpg
2212,val,7,H,H249.jpg
9336,train,7,H,H1064.jpg
9337,train,7,H,H1702.jpg
9338,train,7,H,H1716.jpg
2213,val,7,H,H2579.jpg
9339,train,7,H,H1070.jpg
9340,train,7,H,H1058.jpg
9341,train,7,H,H2237.jpg
2214,val,7,H,H2223.jpg
9342,train,7,H,H705.jpg
9343,train,7,H,H2960.jpg
9344,train,7,H,H711.jpg
9345,train,7,H,H739.jpg
9346,train,7,H,H1299.jpg
9347,train,7,H,H1500.jpg
2215,val,7,H,H2009.jpg
2216,val,7,H,H1266.jpg
9348,train,7,H,H1272.jpg
9349,train,7,H,H1514.jpg
2217,val,7,H,H922.jpg
9350,train,7,H,H2035.jpg
9351,train,7,H,H1528.jpg
2218,val,7,H,H936.jpg
2219,val,7,H,H2021.jpg
9352,train,7,H,H2020.jpg
9353,train,7,H,H937.jpg
9354,train,7,H,H1529.jpg
2220,val,7,H,H2034.jpg
9355,train,7,H,H923.jpg
2221,val,7,H,H1273.jpg
9356,train,7,H,H1515.jpg
2222,val,7,H,H2008.jpg
9357,train,7,H,H1501.jpg
9358,train,7,H,H1267.jpg
9359,train,7,H,H738.jpg
2223,val,7,H,H1298.jpg
9360,train,7,H,H2961.jpg
2224,val,7,H,H710.jpg
9361,train,7,H,H704.jpg
9362,train,7,H,H2975.jpg
9363,train,7,H,H2222.jpg
2225,val,7,H,H1059.jpg
9364,train,7,H,H2236.jpg
9365,train,11,M,M744.jpg
9366,train,11,M,M750.jpg
2226,val,11,M,M988.jpg
9367,train,11,M,M2920.jpg
9368,train,11,M,M2934.jpg
9369,train,11,M,M787.jpg
9370,train,11,M,M2075.jpg
9371,train,11,M,M1232.jpg
2227,val,11,M,M3.jpg
9372,train,11,M,M1540.jpg
9373,train,11,M,M2049.jpg
2228,val,11,M,M1226.jpg
9374,train,11,M,M220.jpg
9375,train,11,M,M546.jpg
9376,train,11,M,M552.jpg
2229,val,11,M,M234.jpg
2230,val,11,M,M1965.jpg
9377,train,11,M,M1959.jpg
2231,val,11,M,M208.jpg
9378,train,11,M,M1781.jpg
9379,train,11,M,M2288.jpg
9380,train,11,M,M2263.jpg
9381,train,11,M,M585.jpg
2232,val,11,M,M591.jpg
2233,val,11,M,M28.jpg
9382,train,11,M,M2277.jpg
2234,val,11,M,M1756.jpg
9383,train,11,M,M14.jpg
9384,train,11,M,M1742.jpg
9385,train,11,M,M354.jpg
2235,val,11,M,M1805.jpg
9386,train,11,M,M432.jpg
9387,train,11,M,M426.jpg
9388,train,11,M,M340.jpg
9389,train,11,M,M1811.jpg
2236,val,11,M,M1839.jpg
9390,train,11,M,M368.jpg
2237,val,11,M,M2317.jpg
9391,train,11,M,M397.jpg
9392,train,11,M,M1178.jpg
9393,train,11,M,M2471.jpg
9394,train,11,M,M2465.jpg
9395,train,11,M,M383.jpg
9396,train,11,M,M2303.jpg
2238,val,11,M,M1622.jpg
2239,val,11,M,M1144.jpg
2240,val,11,M,M1150.jpg
9397,train,11,M,M2459.jpg
2241,val,11,M,M1636.jpg
2242,val,11,M,M630.jpg
9398,train,11,M,M156.jpg
9399,train,11,M,M142.jpg
9400,train,11,M,M624.jpg
2243,val,11,M,M1385.jpg
9401,train,11,M,M1391.jpg
2244,val,11,M,M618.jpg
9402,train,11,M,M195.jpg
9403,train,11,M,M2115.jpg
2245,val,11,M,M2101.jpg
9404,train,11,M,M1408.jpg
9405,train,11,M,M181.jpg
2246,val,11,M,M1346.jpg
9406,train,11,M,M2129.jpg
9407,train,11,M,M1420.jpg
2247,val,11,M,M1434.jpg
2248,val,11,M,M803.jpg
2249,val,11,M,M1352.jpg
9408,train,11,M,M1435.jpg
9409,train,11,M,M1353.jpg
2250,val,11,M,M1347.jpg
9410,train,11,M,M1421.jpg
9411,train,11,M,M2128.jpg
9412,train,11,M,M1409.jpg
9413,train,11,M,M2114.jpg
2251,val,11,M,M194.jpg
2252,val,11,M,M619.jpg
2253,val,11,M,M1390.jpg
9414,train,11,M,M1384.jpg
2254,val,11,M,M143.jpg
9415,train,11,M,M625.jpg
2255,val,11,M,M631.jpg
9416,train,11,M,M157.jpg
9417,train,11,M,M2458.jpg
2256,val,11,M,M1151.jpg
9418,train,11,M,M1637.jpg
2257,val,11,M,M1623.jpg
2258,val,11,M,M1145.jpg
2259,val,11,M,M2464.jpg
9419,train,11,M,M2302.jpg
9420,train,11,M,M382.jpg
2260,val,11,M,M396.jpg
2261,val,11,M,M2316.jpg
9421,train,11,M,M2470.jpg
9422,train,11,M,M1192.jpg
9423,train,11,M,M369.jpg
2262,val,11,M,M1838.jpg
2263,val,11,M,M427.jpg
2264,val,11,M,M1810.jpg
9424,train,11,M,M1804.jpg
9425,train,11,M,M355.jpg
9426,train,11,M,M433.jpg
9427,train,11,M,M1743.jpg
9428,train,11,M,M1757.jpg
9429,train,11,M,M29.jpg
9430,train,11,M,M590.jpg
9431,train,11,M,M2276.jpg
9432,train,11,M,M2262.jpg
2265,val,11,M,M584.jpg
2266,val,11,M,M2289.jpg
2267,val,11,M,M1780.jpg
2268,val,11,M,M209.jpg
9433,train,11,M,M1958.jpg
9434,train,11,M,M553.jpg
9435,train,11,M,M1964.jpg
9436,train,11,M,M235.jpg
9437,train,11,M,M1970.jpg
9438,train,11,M,M221.jpg
9439,train,11,M,M547.jpg
2269,val,11,M,M2048.jpg
9440,train,11,M,M2.jpg
9441,train,11,M,M1233.jpg
9442,train,11,M,M2074.jpg
9443,train,11,M,M786.jpg
9444,train,11,M,M1569.jpg
9445,train,11,M,M2935.jpg
9446,train,11,M,M2921.jpg
9447,train,11,M,M989.jpg
9448,train,11,M,M751.jpg
9449,train,11,M,M745.jpg
9450,train,11,M,M747.jpg
9451,train,11,M,M2937.jpg
9452,train,11,M,M2089.jpg
9453,train,11,M,M1580.jpg
9454,train,11,M,M2923.jpg
9455,train,11,M,M1219.jpg
9456,train,11,M,M2076.jpg
9457,train,11,M,M2062.jpg
9458,train,11,M,M1225.jpg
2270,val,11,M,M1557.jpg
9459,train,11,M,M1231.jpg
9460,train,11,M,M960.jpg
9461,train,11,M,M1966.jpg
9462,train,11,M,M237.jpg
9463,train,11,M,M551.jpg
9464,train,11,M,M545.jpg
2271,val,11,M,M1972.jpg
9465,train,11,M,M223.jpg
9466,train,11,M,M579.jpg
9467,train,11,M,M2274.jpg
9468,train,11,M,M592.jpg
9469,train,11,M,M586.jpg
9470,train,11,M,M2260.jpg
9471,train,11,M,M1769.jpg
9472,train,11,M,M2248.jpg
9473,train,11,M,M1741.jpg
9474,train,11,M,M1999.jpg
9475,train,11,M,M1755.jpg
9476,train,11,M,M1812.jpg
9477,train,11,M,M343.jpg
9478,train,11,M,M425.jpg
9479,train,11,M,M431.jpg
9480,train,11,M,M1806.jpg
9481,train,11,M,M357.jpg
9482,train,11,M,M2499.jpg
9483,train,11,M,M419.jpg
2272,val,11,M,M380.jpg
9484,train,11,M,M2300.jpg
9485,train,11,M,M2466.jpg
9486,train,11,M,M2472.jpg
2273,val,11,M,M2314.jpg
9487,train,11,M,M394.jpg
2274,val,11,M,M1635.jpg
9488,train,11,M,M1153.jpg
9489,train,11,M,M1147.jpg
9490,train,11,M,M1621.jpg
9491,train,11,M,M2328.jpg
9492,train,11,M,M627.jpg
9493,train,11,M,M141.jpg
9494,train,11,M,M155.jpg
9495,train,11,M,M633.jpg
9496,train,11,M,M1392.jpg
9497,train,11,M,M169.jpg
9498,train,11,M,M1386.jpg
9499,train,11,M,M182.jpg
9500,train,11,M,M196.jpg
2275,val,11,M,M828.jpg
9501,train,11,M,M1379.jpg
9502,train,11,M,M1351.jpg
2276,val,11,M,M1423.jpg
9503,train,11,M,M1345.jpg
9504,train,11,M,M814.jpg
9505,train,11,M,M1422.jpg
9506,train,11,M,M815.jpg
9507,train,11,M,M1344.jpg
9508,train,11,M,M801.jpg
9509,train,11,M,M1350.jpg
9510,train,11,M,M197.jpg
9511,train,11,M,M1378.jpg
9512,train,11,M,M829.jpg
2277,val,11,M,M183.jpg
2278,val,11,M,M2103.jpg
9513,train,11,M,M168.jpg
9514,train,11,M,M1387.jpg
9515,train,11,M,M1393.jpg
9516,train,11,M,M154.jpg
9517,train,11,M,M632.jpg
9518,train,11,M,M626.jpg
9519,train,11,M,M140.jpg
9520,train,11,M,M1146.jpg
9521,train,11,M,M2329.jpg
9522,train,11,M,M1620.jpg
9523,train,11,M,M1634.jpg
9524,train,11,M,M1152.jpg
9525,train,11,M,M2473.jpg
2279,val,11,M,M395.jpg
9526,train,11,M,M2315.jpg
9527,train,11,M,M2301.jpg
2280,val,11,M,M381.jpg
9528,train,11,M,M2467.jpg
9529,train,11,M,M1185.jpg
9530,train,11,M,M418.jpg
9531,train,11,M,M430.jpg
9532,train,11,M,M356.jpg
9533,train,11,M,M1807.jpg
9534,train,11,M,M342.jpg
9535,train,11,M,M424.jpg
9536,train,11,M,M1754.jpg
9537,train,11,M,M1998.jpg
2281,val,11,M,M1740.jpg
9538,train,11,M,M587.jpg
2282,val,11,M,M1768.jpg
9539,train,11,M,M2261.jpg
2283,val,11,M,M2275.jpg
9540,train,11,M,M593.jpg
9541,train,11,M,M578.jpg
9542,train,11,M,M544.jpg
9543,train,11,M,M222.jpg
9544,train,11,M,M1973.jpg
2284,val,11,M,M236.jpg
9545,train,11,M,M1967.jpg
9546,train,11,M,M550.jpg
2285,val,11,M,M1230.jpg
9547,train,11,M,M975.jpg
9548,train,11,M,M1224.jpg
9549,train,11,M,M1.jpg
9550,train,11,M,M2063.jpg
9551,train,11,M,M785.jpg
2286,val,11,M,M1218.jpg
9552,train,11,M,M2077.jpg
9553,train,11,M,M2922.jpg
9554,train,11,M,M2936.jpg
2287,val,11,M,M1581.jpg
9555,train,11,M,M2088.jpg
2288,val,11,M,M746.jpg
9556,train,11,M,M752.jpg
9557,train,11,M,M2932.jpg
9558,train,11,M,M2926.jpg
9559,train,11,M,M2098.jpg
2289,val,11,M,M756.jpg
9560,train,11,M,M742.jpg
9561,train,11,M,M5.jpg
9562,train,11,M,M1220.jpg
9563,train,11,M,M1234.jpg
9564,train,11,M,M1552.jpg
9565,train,11,M,M2073.jpg
9566,train,11,M,M959.jpg
9567,train,11,M,M1208.jpg
9568,train,11,M,M568.jpg
9569,train,11,M,M554.jpg
9570,train,11,M,M232.jpg
9571,train,11,M,M1977.jpg
2290,val,11,M,M226.jpg
9572,train,11,M,M540.jpg
9573,train,11,M,M1744.jpg
9574,train,11,M,M1750.jpg
9575,train,11,M,M1988.jpg
9576,train,11,M,M2259.jpg
9577,train,11,M,M597.jpg
2291,val,11,M,M2271.jpg
9578,train,11,M,M2265.jpg
9579,train,11,M,M583.jpg
9580,train,11,M,M1195.jpg
9581,train,11,M,M408.jpg
9582,train,11,M,M1181.jpg
9583,train,11,M,M2488.jpg
9584,train,11,M,M420.jpg
9585,train,11,M,M1817.jpg
9586,train,11,M,M346.jpg
9587,train,11,M,M1803.jpg
9588,train,11,M,M352.jpg
9589,train,11,M,M434.jpg
9590,train,11,M,M1156.jpg
2292,val,11,M,M2339.jpg
2293,val,11,M,M1630.jpg
2294,val,11,M,M1624.jpg
2295,val,11,M,M1142.jpg
9591,train,11,M,M2463.jpg
9592,train,11,M,M385.jpg
2296,val,11,M,M2305.jpg
9593,train,11,M,M2311.jpg
2297,val,11,M,M391.jpg
9594,train,11,M,M2477.jpg
2298,val,11,M,M178.jpg
9595,train,11,M,M1397.jpg
2299,val,11,M,M1383.jpg
9596,train,11,M,M144.jpg
9597,train,11,M,M622.jpg
9598,train,11,M,M636.jpg
9599,train,11,M,M150.jpg
2300,val,11,M,M1432.jpg
9600,train,11,M,M1354.jpg
2301,val,11,M,M805.jpg
9601,train,11,M,M1340.jpg
9602,train,11,M,M1426.jpg
9603,train,11,M,M2107.jpg
2302,val,11,M,M187.jpg
9604,train,11,M,M839.jpg
9605,train,11,M,M1368.jpg
9606,train,11,M,M193.jpg
9607,train,11,M,M192.jpg
9608,train,11,M,M186.jpg
9609,train,11,M,M2106.jpg
9610,train,11,M,M1369.jpg
9611,train,11,M,M838.jpg
9612,train,11,M,M2890.jpg
9613,train,11,M,M1341.jpg
9614,train,11,M,M1427.jpg
9615,train,11,M,M1433.jpg
2303,val,11,M,M804.jpg
9616,train,11,M,M1355.jpg
9617,train,11,M,M637.jpg
9618,train,11,M,M151.jpg
2304,val,11,M,M145.jpg
2305,val,11,M,M623.jpg
9619,train,11,M,M1382.jpg
9620,train,11,M,M179.jpg
9621,train,11,M,M1396.jpg
9622,train,11,M,M1619.jpg
9623,train,11,M,M390.jpg
9624,train,11,M,M2310.jpg
9625,train,11,M,M2476.jpg
2306,val,11,M,M2462.jpg
9626,train,11,M,M2304.jpg
9627,train,11,M,M384.jpg
9628,train,11,M,M1625.jpg
9629,train,11,M,M1143.jpg
9630,train,11,M,M1631.jpg
9631,train,11,M,M2338.jpg
2307,val,11,M,M353.jpg
9632,train,11,M,M1802.jpg
9633,train,11,M,M435.jpg
9634,train,11,M,M421.jpg
2308,val,11,M,M347.jpg
9635,train,11,M,M1816.jpg
9636,train,11,M,M2489.jpg
9637,train,11,M,M409.jpg
9638,train,11,M,M2264.jpg
9639,train,11,M,M582.jpg
9640,train,11,M,M596.jpg
9641,train,11,M,M2270.jpg
9642,train,11,M,M1779.jpg
9643,train,11,M,M2258.jpg
9644,train,11,M,M1989.jpg
9645,train,11,M,M1751.jpg
9646,train,11,M,M13.jpg
9647,train,11,M,M1745.jpg
9648,train,11,M,M227.jpg
9649,train,11,M,M1976.jpg
9650,train,11,M,M541.jpg
9651,train,11,M,M555.jpg
9652,train,11,M,M233.jpg
9653,train,11,M,M1962.jpg
9654,train,11,M,M569.jpg
2309,val,11,M,M1209.jpg
9655,train,11,M,M958.jpg
2310,val,11,M,M2066.jpg
9656,train,11,M,M2072.jpg
9657,train,11,M,M1235.jpg
9658,train,11,M,M1553.jpg
9659,train,11,M,M4.jpg
9660,train,11,M,M1221.jpg
9661,train,11,M,M757.jpg
9662,train,11,M,M2927.jpg
9663,train,11,M,M2099.jpg
9664,train,11,M,M2933.jpg
9665,train,11,M,M2925.jpg
9666,train,11,M,M769.jpg
9667,train,11,M,M2931.jpg
9668,train,11,M,M741.jpg
2311,val,11,M,M999.jpg
9669,train,11,M,M2919.jpg
2312,val,11,M,M755.jpg
9670,train,11,M,M1237.jpg
9671,train,11,M,M1223.jpg
2313,val,11,M,M6.jpg
9672,train,11,M,M782.jpg
9673,train,11,M,M2299.jpg
9674,train,11,M,M1948.jpg
9675,train,11,M,M219.jpg
2314,val,11,M,M543.jpg
9676,train,11,M,M225.jpg
9677,train,11,M,M1974.jpg
9678,train,11,M,M231.jpg
2315,val,11,M,M557.jpg
9679,train,11,M,M1753.jpg
9680,train,11,M,M1747.jpg
9681,train,11,M,M11.jpg
9682,train,11,M,M580.jpg
9683,train,11,M,M1009.jpg
9684,train,11,M,M2500.jpg
9685,train,11,M,M2266.jpg
2316,val,11,M,M2272.jpg
9686,train,11,M,M594.jpg
2317,val,11,M,M379.jpg
9687,train,11,M,M437.jpg
9688,train,11,M,M351.jpg
9689,train,11,M,M345.jpg
9690,train,11,M,M1814.jpg
9691,train,11,M,M423.jpg
9692,train,11,M,M2448.jpg
2318,val,11,M,M1141.jpg
2319,val,11,M,M1627.jpg
2320,val,11,M,M1633.jpg
9693,train,11,M,M1155.jpg
9694,train,11,M,M2474.jpg
9695,train,11,M,M2312.jpg
2321,val,11,M,M392.jpg
9696,train,11,M,M386.jpg
9697,train,11,M,M2306.jpg
9698,train,11,M,M2460.jpg
2322,val,11,M,M1169.jpg
9699,train,11,M,M1380.jpg
9700,train,11,M,M609.jpg
9701,train,11,M,M1394.jpg
9702,train,11,M,M153.jpg
9703,train,11,M,M635.jpg
9704,train,11,M,M621.jpg
9705,train,11,M,M147.jpg
2323,val,11,M,M812.jpg
9706,train,11,M,M1343.jpg
9707,train,11,M,M806.jpg
9708,train,11,M,M1357.jpg
2324,val,11,M,M1431.jpg
9709,train,11,M,M2138.jpg
9710,train,11,M,M1419.jpg
9711,train,11,M,M190.jpg
9712,train,11,M,M2110.jpg
9713,train,11,M,M2104.jpg
9714,train,11,M,M184.jpg
9715,train,11,M,M185.jpg
9716,train,11,M,M2105.jpg
2325,val,11,M,M191.jpg
9717,train,11,M,M1418.jpg
9718,train,11,M,M1356.jpg
9719,train,11,M,M807.jpg
2326,val,11,M,M2139.jpg
9720,train,11,M,M1430.jpg
9721,train,11,M,M1424.jpg
9722,train,11,M,M1342.jpg
9723,train,11,M,M620.jpg
2327,val,11,M,M146.jpg
2328,val,11,M,M152.jpg
9724,train,11,M,M634.jpg
9725,train,11,M,M2844.jpg
9726,train,11,M,M1395.jpg
9727,train,11,M,M608.jpg
2329,val,11,M,M1381.jpg
9728,train,11,M,M2307.jpg
2330,val,11,M,M387.jpg
9729,train,11,M,M2461.jpg
9730,train,11,M,M2475.jpg
9731,train,11,M,M393.jpg
9732,train,11,M,M2313.jpg
9733,train,11,M,M1632.jpg
9734,train,11,M,M1154.jpg
9735,train,11,M,M1140.jpg
9736,train,11,M,M2449.jpg
9737,train,11,M,M1626.jpg
9738,train,11,M,M1815.jpg
9739,train,11,M,M344.jpg
9740,train,11,M,M422.jpg
9741,train,11,M,M436.jpg
9742,train,11,M,M350.jpg
9743,train,11,M,M378.jpg
9744,train,11,M,M1183.jpg
9745,train,11,M,M2273.jpg
9746,train,11,M,M595.jpg
9747,train,11,M,M1008.jpg
9748,train,11,M,M581.jpg
9749,train,11,M,M2267.jpg
9750,train,11,M,M1746.jpg
9751,train,11,M,M10.jpg
2331,val,11,M,M1752.jpg
9752,train,11,M,M230.jpg
9753,train,11,M,M556.jpg
9754,train,11,M,M542.jpg
9755,train,11,M,M1975.jpg
9756,train,11,M,M224.jpg
9757,train,11,M,M218.jpg
2332,val,11,M,M2298.jpg
2333,val,11,M,M797.jpg
9758,train,11,M,M1578.jpg
9759,train,11,M,M2071.jpg
9760,train,11,M,M2065.jpg
2334,val,11,M,M783.jpg
9761,train,11,M,M1222.jpg
9762,train,11,M,M1544.jpg
9763,train,11,M,M7.jpg
9764,train,11,M,M2059.jpg
9765,train,11,M,M1236.jpg
9766,train,11,M,M998.jpg
9767,train,11,M,M740.jpg
9768,train,11,M,M2930.jpg
9769,train,11,M,M768.jpg
9770,train,11,M,M2924.jpg
9771,train,11,M,M727.jpg
9772,train,11,M,M733.jpg
9773,train,11,M,M1292.jpg
9774,train,11,M,M2943.jpg
9775,train,11,M,M2957.jpg
9776,train,11,M,M1286.jpg
9777,train,11,M,M928.jpg
2335,val,11,M,M1537.jpg
9778,train,11,M,M2980.jpg
9779,train,11,M,M1245.jpg
9780,train,11,M,M2994.jpg
9781,train,11,M,M1523.jpg
9782,train,11,M,M525.jpg
9783,train,11,M,M1912.jpg
9784,train,11,M,M243.jpg
9785,train,11,M,M1906.jpg
9786,train,11,M,M257.jpg
9787,train,11,M,M88.jpg
9788,train,11,M,M531.jpg
2336,val,11,M,M1090.jpg
2337,val,11,M,M519.jpg
9789,train,11,M,M1084.jpg
9790,train,11,M,M280.jpg
2338,val,11,M,M2200.jpg
9791,train,11,M,M2214.jpg
9792,train,11,M,M294.jpg
9793,train,11,M,M63.jpg
9794,train,11,M,M1735.jpg
9795,train,11,M,M1721.jpg
9796,train,11,M,M77.jpg
9797,train,11,M,M451.jpg
9798,train,11,M,M1866.jpg
9799,train,11,M,M337.jpg
9800,train,11,M,M1872.jpg
9801,train,11,M,M323.jpg
9802,train,11,M,M445.jpg
9803,train,11,M,M1682.jpg
9804,train,11,M,M1696.jpg
9805,train,11,M,M479.jpg
9806,train,11,M,M2412.jpg
9807,train,11,M,M492.jpg
2339,val,11,M,M2374.jpg
2340,val,11,M,M2360.jpg
9808,train,11,M,M486.jpg
9809,train,11,M,M2406.jpg
9810,train,11,M,M1127.jpg
9811,train,11,M,M2348.jpg
9812,train,11,M,M1899.jpg
9813,train,11,M,M1641.jpg
9814,train,11,M,M1133.jpg
9815,train,11,M,M135.jpg
9816,train,11,M,M653.jpg
9817,train,11,M,M647.jpg
9818,train,11,M,M121.jpg
2341,val,11,M,M109.jpg
9819,train,11,M,M1480.jpg
2342,val,11,M,M2176.jpg
9820,train,11,M,M690.jpg
9821,train,11,M,M848.jpg
9822,train,11,M,M1319.jpg
9823,train,11,M,M684.jpg
9824,train,11,M,M2162.jpg
2343,val,11,M,M1443.jpg
9825,train,11,M,M1325.jpg
9826,train,11,M,M874.jpg
9827,train,11,M,M1331.jpg
2344,val,11,M,M860.jpg
9828,train,11,M,M1457.jpg
9829,train,11,M,M861.jpg
9830,train,11,M,M1330.jpg
9831,train,11,M,M1456.jpg
9832,train,11,M,M1442.jpg
9833,train,11,M,M875.jpg
9834,train,11,M,M1324.jpg
9835,train,11,M,M685.jpg
9836,train,11,M,M2163.jpg
2345,val,11,M,M2177.jpg
9837,train,11,M,M1318.jpg
9838,train,11,M,M849.jpg
9839,train,11,M,M691.jpg
9840,train,11,M,M108.jpg
9841,train,11,M,M2188.jpg
9842,train,11,M,M646.jpg
9843,train,11,M,M120.jpg
9844,train,11,M,M134.jpg
9845,train,11,M,M652.jpg
9846,train,11,M,M1654.jpg
9847,train,11,M,M1132.jpg
9848,train,11,M,M1126.jpg
9849,train,11,M,M1640.jpg
9850,train,11,M,M1898.jpg
9851,train,11,M,M2349.jpg
9852,train,11,M,M2361.jpg
2346,val,11,M,M2407.jpg
9853,train,11,M,M487.jpg
9854,train,11,M,M493.jpg
2347,val,11,M,M2413.jpg
9855,train,11,M,M2375.jpg
2348,val,11,M,M478.jpg
2349,val,11,M,M1683.jpg
9856,train,11,M,M322.jpg
9857,train,11,M,M1873.jpg
9858,train,11,M,M444.jpg
9859,train,11,M,M336.jpg
9860,train,11,M,M1867.jpg
9861,train,11,M,M2229.jpg
9862,train,11,M,M1720.jpg
9863,train,11,M,M76.jpg
9864,train,11,M,M1734.jpg
9865,train,11,M,M295.jpg
2350,val,11,M,M2215.jpg
9866,train,11,M,M2201.jpg
9867,train,11,M,M281.jpg
9868,train,11,M,M1708.jpg
9869,train,11,M,M1085.jpg
2351,val,11,M,M518.jpg
9870,train,11,M,M1091.jpg
9871,train,11,M,M256.jpg
9872,train,11,M,M1907.jpg
9873,train,11,M,M530.jpg
9874,train,11,M,M89.jpg
9875,train,11,M,M524.jpg
9876,train,11,M,M242.jpg
9877,train,11,M,M1913.jpg
9878,train,11,M,M2995.jpg
2352,val,11,M,M915.jpg
9879,train,11,M,M1244.jpg
2353,val,11,M,M1522.jpg
9880,train,11,M,M1536.jpg
9881,train,11,M,M1250.jpg
2354,val,11,M,M2981.jpg
2355,val,11,M,M1278.jpg
9882,train,11,M,M929.jpg
9883,train,11,M,M2956.jpg
2356,val,11,M,M2942.jpg
2357,val,11,M,M1293.jpg
9884,train,11,M,M732.jpg
9885,train,11,M,M726.jpg
9886,train,11,M,M730.jpg
9887,train,11,M,M2968.jpg
9888,train,11,M,M724.jpg
9889,train,11,M,M2954.jpg
9890,train,11,M,M718.jpg
9891,train,11,M,M2798.jpg
9892,train,11,M,M2940.jpg
9893,train,11,M,M1508.jpg
9894,train,11,M,M2029.jpg
2358,val,11,M,M1520.jpg
2359,val,11,M,M1246.jpg
9895,train,11,M,M2997.jpg
2360,val,11,M,M2983.jpg
9896,train,11,M,M1534.jpg
9897,train,11,M,M532.jpg
9898,train,11,M,M254.jpg
2361,val,11,M,M1905.jpg
2362,val,11,M,M240.jpg
9899,train,11,M,M1911.jpg
2363,val,11,M,M526.jpg
9900,train,11,M,M1087.jpg
9901,train,11,M,M1939.jpg
9902,train,11,M,M268.jpg
9903,train,11,M,M1093.jpg
9904,train,11,M,M1078.jpg
9905,train,11,M,M48.jpg
9906,train,11,M,M2217.jpg
9907,train,11,M,M297.jpg
9908,train,11,M,M283.jpg
2364,val,11,M,M2203.jpg
9909,train,11,M,M1722.jpg
9910,train,11,M,M1736.jpg
9911,train,11,M,M1050.jpg
9912,train,11,M,M446.jpg
9913,train,11,M,M320.jpg
9914,train,11,M,M1871.jpg
9915,train,11,M,M334.jpg
9916,train,11,M,M1865.jpg
9917,train,11,M,M1859.jpg
2365,val,11,M,M308.jpg
9918,train,11,M,M2388.jpg
9919,train,11,M,M485.jpg
9920,train,11,M,M2405.jpg
9921,train,11,M,M2363.jpg
2366,val,11,M,M2377.jpg
2367,val,11,M,M2411.jpg
9922,train,11,M,M1118.jpg
2368,val,11,M,M491.jpg
9923,train,11,M,M1130.jpg
9924,train,11,M,M1656.jpg
9925,train,11,M,M1642.jpg
9926,train,11,M,M1124.jpg
9927,train,11,M,M122.jpg
9928,train,11,M,M644.jpg
9929,train,11,M,M2808.jpg
2369,val,11,M,M888.jpg
9930,train,11,M,M650.jpg
9931,train,11,M,M136.jpg
9932,train,11,M,M678.jpg
9933,train,11,M,M1483.jpg
9934,train,11,M,M1468.jpg
9935,train,11,M,M2161.jpg
9936,train,11,M,M687.jpg
9937,train,11,M,M693.jpg
9938,train,11,M,M2175.jpg
9939,train,11,M,M1454.jpg
2370,val,11,M,M863.jpg
9940,train,11,M,M1332.jpg
9941,train,11,M,M877.jpg
9942,train,11,M,M1326.jpg
9943,train,11,M,M1440.jpg
9944,train,11,M,M2149.jpg
9945,train,11,M,M1327.jpg
9946,train,11,M,M876.jpg
2371,val,11,M,M2148.jpg
2372,val,11,M,M1441.jpg
9947,train,11,M,M1455.jpg
9948,train,11,M,M1333.jpg
9949,train,11,M,M862.jpg
9950,train,11,M,M692.jpg
9951,train,11,M,M2174.jpg
9952,train,11,M,M2160.jpg
9953,train,11,M,M1469.jpg
9954,train,11,M,M686.jpg
9955,train,11,M,M1496.jpg
2373,val,11,M,M679.jpg
9956,train,11,M,M651.jpg
9957,train,11,M,M889.jpg
2374,val,11,M,M137.jpg
9958,train,11,M,M123.jpg
9959,train,11,M,M645.jpg
9960,train,11,M,M1643.jpg
9961,train,11,M,M1125.jpg
9962,train,11,M,M1131.jpg
9963,train,11,M,M2376.jpg
9964,train,11,M,M490.jpg
9965,train,11,M,M1119.jpg
9966,train,11,M,M2410.jpg
9967,train,11,M,M2404.jpg
9968,train,11,M,M484.jpg
9969,train,11,M,M2362.jpg
9970,train,11,M,M2389.jpg
2375,val,11,M,M309.jpg
9971,train,11,M,M1858.jpg
9972,train,11,M,M1680.jpg
9973,train,11,M,M1864.jpg
9974,train,11,M,M335.jpg
2376,val,11,M,M447.jpg
9975,train,11,M,M1870.jpg
9976,train,11,M,M321.jpg
9977,train,11,M,M1737.jpg
9978,train,11,M,M1051.jpg
9979,train,11,M,M1723.jpg
2377,val,11,M,M2202.jpg
9980,train,11,M,M282.jpg
9981,train,11,M,M1079.jpg
2378,val,11,M,M296.jpg
9982,train,11,M,M2216.jpg
9983,train,11,M,M1092.jpg
9984,train,11,M,M1086.jpg
9985,train,11,M,M269.jpg
9986,train,11,M,M1938.jpg
9987,train,11,M,M1910.jpg
9988,train,11,M,M241.jpg
9989,train,11,M,M527.jpg
9990,train,11,M,M533.jpg
2379,val,11,M,M1904.jpg
9991,train,11,M,M255.jpg
9992,train,11,M,M1253.jpg
2380,val,11,M,M2982.jpg
2381,val,11,M,M1535.jpg
2382,val,11,M,M1521.jpg
9993,train,11,M,M2996.jpg
9994,train,11,M,M916.jpg
9995,train,11,M,M1509.jpg
9996,train,11,M,M2000.jpg
9997,train,11,M,M2941.jpg
9998,train,11,M,M2799.jpg
9999,train,11,M,M719.jpg
10000,train,11,M,M2955.jpg
10001,train,11,M,M725.jpg
10002,train,11,M,M2969.jpg
10003,train,11,M,M731.jpg
2383,val,11,M,M2951.jpg
2384,val,11,M,M1294.jpg
10004,train,11,M,M2945.jpg
10005,train,11,M,M735.jpg
10006,train,11,M,M2979.jpg
10007,train,11,M,M721.jpg
10008,train,11,M,M2992.jpg
10009,train,11,M,M1525.jpg
10010,train,11,M,M2038.jpg
10011,train,11,M,M2986.jpg
10012,train,11,M,M906.jpg
10013,train,11,M,M1257.jpg
2385,val,11,M,M1519.jpg
10014,train,11,M,M1082.jpg
10015,train,11,M,M1096.jpg
2386,val,11,M,M1928.jpg
10016,train,11,M,M279.jpg
10017,train,11,M,M251.jpg
10018,train,11,M,M1900.jpg
10019,train,11,M,M537.jpg
2387,val,11,M,M523.jpg
10020,train,11,M,M245.jpg
10021,train,11,M,M1727.jpg
10022,train,11,M,M1041.jpg
10023,train,11,M,M1055.jpg
10024,train,11,M,M1733.jpg
10025,train,11,M,M2212.jpg
10026,train,11,M,M292.jpg
10027,train,11,M,M1069.jpg
10028,train,11,M,M286.jpg
10029,train,11,M,M2206.jpg
10030,train,11,M,M2399.jpg
10031,train,11,M,M1690.jpg
10032,train,11,M,M1848.jpg
10033,train,11,M,M319.jpg
10034,train,11,M,M325.jpg
10035,train,11,M,M1874.jpg
10036,train,11,M,M443.jpg
10037,train,11,M,M457.jpg
10038,train,11,M,M331.jpg
2388,val,11,M,M1860.jpg
10039,train,11,M,M1653.jpg
10040,train,11,M,M1135.jpg
10041,train,11,M,M1121.jpg
2389,val,11,M,M1647.jpg
10042,train,11,M,M2366.jpg
10043,train,11,M,M1109.jpg
2390,val,11,M,M480.jpg
10044,train,11,M,M2400.jpg
10045,train,11,M,M2414.jpg
10046,train,11,M,M494.jpg
10047,train,11,M,M2372.jpg
10048,train,11,M,M1492.jpg
10049,train,11,M,M1486.jpg
10050,train,11,M,M669.jpg
2391,val,11,M,M899.jpg
10051,train,11,M,M641.jpg
10052,train,11,M,M127.jpg
10053,train,11,M,M133.jpg
10054,train,11,M,M655.jpg
10055,train,11,M,M866.jpg
10056,train,11,M,M1337.jpg
10057,train,11,M,M2158.jpg
10058,train,11,M,M1451.jpg
10059,train,11,M,M1445.jpg
10060,train,11,M,M872.jpg
10061,train,11,M,M1323.jpg
10062,train,11,M,M682.jpg
10063,train,11,M,M2164.jpg
2392,val,11,M,M2170.jpg
2393,val,11,M,M1479.jpg
2394,val,11,M,M2171.jpg
10064,train,11,M,M697.jpg
2395,val,11,M,M683.jpg
10065,train,11,M,M2165.jpg
2396,val,11,M,M1444.jpg
2397,val,11,M,M1322.jpg
2398,val,11,M,M873.jpg
2399,val,11,M,M1336.jpg
10066,train,11,M,M867.jpg
10067,train,11,M,M1450.jpg
10068,train,11,M,M2159.jpg
10069,train,11,M,M132.jpg
10070,train,11,M,M654.jpg
10071,train,11,M,M640.jpg
10072,train,11,M,M898.jpg
10073,train,11,M,M126.jpg
10074,train,11,M,M1487.jpg
10075,train,11,M,M668.jpg
2400,val,11,M,M1493.jpg
10076,train,11,M,M495.jpg
2401,val,11,M,M2415.jpg
10077,train,11,M,M2373.jpg
10078,train,11,M,M2367.jpg
10079,train,11,M,M2401.jpg
10080,train,11,M,M481.jpg
10081,train,11,M,M1108.jpg
10082,train,11,M,M2429.jpg
2402,val,11,M,M1120.jpg
10083,train,11,M,M1646.jpg
10084,train,11,M,M1134.jpg
10085,train,11,M,M1861.jpg
10086,train,11,M,M330.jpg
10087,train,11,M,M1875.jpg
10088,train,11,M,M324.jpg
10089,train,11,M,M442.jpg
10090,train,11,M,M1685.jpg
10091,train,11,M,M318.jpg
10092,train,11,M,M1849.jpg
2403,val,11,M,M1691.jpg
10093,train,11,M,M2398.jpg
2404,val,11,M,M1068.jpg
10094,train,11,M,M2207.jpg
2405,val,11,M,M287.jpg
10095,train,11,M,M293.jpg
10096,train,11,M,M2213.jpg
10097,train,11,M,M1054.jpg
10098,train,11,M,M64.jpg
10099,train,11,M,M1732.jpg
10100,train,11,M,M1726.jpg
2406,val,11,M,M1040.jpg
10101,train,11,M,M70.jpg
10102,train,11,M,M522.jpg
10103,train,11,M,M1915.jpg
10104,train,11,M,M244.jpg
10105,train,11,M,M1901.jpg
10106,train,11,M,M250.jpg
10107,train,11,M,M536.jpg
10108,train,11,M,M1097.jpg
10109,train,11,M,M278.jpg
10110,train,11,M,M1929.jpg
2407,val,11,M,M1083.jpg
10111,train,11,M,M2011.jpg
10112,train,11,M,M1530.jpg
2408,val,11,M,M1256.jpg
10113,train,11,M,M907.jpg
10114,train,11,M,M2987.jpg
10115,train,11,M,M2993.jpg
10116,train,11,M,M1242.jpg
10117,train,11,M,M913.jpg
10118,train,11,M,M1524.jpg
10119,train,11,M,M720.jpg
10120,train,11,M,M2978.jpg
10121,train,11,M,M734.jpg
10122,train,11,M,M2944.jpg
2409,val,11,M,M1295.jpg
10123,train,11,M,M2950.jpg
10124,train,11,M,M1297.jpg
10125,train,11,M,M2946.jpg
10126,train,11,M,M2952.jpg
2410,val,11,M,M722.jpg
10127,train,11,M,M736.jpg
10128,train,11,M,M2985.jpg
10129,train,11,M,M1526.jpg
2411,val,11,M,M2991.jpg
10130,train,11,M,M1268.jpg
10131,train,11,M,M2013.jpg
10132,train,11,M,M1095.jpg
10133,train,11,M,M1081.jpg
10134,train,11,M,M1917.jpg
10135,train,11,M,M246.jpg
10136,train,11,M,M99.jpg
10137,train,11,M,M520.jpg
10138,train,11,M,M534.jpg
10139,train,11,M,M1903.jpg
10140,train,11,M,M252.jpg
10141,train,11,M,M2239.jpg
10142,train,11,M,M1730.jpg
10143,train,11,M,M1724.jpg
10144,train,11,M,M285.jpg
10145,train,11,M,M2205.jpg
10146,train,11,M,M2211.jpg
2412,val,11,M,M1718.jpg
10147,train,11,M,M291.jpg
10148,train,11,M,M468.jpg
10149,train,11,M,M1693.jpg
10150,train,11,M,M1863.jpg
10151,train,11,M,M332.jpg
10152,train,11,M,M454.jpg
10153,train,11,M,M440.jpg
10154,train,11,M,M1877.jpg
10155,train,11,M,M326.jpg
10156,train,11,M,M1644.jpg
10157,train,11,M,M1122.jpg
10158,train,11,M,M1136.jpg
10159,train,11,M,M1888.jpg
10160,train,11,M,M1650.jpg
10161,train,11,M,M2359.jpg
2413,val,11,M,M2371.jpg
2414,val,11,M,M2417.jpg
2415,val,11,M,M497.jpg
10162,train,11,M,M483.jpg
2416,val,11,M,M2403.jpg
2417,val,11,M,M2365.jpg
2418,val,11,M,M1485.jpg
10163,train,11,M,M118.jpg
10164,train,11,M,M1491.jpg
10165,train,11,M,M656.jpg
10166,train,11,M,M130.jpg
10167,train,11,M,M124.jpg
10168,train,11,M,M642.jpg
2419,val,11,M,M1320.jpg
10169,train,11,M,M871.jpg
10170,train,11,M,M1446.jpg
10171,train,2,C,C769.jpg
10172,train,2,C,C1339.jpg
2420,val,2,C,C1463.jpg
10173,train,2,C,C755.jpg
2421,val,2,C,C1305.jpg
2422,val,2,C,C1311.jpg
10174,train,2,C,C741.jpg
10175,train,2,C,C1488.jpg
10176,train,2,C,C2817.jpg
10177,train,2,C,C2803.jpg
10178,train,2,C,C782.jpg
10179,train,2,C,C2432.jpg
10180,train,2,C,C1885.jpg
2423,val,2,C,C2340.jpg
10181,train,2,C,C33.jpg
10182,train,2,C,C1891.jpg
2424,val,2,C,C1649.jpg
10183,train,2,C,C219.jpg
10184,train,2,C,C2426.jpg
10185,train,2,C,C1107.jpg
2425,val,2,C,C231.jpg
2426,val,2,C,C557.jpg
10186,train,2,C,C1661.jpg
10187,train,2,C,C1675.jpg
10188,train,2,C,C543.jpg
10189,train,2,C,C225.jpg
2427,val,2,C,C1113.jpg
10190,train,2,C,C2397.jpg
2428,val,2,C,C1846.jpg
10191,train,2,C,C2383.jpg
10192,train,2,C,C594.jpg
2429,val,2,C,C580.jpg
10193,train,2,C,C379.jpg
10194,train,2,C,C1729.jpg
10195,train,2,C,C2220.jpg
10196,train,2,C,C1073.jpg
10197,train,2,C,C345.jpg
2430,val,2,C,C1715.jpg
10198,train,2,C,C1701.jpg
2431,val,2,C,C351.jpg
2432,val,2,C,C1067.jpg
10199,train,2,C,C1932.jpg
10200,train,2,C,C1926.jpg
2433,val,2,C,C1098.jpg
2434,val,2,C,C386.jpg
10201,train,2,C,C392.jpg
10202,train,2,C,C2022.jpg
10203,train,2,C,C1259.jpg
10204,train,2,C,C2036.jpg
10205,train,2,C,C609.jpg
10206,train,2,C,C1517.jpg
10207,train,2,C,C621.jpg
2435,val,2,C,C147.jpg
2436,val,2,C,C1271.jpg
10208,train,2,C,C1265.jpg
10209,train,2,C,C153.jpg
10210,train,2,C,C635.jpg
10211,train,2,C,C1503.jpg
10212,train,2,C,C806.jpg
2437,val,2,C,C2787.jpg
10213,train,2,C,C2793.jpg
10214,train,2,C,C812.jpg
10215,train,2,C,C184.jpg
10216,train,2,C,C190.jpg
10217,train,2,C,C191.jpg
10218,train,2,C,C185.jpg
10219,train,2,C,C2792.jpg
10220,train,2,C,C813.jpg
10221,train,2,C,C807.jpg
2438,val,2,C,C2786.jpg
10222,train,2,C,C152.jpg
10223,train,2,C,C1264.jpg
10224,train,2,C,C1502.jpg
10225,train,2,C,C634.jpg
10226,train,2,C,C620.jpg
2439,val,2,C,C1516.jpg
10227,train,2,C,C1270.jpg
10228,train,2,C,C146.jpg
2440,val,2,C,C1258.jpg
10229,train,2,C,C608.jpg
10230,train,2,C,C2023.jpg
10231,train,2,C,C393.jpg
10232,train,2,C,C387.jpg
10233,train,2,C,C1927.jpg
10234,train,2,C,C1099.jpg
10235,train,2,C,C1933.jpg
10236,train,2,C,C1700.jpg
2441,val,2,C,C1066.jpg
10237,train,2,C,C350.jpg
10238,train,2,C,C344.jpg
10239,train,2,C,C1072.jpg
2442,val,2,C,C1714.jpg
10240,train,2,C,C422.jpg
10241,train,2,C,C2235.jpg
10242,train,2,C,C378.jpg
10243,train,2,C,C2221.jpg
10244,train,2,C,C1728.jpg
10245,train,2,C,C581.jpg
10246,train,2,C,C595.jpg
10247,train,2,C,C2382.jpg
10248,train,2,C,C1853.jpg
10249,train,2,C,C1847.jpg
2443,val,2,C,C2396.jpg
10250,train,2,C,C542.jpg
10251,train,2,C,C1674.jpg
10252,train,2,C,C1112.jpg
10253,train,2,C,C224.jpg
2444,val,2,C,C230.jpg
10254,train,2,C,C1106.jpg
10255,train,2,C,C1660.jpg
10256,train,2,C,C556.jpg
10257,train,2,C,C1648.jpg
10258,train,2,C,C1890.jpg
10259,train,2,C,C32.jpg
2445,val,2,C,C2341.jpg
10260,train,2,C,C2427.jpg
2446,val,2,C,C218.jpg
2447,val,2,C,C2433.jpg
10261,train,2,C,C26.jpg
10262,train,2,C,C1884.jpg
10263,train,2,C,C2802.jpg
2448,val,2,C,C783.jpg
10264,train,2,C,C797.jpg
10265,train,2,C,C2816.jpg
2449,val,2,C,C1489.jpg
10266,train,2,C,C967.jpg
10267,train,2,C,C1310.jpg
10268,train,2,C,C740.jpg
10269,train,2,C,C754.jpg
2450,val,2,C,C1304.jpg
10270,train,2,C,C768.jpg
10271,train,2,C,C1338.jpg
10272,train,2,C,C1448.jpg
10273,train,2,C,C742.jpg
2451,val,2,C,C1474.jpg
10274,train,2,C,C1312.jpg
10275,train,2,C,C1306.jpg
2452,val,2,C,C1460.jpg
10276,train,2,C,C756.jpg
10277,train,2,C,C2828.jpg
2453,val,2,C,C781.jpg
10278,train,2,C,C2800.jpg
10279,train,2,C,C2814.jpg
10280,train,2,C,C2425.jpg
10281,train,2,C,C2343.jpg
10282,train,2,C,C30.jpg
2454,val,2,C,C1892.jpg
10283,train,2,C,C1886.jpg
10284,train,2,C,C568.jpg
10285,train,2,C,C24.jpg
10286,train,2,C,C2431.jpg
10287,train,2,C,C1138.jpg
2455,val,2,C,C226.jpg
10288,train,2,C,C2419.jpg
10289,train,2,C,C1110.jpg
10290,train,2,C,C1676.jpg
10291,train,2,C,C540.jpg
10292,train,2,C,C554.jpg
10293,train,2,C,C1662.jpg
10294,train,2,C,C1104.jpg
10295,train,2,C,C232.jpg
10296,train,2,C,C1689.jpg
10297,train,2,C,C1851.jpg
10298,train,2,C,C2394.jpg
2456,val,2,C,C1845.jpg
2457,val,2,C,C583.jpg
10299,train,2,C,C1879.jpg
10300,train,2,C,C597.jpg
10301,train,2,C,C1058.jpg
10302,train,2,C,C408.jpg
10303,train,2,C,C2237.jpg
2458,val,2,C,C352.jpg
10304,train,2,C,C1064.jpg
10305,train,2,C,C1702.jpg
10306,train,2,C,C1716.jpg
10307,train,2,C,C1070.jpg
10308,train,2,C,C346.jpg
10309,train,2,C,C1925.jpg
2459,val,2,C,C1931.jpg
10310,train,2,C,C391.jpg
10311,train,2,C,C1919.jpg
10312,train,2,C,C385.jpg
10313,train,2,C,C2035.jpg
2460,val,2,C,C178.jpg
10314,train,2,C,C2021.jpg
10315,train,2,C,C1528.jpg
10316,train,2,C,C2009.jpg
2461,val,2,C,C636.jpg
10317,train,2,C,C1500.jpg
10318,train,2,C,C1266.jpg
10319,train,2,C,C150.jpg
10320,train,2,C,C144.jpg
2462,val,2,C,C1272.jpg
2463,val,2,C,C1514.jpg
10321,train,2,C,C622.jpg
10322,train,2,C,C811.jpg
10323,train,2,C,C1299.jpg
10324,train,2,C,C2784.jpg
10325,train,2,C,C805.jpg
10326,train,2,C,C193.jpg
2464,val,2,C,C187.jpg
10327,train,2,C,C2961.jpg
10328,train,2,C,C186.jpg
2465,val,2,C,C192.jpg
10329,train,2,C,C2785.jpg
10330,train,2,C,C804.jpg
10331,train,2,C,C1298.jpg
10332,train,2,C,C1273.jpg
10333,train,2,C,C145.jpg
10334,train,2,C,C623.jpg
10335,train,2,C,C1515.jpg
10336,train,2,C,C1501.jpg
10337,train,2,C,C637.jpg
10338,train,2,C,C2008.jpg
10339,train,2,C,C151.jpg
10340,train,2,C,C1267.jpg
2466,val,2,C,C179.jpg
10341,train,2,C,C1529.jpg
10342,train,2,C,C2020.jpg
10343,train,2,C,C2034.jpg
10344,train,2,C,C384.jpg
10345,train,2,C,C390.jpg
10346,train,2,C,C1918.jpg
10347,train,2,C,C1930.jpg
10348,train,2,C,C1924.jpg
10349,train,2,C,C1717.jpg
10350,train,2,C,C347.jpg
10351,train,2,C,C1071.jpg
2467,val,2,C,C1065.jpg
10352,train,2,C,C353.jpg
10353,train,2,C,C1703.jpg
10354,train,2,C,C1059.jpg
10355,train,2,C,C2236.jpg
10356,train,2,C,C409.jpg
10357,train,2,C,C596.jpg
10358,train,2,C,C1878.jpg
10359,train,2,C,C582.jpg
10360,train,2,C,C1844.jpg
10361,train,2,C,C2395.jpg
10362,train,2,C,C2381.jpg
10363,train,2,C,C1850.jpg
10364,train,2,C,C1688.jpg
10365,train,2,C,C1663.jpg
2468,val,2,C,C555.jpg
10366,train,2,C,C233.jpg
10367,train,2,C,C1105.jpg
2469,val,2,C,C1111.jpg
2470,val,2,C,C2418.jpg
10368,train,2,C,C227.jpg
2471,val,2,C,C541.jpg
10369,train,2,C,C1677.jpg
10370,train,2,C,C569.jpg
10371,train,2,C,C1887.jpg
2472,val,2,C,C1139.jpg
10372,train,2,C,C2430.jpg
10373,train,2,C,C2424.jpg
2473,val,2,C,C1893.jpg
10374,train,2,C,C31.jpg
2474,val,2,C,C2342.jpg
2475,val,2,C,C2815.jpg
10375,train,2,C,C794.jpg
10376,train,2,C,C780.jpg
10377,train,2,C,C2801.jpg
10378,train,2,C,C2829.jpg
10379,train,2,C,C1307.jpg
2476,val,2,C,C757.jpg
10380,train,2,C,C1461.jpg
2477,val,2,C,C743.jpg
10381,train,2,C,C1313.jpg
10382,train,2,C,C1449.jpg
10383,train,2,C,C1317.jpg
10384,train,2,C,C747.jpg
10385,train,2,C,C1471.jpg
10386,train,2,C,C1465.jpg
2478,val,2,C,C753.jpg
10387,train,2,C,C1303.jpg
10388,train,2,C,C1459.jpg
10389,train,2,C,C2805.jpg
10390,train,2,C,C784.jpg
10391,train,2,C,C790.jpg
10392,train,2,C,C2811.jpg
10393,train,2,C,C2839.jpg
10394,train,2,C,C1673.jpg
10395,train,2,C,C545.jpg
10396,train,2,C,C223.jpg
10397,train,2,C,C1115.jpg
2479,val,2,C,C1101.jpg
10398,train,2,C,C2408.jpg
2480,val,2,C,C237.jpg
10399,train,2,C,C551.jpg
10400,train,2,C,C1667.jpg
10401,train,2,C,C579.jpg
10402,train,2,C,C2346.jpg
10403,train,2,C,C35.jpg
10404,train,2,C,C1897.jpg
2481,val,2,C,C1129.jpg
10405,train,2,C,C2420.jpg
10406,train,2,C,C2434.jpg
10407,train,2,C,C1883.jpg
2482,val,2,C,C586.jpg
10408,train,2,C,C1868.jpg
10409,train,2,C,C592.jpg
10410,train,2,C,C1854.jpg
10411,train,2,C,C2385.jpg
10412,train,2,C,C2391.jpg
10413,train,2,C,C1698.jpg
10414,train,2,C,C1840.jpg
10415,train,2,C,C1707.jpg
10416,train,2,C,C357.jpg
2483,val,2,C,C1061.jpg
2484,val,2,C,C1075.jpg
10417,train,2,C,C343.jpg
10418,train,2,C,C1713.jpg
10419,train,2,C,C1049.jpg
10420,train,2,C,C2226.jpg
10421,train,2,C,C394.jpg
10422,train,2,C,C380.jpg
10423,train,2,C,C1908.jpg
2485,val,2,C,C1920.jpg
2486,val,2,C,C1934.jpg
2487,val,2,C,C1263.jpg
10424,train,2,C,C155.jpg
10425,train,2,C,C633.jpg
10426,train,2,C,C1505.jpg
10427,train,2,C,C627.jpg
10428,train,2,C,C2018.jpg
10429,train,2,C,C141.jpg
10430,train,2,C,C1277.jpg
10431,train,2,C,C169.jpg
10432,train,2,C,C1539.jpg
10433,train,2,C,C2030.jpg
10434,train,2,C,C2024.jpg
10435,train,2,C,C196.jpg
2488,val,2,C,C182.jpg
10436,train,2,C,C2795.jpg
10437,train,2,C,C814.jpg
10438,train,2,C,C800.jpg
10439,train,2,C,C2781.jpg
10440,train,2,C,C1288.jpg
10441,train,2,C,C801.jpg
10442,train,2,C,C1289.jpg
10443,train,2,C,C2780.jpg
2489,val,2,C,C2794.jpg
10444,train,2,C,C183.jpg
10445,train,2,C,C197.jpg
2490,val,2,C,C2025.jpg
2491,val,2,C,C168.jpg
10446,train,2,C,C2031.jpg
2492,val,2,C,C1538.jpg
10447,train,2,C,C2019.jpg
2493,val,2,C,C626.jpg
10448,train,2,C,C1510.jpg
10449,train,2,C,C1276.jpg
10450,train,2,C,C140.jpg
10451,train,2,C,C154.jpg
10452,train,2,C,C1262.jpg
10453,train,2,C,C1504.jpg
2494,val,2,C,C632.jpg
10454,train,2,C,C1935.jpg
10455,train,2,C,C1921.jpg
10456,train,2,C,C381.jpg
10457,train,2,C,C1909.jpg
10458,train,2,C,C395.jpg
10459,train,2,C,C1048.jpg
10460,train,2,C,C418.jpg
10461,train,2,C,C2227.jpg
10462,train,2,C,C342.jpg
2495,val,2,C,C1074.jpg
10463,train,2,C,C1712.jpg
10464,train,2,C,C424.jpg
10465,train,2,C,C430.jpg
2496,val,2,C,C1706.jpg
10466,train,2,C,C1060.jpg
10467,train,2,C,C356.jpg
2497,val,2,C,C1841.jpg
10468,train,2,C,C1699.jpg
2498,val,2,C,C2390.jpg
10469,train,2,C,C2384.jpg
10470,train,2,C,C1855.jpg
10471,train,2,C,C593.jpg
10472,train,2,C,C1869.jpg
10473,train,2,C,C587.jpg
10474,train,2,C,C2435.jpg
10475,train,2,C,C1882.jpg
10476,train,2,C,C1896.jpg
10477,train,2,C,C34.jpg
10478,train,2,C,C2347.jpg
10479,train,2,C,C578.jpg
10480,train,2,C,C2421.jpg
10481,train,2,C,C1128.jpg
10482,train,2,C,C236.jpg
10483,train,2,C,C2409.jpg
10484,train,2,C,C1100.jpg
10485,train,2,C,C1666.jpg
10486,train,2,C,C550.jpg
10487,train,2,C,C544.jpg
10488,train,2,C,C1672.jpg
10489,train,2,C,C1114.jpg
10490,train,2,C,C222.jpg
10491,train,2,C,C961.jpg
10492,train,2,C,C949.jpg
10493,train,2,C,C791.jpg
2499,val,2,C,C2810.jpg
10494,train,2,C,C2804.jpg
10495,train,2,C,C785.jpg
10496,train,2,C,C1458.jpg
2500,val,2,C,C752.jpg
10497,train,2,C,C1464.jpg
10498,train,2,C,C1302.jpg
10499,train,2,C,C1316.jpg
10500,train,2,C,C746.jpg
10501,train,2,C,C1300.jpg
10502,train,2,C,C1466.jpg
10503,train,2,C,C750.jpg
10504,train,2,C,C744.jpg
2501,val,2,C,C1472.jpg
10505,train,2,C,C1314.jpg
10506,train,2,C,C778.jpg
10507,train,2,C,C1328.jpg
10508,train,2,C,C2812.jpg
10509,train,2,C,C787.jpg
10510,train,2,C,C2806.jpg
10511,train,2,C,C1499.jpg
10512,train,2,C,C552.jpg
10513,train,2,C,C1664.jpg
10514,train,2,C,C1102.jpg
10515,train,2,C,C234.jpg
2502,val,2,C,C220.jpg
10516,train,2,C,C1116.jpg
10517,train,2,C,C1670.jpg
10518,train,2,C,C546.jpg
2503,val,2,C,C2379.jpg
10519,train,2,C,C1880.jpg
10520,train,2,C,C1658.jpg
10521,train,2,C,C2437.jpg
2504,val,2,C,C208.jpg
10522,train,2,C,C2423.jpg
10523,train,2,C,C2345.jpg
10524,train,2,C,C36.jpg
10525,train,2,C,C1894.jpg
2505,val,2,C,C591.jpg
10526,train,2,C,C585.jpg
10527,train,2,C,C2392.jpg
10528,train,2,C,C1843.jpg
10529,train,2,C,C1857.jpg
10530,train,2,C,C2386.jpg
10531,train,2,C,C426.jpg
2506,val,2,C,C1710.jpg
2507,val,2,C,C1076.jpg
10532,train,2,C,C340.jpg
10533,train,2,C,C354.jpg
10534,train,2,C,C1062.jpg
10535,train,2,C,C1704.jpg
10536,train,2,C,C2225.jpg
10537,train,2,C,C368.jpg
10538,train,2,C,C1738.jpg
2508,val,2,C,C383.jpg
10539,train,2,C,C397.jpg
10540,train,2,C,C1937.jpg
2509,val,2,C,C1089.jpg
10541,train,2,C,C1923.jpg
10542,train,2,C,C142.jpg
10543,train,2,C,C1274.jpg
10544,train,2,C,C1512.jpg
10545,train,2,C,C624.jpg
10546,train,2,C,C630.jpg
10547,train,2,C,C1260.jpg
10548,train,2,C,C156.jpg
10549,train,2,C,C1248.jpg
10550,train,2,C,C618.jpg
10551,train,2,C,C2027.jpg
10552,train,2,C,C2033.jpg
10553,train,2,C,C181.jpg
10554,train,2,C,C195.jpg
2510,val,2,C,C2782.jpg
10555,train,2,C,C803.jpg
10556,train,2,C,C2796.jpg
10557,train,2,C,C816.jpg
10558,train,2,C,C2797.jpg
10559,train,2,C,C2783.jpg
10560,train,2,C,C802.jpg
10561,train,2,C,C194.jpg
10562,train,2,C,C180.jpg
2511,val,2,C,C2032.jpg
10563,train,2,C,C1249.jpg
10564,train,2,C,C2026.jpg
10565,train,2,C,C619.jpg
10566,train,2,C,C631.jpg
10567,train,2,C,C157.jpg
10568,train,2,C,C1261.jpg
10569,train,2,C,C1275.jpg
10570,train,2,C,C143.jpg
10571,train,2,C,C625.jpg
2512,val,2,C,C1513.jpg
10572,train,2,C,C1922.jpg
10573,train,2,C,C1936.jpg
10574,train,2,C,C1088.jpg
10575,train,2,C,C396.jpg
10576,train,2,C,C382.jpg
10577,train,2,C,C1739.jpg
10578,train,2,C,C2230.jpg
2513,val,2,C,C2224.jpg
10579,train,2,C,C1063.jpg
10580,train,2,C,C355.jpg
2514,val,2,C,C1705.jpg
10581,train,2,C,C1711.jpg
10582,train,2,C,C341.jpg
10583,train,2,C,C1077.jpg
10584,train,2,C,C1856.jpg
10585,train,2,C,C1842.jpg
10586,train,2,C,C2393.jpg
2515,val,2,C,C584.jpg
10587,train,2,C,C590.jpg
10588,train,2,C,C2422.jpg
2516,val,2,C,C1895.jpg
10589,train,2,C,C37.jpg
10590,train,2,C,C2344.jpg
10591,train,2,C,C23.jpg
10592,train,2,C,C1659.jpg
10593,train,2,C,C1881.jpg
10594,train,2,C,C209.jpg
10595,train,2,C,C2436.jpg
10596,train,2,C,C1117.jpg
10597,train,2,C,C221.jpg
10598,train,2,C,C2378.jpg
10599,train,2,C,C547.jpg
10600,train,2,C,C1671.jpg
10601,train,2,C,C1665.jpg
10602,train,2,C,C553.jpg
10603,train,2,C,C235.jpg
10604,train,2,C,C1103.jpg
10605,train,2,C,C962.jpg
10606,train,2,C,C2185.jpg
10607,train,2,C,C1498.jpg
10608,train,2,C,C786.jpg
10609,train,2,C,C2807.jpg
2517,val,2,C,C2813.jpg
10610,train,2,C,C779.jpg
2518,val,2,C,C2146.jpg
10611,train,2,C,C1329.jpg
10612,train,2,C,C1473.jpg
2519,val,2,C,C745.jpg
10613,train,2,C,C1315.jpg
10614,train,2,C,C1301.jpg
2520,val,2,C,C751.jpg
10615,train,2,C,C1467.jpg
10616,train,2,C,C1428.jpg
10617,train,2,C,C2647.jpg
10618,train,2,C,C1366.jpg
10619,train,2,C,C736.jpg
10620,train,2,C,C1400.jpg
10621,train,2,C,C1414.jpg
10622,train,2,C,C722.jpg
10623,train,2,C,C1372.jpg
10624,train,2,C,C1399.jpg
10625,train,2,C,C2848.jpg
10626,train,2,C,C2337.jpg
10627,train,2,C,C508.jpg
2521,val,2,C,C44.jpg
2522,val,2,C,C1158.jpg
10628,train,2,C,C2451.jpg
10629,train,2,C,C2323.jpg
10630,train,2,C,C50.jpg
10631,train,2,C,C1602.jpg
10632,train,2,C,C534.jpg
2523,val,2,C,C78.jpg
10633,train,2,C,C252.jpg
10634,train,2,C,C1164.jpg
2524,val,2,C,C1170.jpg
10635,train,2,C,C246.jpg
10636,train,2,C,C2479.jpg
10637,train,2,C,C520.jpg
2525,val,2,C,C1616.jpg
2526,val,2,C,C1825.jpg
10638,train,2,C,C87.jpg
2527,val,2,C,C2492.jpg
10639,train,2,C,C2486.jpg
10640,train,2,C,C93.jpg
10641,train,2,C,C1831.jpg
10642,train,2,C,C1819.jpg
10643,train,2,C,C291.jpg
10644,train,2,C,C285.jpg
10645,train,2,C,C2243.jpg
10646,train,2,C,C1992.jpg
10647,train,2,C,C1038.jpg
10648,train,2,C,C1986.jpg
10649,train,2,C,C2257.jpg
2528,val,2,C,C1776.jpg
2529,val,2,C,C326.jpg
10650,train,2,C,C1010.jpg
10651,train,2,C,C1004.jpg
10652,train,2,C,C332.jpg
10653,train,2,C,C1762.jpg
10654,train,2,C,C1951.jpg
10655,train,2,C,C1789.jpg
10656,train,2,C,C2280.jpg
10657,train,2,C,C2294.jpg
10658,train,2,C,C1945.jpg
2530,val,2,C,C483.jpg
2531,val,2,C,C1979.jpg
10659,train,2,C,C497.jpg
2532,val,2,C,C118.jpg
2533,val,2,C,C1548.jpg
2534,val,2,C,C2041.jpg
10660,train,2,C,C2055.jpg
10661,train,2,C,C1212.jpg
10662,train,2,C,C124.jpg
10663,train,2,C,C642.jpg
10664,train,2,C,C1574.jpg
10665,train,2,C,C1560.jpg
10666,train,2,C,C656.jpg
10667,train,2,C,C130.jpg
10668,train,2,C,C1206.jpg
10669,train,2,C,C2082.jpg
2535,val,2,C,C2096.jpg
2536,val,2,C,C681.jpg
10670,train,2,C,C695.jpg
2537,val,2,C,C694.jpg
10671,train,2,C,C680.jpg
10672,train,2,C,C2097.jpg
2538,val,2,C,C2083.jpg
10673,train,2,C,C657.jpg
2539,val,2,C,C1561.jpg
10674,train,2,C,C1207.jpg
10675,train,2,C,C131.jpg
10676,train,2,C,C125.jpg
10677,train,2,C,C1213.jpg
10678,train,2,C,C1575.jpg
2540,val,2,C,C643.jpg
10679,train,2,C,C2054.jpg
10680,train,2,C,C119.jpg
10681,train,2,C,C2040.jpg
10682,train,2,C,C1549.jpg
10683,train,2,C,C496.jpg
10684,train,2,C,C1978.jpg
10685,train,2,C,C482.jpg
10686,train,2,C,C1944.jpg
10687,train,2,C,C2295.jpg
10688,train,2,C,C2281.jpg
10689,train,2,C,C1788.jpg
10690,train,2,C,C1950.jpg
10691,train,2,C,C333.jpg
10692,train,2,C,C1005.jpg
10693,train,2,C,C1763.jpg
10694,train,2,C,C1777.jpg
2541,val,2,C,C1011.jpg
10695,train,2,C,C327.jpg
10696,train,2,C,C1039.jpg
2542,val,2,C,C2256.jpg
10697,train,2,C,C469.jpg
10698,train,2,C,C1987.jpg
2543,val,2,C,C1993.jpg
2544,val,2,C,C2242.jpg
10699,train,2,C,C284.jpg
10700,train,2,C,C1818.jpg
10701,train,2,C,C290.jpg
2545,val,2,C,C2487.jpg
10702,train,2,C,C1830.jpg
10703,train,2,C,C92.jpg
10704,train,2,C,C86.jpg
10705,train,2,C,C1824.jpg
10706,train,2,C,C2493.jpg
10707,train,2,C,C247.jpg
10708,train,2,C,C1171.jpg
10709,train,2,C,C1617.jpg
10710,train,2,C,C521.jpg
2546,val,2,C,C79.jpg
2547,val,2,C,C535.jpg
10711,train,2,C,C1603.jpg
2548,val,2,C,C1165.jpg
10712,train,2,C,C253.jpg
10713,train,2,C,C51.jpg
10714,train,2,C,C2322.jpg
10715,train,2,C,C45.jpg
2549,val,2,C,C509.jpg
10716,train,2,C,C2336.jpg
10717,train,2,C,C1159.jpg
10718,train,2,C,C904.jpg
10719,train,2,C,C2849.jpg
2550,val,2,C,C1398.jpg
10720,train,2,C,C723.jpg
10721,train,2,C,C1415.jpg
10722,train,2,C,C1373.jpg
10723,train,2,C,C1367.jpg
2551,val,2,C,C1401.jpg
10724,train,2,C,C2108.jpg
2552,val,2,C,C737.jpg
10725,train,2,C,C1429.jpg
10726,train,2,C,C2646.jpg
10727,train,2,C,C2122.jpg
10728,train,2,C,C709.jpg
2553,val,2,C,C2650.jpg
10729,train,2,C,C2888.jpg
10730,train,2,C,C1359.jpg
10731,train,2,C,C1371.jpg
10732,train,2,C,C1417.jpg
10733,train,2,C,C721.jpg
2554,val,2,C,C735.jpg
10734,train,2,C,C1403.jpg
2555,val,2,C,C1365.jpg
10735,train,2,C,C1629.jpg
10736,train,2,C,C2320.jpg
10737,train,2,C,C53.jpg
10738,train,2,C,C279.jpg
10739,train,2,C,C2446.jpg
10740,train,2,C,C2452.jpg
10741,train,2,C,C2334.jpg
10742,train,2,C,C47.jpg
10743,train,2,C,C523.jpg
10744,train,2,C,C1615.jpg
10745,train,2,C,C1173.jpg
10746,train,2,C,C245.jpg
10747,train,2,C,C251.jpg
10748,train,2,C,C1167.jpg
10749,train,2,C,C1601.jpg
2556,val,2,C,C2308.jpg
10750,train,2,C,C537.jpg
10751,train,2,C,C90.jpg
2557,val,2,C,C1832.jpg
2558,val,2,C,C2491.jpg
10752,train,2,C,C1198.jpg
10753,train,2,C,C1826.jpg
10754,train,2,C,C84.jpg
10755,train,2,C,C286.jpg
10756,train,2,C,C292.jpg
10757,train,2,C,C1985.jpg
10758,train,2,C,C2254.jpg
2559,val,2,C,C319.jpg
10759,train,2,C,C2240.jpg
10760,train,2,C,C1749.jpg
10761,train,2,C,C1991.jpg
10762,train,2,C,C2268.jpg
10763,train,2,C,C1761.jpg
10764,train,2,C,C1007.jpg
10765,train,2,C,C331.jpg
10766,train,2,C,C325.jpg
10767,train,2,C,C1013.jpg
2560,val,2,C,C1775.jpg
10768,train,2,C,C2297.jpg
10769,train,2,C,C1946.jpg
10770,train,2,C,C1952.jpg
2561,val,2,C,C2283.jpg
10771,train,2,C,C494.jpg
10772,train,2,C,C480.jpg
2562,val,2,C,C1239.jpg
2563,val,2,C,C2056.jpg
10773,train,2,C,C669.jpg
10774,train,2,C,C133.jpg
10775,train,2,C,C1205.jpg
10776,train,2,C,C1563.jpg
10777,train,2,C,C655.jpg
10778,train,2,C,C641.jpg
10779,train,2,C,C1577.jpg
10780,train,2,C,C1211.jpg
10781,train,2,C,C127.jpg
10782,train,2,C,C2095.jpg
10783,train,2,C,C1588.jpg
10784,train,2,C,C696.jpg
10785,train,2,C,C682.jpg
2564,val,2,C,C683.jpg
10786,train,2,C,C697.jpg
10787,train,2,C,C1589.jpg
10788,train,2,C,C2094.jpg
10789,train,2,C,C1576.jpg
10790,train,2,C,C640.jpg
10791,train,2,C,C126.jpg
10792,train,2,C,C1210.jpg
10793,train,2,C,C1204.jpg
10794,train,2,C,C132.jpg
10795,train,2,C,C654.jpg
2565,val,2,C,C1562.jpg
10796,train,2,C,C2043.jpg
10797,train,2,C,C1238.jpg
10798,train,2,C,C668.jpg
10799,train,2,C,C481.jpg
10800,train,2,C,C495.jpg
2566,val,2,C,C2282.jpg
2567,val,2,C,C1953.jpg
10801,train,2,C,C1947.jpg
10802,train,2,C,C2296.jpg
10803,train,2,C,C1012.jpg
10804,train,2,C,C324.jpg
10805,train,2,C,C1774.jpg
10806,train,2,C,C1760.jpg
10807,train,2,C,C2269.jpg
10808,train,2,C,C330.jpg
10809,train,2,C,C1006.jpg
10810,train,2,C,C318.jpg
2568,val,2,C,C1990.jpg
10811,train,2,C,C1748.jpg
2569,val,2,C,C2241.jpg
2570,val,2,C,C2255.jpg
10812,train,2,C,C1984.jpg
10813,train,2,C,C293.jpg
10814,train,2,C,C287.jpg
10815,train,2,C,C1199.jpg
10816,train,2,C,C2490.jpg
10817,train,2,C,C85.jpg
10818,train,2,C,C1827.jpg
10819,train,2,C,C1833.jpg
10820,train,2,C,C91.jpg
10821,train,2,C,C2484.jpg
10822,train,2,C,C1166.jpg
10823,train,2,C,C250.jpg
10824,train,2,C,C536.jpg
10825,train,2,C,C2309.jpg
2571,val,2,C,C1600.jpg
10826,train,2,C,C1614.jpg
2572,val,2,C,C522.jpg
2573,val,2,C,C244.jpg
10827,train,2,C,C1172.jpg
10828,train,2,C,C2453.jpg
10829,train,2,C,C46.jpg
10830,train,2,C,C2335.jpg
2574,val,2,C,C52.jpg
10831,train,2,C,C2321.jpg
10832,train,2,C,C1628.jpg
10833,train,2,C,C278.jpg
2575,val,2,C,C1402.jpg
10834,train,2,C,C734.jpg
10835,train,2,C,C1364.jpg
2576,val,2,C,C1370.jpg
2577,val,2,C,C720.jpg
2578,val,2,C,C1416.jpg
10836,train,2,C,C708.jpg
10837,train,2,C,C1358.jpg
10838,train,2,C,C2123.jpg
2579,val,2,C,C1412.jpg
10839,train,2,C,C724.jpg
2580,val,2,C,C1374.jpg
10840,train,2,C,C1360.jpg
10841,train,2,C,C730.jpg
2581,val,2,C,C1406.jpg
10842,train,2,C,C2127.jpg
10843,train,2,C,C718.jpg
10844,train,2,C,C1348.jpg
10845,train,2,C,C1176.jpg
10846,train,2,C,C240.jpg
10847,train,2,C,C526.jpg
10848,train,2,C,C2319.jpg
2582,val,2,C,C1610.jpg
10849,train,2,C,C1604.jpg
10850,train,2,C,C532.jpg
10851,train,2,C,C254.jpg
10852,train,2,C,C1162.jpg
10853,train,2,C,C2443.jpg
10854,train,2,C,C2325.jpg
2583,val,2,C,C56.jpg
2584,val,2,C,C2331.jpg
10855,train,2,C,C42.jpg
10856,train,2,C,C1638.jpg
10857,train,2,C,C2457.jpg
10858,train,2,C,C268.jpg
10859,train,2,C,C283.jpg
10860,train,2,C,C297.jpg
10861,train,2,C,C1189.jpg
10862,train,2,C,C95.jpg
2585,val,2,C,C1837.jpg
10863,train,2,C,C1823.jpg
10864,train,2,C,C81.jpg
10865,train,2,C,C2494.jpg
10866,train,2,C,C1002.jpg
10867,train,2,C,C334.jpg
2586,val,2,C,C1764.jpg
10868,train,2,C,C1770.jpg
2587,val,2,C,C2279.jpg
10869,train,2,C,C320.jpg
2588,val,2,C,C1016.jpg
10870,train,2,C,C308.jpg
10871,train,2,C,C1758.jpg
10872,train,2,C,C1980.jpg
2589,val,2,C,C2251.jpg
10873,train,2,C,C2245.jpg
10874,train,2,C,C1994.jpg
2590,val,2,C,C485.jpg
10875,train,2,C,C2292.jpg
2591,val,2,C,C1943.jpg
10876,train,2,C,C1957.jpg
10877,train,2,C,C2286.jpg
10878,train,2,C,C1566.jpg
10879,train,2,C,C650.jpg
10880,train,2,C,C136.jpg
2592,val,2,C,C1200.jpg
10881,train,2,C,C1214.jpg
2593,val,2,C,C122.jpg
10882,train,2,C,C644.jpg
10883,train,2,C,C1572.jpg
10884,train,2,C,C2053.jpg
2594,val,2,C,C1228.jpg
10885,train,2,C,C678.jpg
2595,val,2,C,C2047.jpg
10886,train,2,C,C693.jpg
10887,train,2,C,C687.jpg
10888,train,2,C,C1599.jpg
10889,train,2,C,C2090.jpg
10890,train,2,C,C2091.jpg
2596,val,2,C,C1598.jpg
2597,val,2,C,C686.jpg
10891,train,2,C,C692.jpg
2598,val,2,C,C1229.jpg
10892,train,2,C,C679.jpg
10893,train,2,C,C2052.jpg
10894,train,2,C,C123.jpg
10895,train,2,C,C1215.jpg
10896,train,2,C,C1573.jpg
10897,train,2,C,C645.jpg
10898,train,2,C,C651.jpg
10899,train,2,C,C1567.jpg
10900,train,2,C,C1201.jpg
10901,train,2,C,C137.jpg
2599,val,2,C,C2287.jpg
10902,train,2,C,C1956.jpg
10903,train,2,C,C1942.jpg
10904,train,2,C,C2293.jpg
10905,train,2,C,C484.jpg
10906,train,2,C,C490.jpg
10907,train,2,C,C1995.jpg
10908,train,2,C,C2244.jpg
10909,train,2,C,C309.jpg
10910,train,2,C,C2250.jpg
2600,val,2,C,C1981.jpg
10911,train,2,C,C1759.jpg
2601,val,2,C,C2278.jpg
10912,train,2,C,C1771.jpg
10913,train,2,C,C1017.jpg
10914,train,2,C,C321.jpg
2602,val,2,C,C335.jpg
10915,train,2,C,C1003.jpg
2603,val,2,C,C1765.jpg
10916,train,2,C,C80.jpg
2604,val,2,C,C1822.jpg
10917,train,2,C,C2495.jpg
10918,train,2,C,C1188.jpg
10919,train,2,C,C1836.jpg
10920,train,2,C,C94.jpg
10921,train,2,C,C296.jpg
10922,train,2,C,C282.jpg
10923,train,2,C,C1639.jpg
10924,train,2,C,C43.jpg
2605,val,2,C,C2330.jpg
10925,train,2,C,C269.jpg
10926,train,2,C,C2442.jpg
2606,val,2,C,C57.jpg
2607,val,2,C,C2324.jpg
10927,train,2,C,C533.jpg
10928,train,2,C,C1605.jpg
10929,train,2,C,C1163.jpg
2608,val,2,C,C255.jpg
2609,val,2,C,C241.jpg
10930,train,2,C,C1177.jpg
10931,train,2,C,C1611.jpg
10932,train,2,C,C2318.jpg
10933,train,2,C,C527.jpg
10934,train,2,C,C719.jpg
2610,val,2,C,C2126.jpg
2611,val,2,C,C1349.jpg
10935,train,2,C,C1361.jpg
10936,train,2,C,C1407.jpg
2612,val,2,C,C731.jpg
10937,train,2,C,C725.jpg
10938,train,2,C,C1413.jpg
10939,train,2,C,C1375.jpg
10940,train,2,C,C733.jpg
10941,train,2,C,C1405.jpg
10942,train,2,C,C1363.jpg
10943,train,2,C,C1377.jpg
10944,train,2,C,C1411.jpg
10945,train,2,C,C727.jpg
10946,train,2,C,C1439.jpg
10947,train,2,C,C2130.jpg
10948,train,2,C,C2124.jpg
10949,train,2,C,C1388.jpg
10950,train,2,C,C257.jpg
10951,train,2,C,C1161.jpg
10952,train,2,C,C1607.jpg
10953,train,2,C,C531.jpg
2613,val,2,C,C525.jpg
10954,train,2,C,C69.jpg
2614,val,2,C,C1613.jpg
10955,train,2,C,C1175.jpg
10956,train,2,C,C243.jpg
10957,train,2,C,C2454.jpg
2615,val,2,C,C2332.jpg
10958,train,2,C,C41.jpg
2616,val,2,C,C519.jpg
10959,train,2,C,C2326.jpg
10960,train,2,C,C55.jpg
2617,val,2,C,C2440.jpg
10961,train,2,C,C1149.jpg
10962,train,2,C,C294.jpg
10963,train,2,C,C1808.jpg
10964,train,2,C,C280.jpg
2618,val,2,C,C2497.jpg
10965,train,2,C,C1820.jpg
10966,train,2,C,C82.jpg
10967,train,2,C,C96.jpg
10968,train,2,C,C1834.jpg
10969,train,2,C,C2483.jpg
10970,train,2,C,C323.jpg
10971,train,2,C,C1015.jpg
10972,train,3,D,D1806.jpg
10973,train,3,D,D760.jpg
10974,train,3,D,D774.jpg
10975,train,3,D,D1812.jpg
10976,train,3,D,D1184.jpg
10977,train,3,D,D984.jpg
10978,train,3,D,D990.jpg
10979,train,3,D,D2499.jpg
10980,train,3,D,D1190.jpg
10981,train,3,D,D2472.jpg
10982,train,3,D,D2314.jpg
10983,train,3,D,D1609.jpg
10984,train,3,D,D2300.jpg
10985,train,3,D,D2466.jpg
10986,train,3,D,D1147.jpg
2619,val,3,D,D1621.jpg
2620,val,3,D,D947.jpg
10987,train,3,D,D2328.jpg
10988,train,3,D,D953.jpg
10989,train,3,D,D1635.jpg
10990,train,3,D,D1153.jpg
10991,train,3,D,D41.jpg
10992,train,3,D,D562.jpg
10993,train,3,D,D204.jpg
10994,train,3,D,D210.jpg
2621,val,3,D,D55.jpg
10995,train,3,D,D576.jpg
10996,train,3,D,D238.jpg
10997,train,3,D,D1386.jpg
2622,val,3,D,D1392.jpg
10998,train,3,D,D69.jpg
10999,train,3,D,D82.jpg
11000,train,3,D,D2116.jpg
11001,train,3,D,D1379.jpg
11002,train,3,D,D2664.jpg
11003,train,3,D,D96.jpg
11004,train,3,D,D2102.jpg
11005,train,3,D,D1423.jpg
11006,train,3,D,D1345.jpg
11007,train,3,D,D2894.jpg
2623,val,3,D,D2658.jpg
11008,train,3,D,D2880.jpg
11009,train,3,D,D1351.jpg
11010,train,3,D,D1437.jpg
11011,train,3,D,D589.jpg
11012,train,3,D,D416.jpg
11013,train,3,D,D370.jpg
11014,train,3,D,D364.jpg
2624,val,3,D,D402.jpg
11015,train,3,D,D1594.jpg
11016,train,3,D,D2923.jpg
11017,train,3,D,D2937.jpg
11018,train,3,D,D358.jpg
11019,train,3,D,D2089.jpg
11020,train,3,D,D1580.jpg
11021,train,3,D,D2062.jpg
11022,train,3,D,D1219.jpg
11023,train,3,D,D2076.jpg
11024,train,3,D,D1557.jpg
11025,train,3,D,D1231.jpg
11026,train,3,D,D1225.jpg
11027,train,3,D,D1543.jpg
11028,train,3,D,D172.jpg
2625,val,3,D,D1972.jpg
11029,train,3,D,D614.jpg
2626,val,3,D,D600.jpg
11030,train,3,D,D1966.jpg
11031,train,3,D,D166.jpg
11032,train,3,D,D628.jpg
11033,train,3,D,D1782.jpg
11034,train,3,D,D2506.jpg
11035,train,3,D,D2260.jpg
11036,train,3,D,D1769.jpg
11037,train,3,D,D2274.jpg
11038,train,3,D,D2512.jpg
11039,train,3,D,D1033.jpg
11040,train,3,D,D1755.jpg
11041,train,3,D,D833.jpg
11042,train,3,D,D2248.jpg
11043,train,3,D,D827.jpg
2627,val,3,D,D1741.jpg
11044,train,3,D,D1999.jpg
11045,train,3,D,D1027.jpg
11046,train,3,D,D199.jpg
11047,train,3,D,D1998.jpg
11048,train,3,D,D1740.jpg
11049,train,3,D,D826.jpg
11050,train,3,D,D2249.jpg
11051,train,3,D,D198.jpg
11052,train,3,D,D1026.jpg
11053,train,3,D,D1032.jpg
11054,train,3,D,D832.jpg
11055,train,3,D,D1754.jpg
11056,train,3,D,D2275.jpg
11057,train,3,D,D2513.jpg
11058,train,3,D,D2507.jpg
11059,train,3,D,D1768.jpg
11060,train,3,D,D2261.jpg
11061,train,3,D,D1783.jpg
11062,train,3,D,D629.jpg
11063,train,3,D,D1967.jpg
11064,train,3,D,D601.jpg
11065,train,3,D,D167.jpg
2628,val,3,D,D173.jpg
2629,val,3,D,D615.jpg
11066,train,3,D,D1973.jpg
11067,train,3,D,D1224.jpg
11068,train,3,D,D1542.jpg
11069,train,3,D,D1556.jpg
2630,val,3,D,D1230.jpg
11070,train,3,D,D1218.jpg
11071,train,3,D,D2077.jpg
11072,train,3,D,D2063.jpg
2631,val,3,D,D359.jpg
11073,train,3,D,D2936.jpg
11074,train,3,D,D1581.jpg
11075,train,3,D,D2088.jpg
11076,train,3,D,D1595.jpg
2632,val,3,D,D2922.jpg
11077,train,3,D,D365.jpg
2633,val,3,D,D403.jpg
11078,train,3,D,D417.jpg
11079,train,3,D,D371.jpg
2634,val,3,D,D1350.jpg
11080,train,3,D,D2881.jpg
11081,train,3,D,D2659.jpg
11082,train,3,D,D588.jpg
11083,train,3,D,D1436.jpg
11084,train,3,D,D1422.jpg
11085,train,3,D,D1344.jpg
11086,train,3,D,D2665.jpg
11087,train,3,D,D2103.jpg
2635,val,3,D,D97.jpg
11088,train,3,D,D2117.jpg
11089,train,3,D,D83.jpg
2636,val,3,D,D1378.jpg
11090,train,3,D,D2671.jpg
11091,train,3,D,D1393.jpg
11092,train,3,D,D68.jpg
11093,train,3,D,D1387.jpg
2637,val,3,D,D239.jpg
11094,train,3,D,D211.jpg
11095,train,3,D,D577.jpg
2638,val,3,D,D54.jpg
2639,val,3,D,D563.jpg
11096,train,3,D,D40.jpg
11097,train,3,D,D205.jpg
11098,train,3,D,D1634.jpg
11099,train,3,D,D952.jpg
11100,train,3,D,D1152.jpg
2640,val,3,D,D1146.jpg
11101,train,3,D,D2329.jpg
2641,val,3,D,D946.jpg
11102,train,3,D,D1620.jpg
11103,train,3,D,D2301.jpg
11104,train,3,D,D1608.jpg
11105,train,3,D,D2467.jpg
2642,val,3,D,D2473.jpg
11106,train,3,D,D2315.jpg
11107,train,3,D,D991.jpg
11108,train,3,D,D1191.jpg
11109,train,3,D,D2498.jpg
11110,train,3,D,D1185.jpg
11111,train,3,D,D985.jpg
11112,train,3,D,D1813.jpg
2643,val,3,D,D775.jpg
11113,train,3,D,D761.jpg
2644,val,3,D,D1807.jpg
2645,val,3,D,D777.jpg
11114,train,3,D,D1811.jpg
2646,val,3,D,D1805.jpg
11115,train,3,D,D763.jpg
11116,train,3,D,D1193.jpg
11117,train,3,D,D993.jpg
2647,val,3,D,D987.jpg
11118,train,3,D,D1839.jpg
11119,train,3,D,D1187.jpg
2648,val,3,D,D2465.jpg
11120,train,3,D,D2303.jpg
11121,train,3,D,D978.jpg
11122,train,3,D,D2317.jpg
11123,train,3,D,D1178.jpg
11124,train,3,D,D2471.jpg
11125,train,3,D,D1150.jpg
11126,train,3,D,D2459.jpg
11127,train,3,D,D950.jpg
11128,train,3,D,D788.jpg
11129,train,3,D,D1636.jpg
11130,train,3,D,D1622.jpg
11131,train,3,D,D944.jpg
11132,train,3,D,D1144.jpg
11133,train,3,D,D56.jpg
11134,train,3,D,D575.jpg
11135,train,3,D,D213.jpg
11136,train,3,D,D207.jpg
11137,train,3,D,D42.jpg
11138,train,3,D,D561.jpg
2649,val,3,D,D549.jpg
11139,train,3,D,D1391.jpg
11140,train,3,D,D2698.jpg
2650,val,3,D,D1385.jpg
2651,val,3,D,D2101.jpg
11141,train,3,D,D95.jpg
11142,train,3,D,D1408.jpg
11143,train,3,D,D2667.jpg
11144,train,3,D,D2673.jpg
11145,train,3,D,D2115.jpg
11146,train,3,D,D81.jpg
2652,val,3,D,D1434.jpg
11147,train,3,D,D2883.jpg
2653,val,3,D,D1352.jpg
11148,train,3,D,D1346.jpg
11149,train,3,D,D2897.jpg
2654,val,3,D,D1420.jpg
11150,train,3,D,D401.jpg
11151,train,3,D,D367.jpg
2655,val,3,D,D373.jpg
11152,train,3,D,D415.jpg
2656,val,3,D,D1583.jpg
11153,train,3,D,D2934.jpg
2657,val,3,D,D2920.jpg
11154,train,3,D,D1597.jpg
11155,train,3,D,D429.jpg
11156,train,3,D,D2075.jpg
11157,train,3,D,D1568.jpg
11158,train,3,D,D2061.jpg
11159,train,3,D,D1540.jpg
2658,val,3,D,D2049.jpg
2659,val,3,D,D398.jpg
11160,train,3,D,D1226.jpg
11161,train,3,D,D1232.jpg
11162,train,3,D,D1554.jpg
11163,train,3,D,D165.jpg
11164,train,3,D,D603.jpg
2660,val,3,D,D1965.jpg
11165,train,3,D,D1971.jpg
2661,val,3,D,D617.jpg
11166,train,3,D,D171.jpg
11167,train,3,D,D159.jpg
11168,train,3,D,D1959.jpg
11169,train,3,D,D1781.jpg
2662,val,3,D,D2288.jpg
2663,val,3,D,D2511.jpg
11170,train,3,D,D1018.jpg
11171,train,3,D,D2277.jpg
11172,train,3,D,D818.jpg
2664,val,3,D,D2263.jpg
2665,val,3,D,D2505.jpg
11173,train,3,D,D1024.jpg
11174,train,3,D,D824.jpg
11175,train,3,D,D1742.jpg
11176,train,3,D,D1756.jpg
2666,val,3,D,D830.jpg
2667,val,3,D,D2539.jpg
11177,train,3,D,D1030.jpg
11178,train,3,D,D831.jpg
11179,train,3,D,D1757.jpg
11180,train,3,D,D1031.jpg
11181,train,3,D,D2538.jpg
11182,train,3,D,D1025.jpg
11183,train,3,D,D1743.jpg
11184,train,3,D,D825.jpg
11185,train,3,D,D2262.jpg
11186,train,3,D,D2504.jpg
11187,train,3,D,D1019.jpg
2668,val,3,D,D2510.jpg
11188,train,3,D,D819.jpg
11189,train,3,D,D2276.jpg
11190,train,3,D,D158.jpg
11191,train,3,D,D2289.jpg
11192,train,3,D,D1780.jpg
11193,train,3,D,D1958.jpg
11194,train,3,D,D616.jpg
11195,train,3,D,D1970.jpg
2669,val,3,D,D170.jpg
11196,train,3,D,D164.jpg
2670,val,3,D,D1964.jpg
2671,val,3,D,D602.jpg
11197,train,3,D,D1233.jpg
11198,train,3,D,D1555.jpg
11199,train,3,D,D2048.jpg
2672,val,3,D,D1541.jpg
11200,train,3,D,D1227.jpg
11201,train,3,D,D399.jpg
2673,val,3,D,D2060.jpg
11202,train,3,D,D1569.jpg
11203,train,3,D,D2074.jpg
11204,train,3,D,D2921.jpg
2674,val,3,D,D428.jpg
11205,train,3,D,D1596.jpg
11206,train,3,D,D1582.jpg
11207,train,3,D,D2935.jpg
11208,train,3,D,D372.jpg
11209,train,3,D,D414.jpg
11210,train,3,D,D400.jpg
11211,train,3,D,D366.jpg
11212,train,3,D,D2909.jpg
11213,train,3,D,D1347.jpg
11214,train,3,D,D1421.jpg
2675,val,3,D,D2128.jpg
11215,train,3,D,D1435.jpg
11216,train,3,D,D1353.jpg
2676,val,3,D,D2882.jpg
2677,val,3,D,D80.jpg
11217,train,3,D,D2114.jpg
11218,train,3,D,D1409.jpg
11219,train,3,D,D94.jpg
11220,train,3,D,D2100.jpg
2678,val,3,D,D2666.jpg
2679,val,3,D,D1384.jpg
11221,train,3,D,D548.jpg
11222,train,3,D,D2699.jpg
11223,train,3,D,D1390.jpg
11224,train,3,D,D206.jpg
11225,train,3,D,D560.jpg
2680,val,3,D,D43.jpg
11226,train,3,D,D574.jpg
2681,val,3,D,D57.jpg
11227,train,3,D,D212.jpg
2682,val,3,D,D945.jpg
2683,val,3,D,D1623.jpg
11228,train,3,D,D1145.jpg
11229,train,3,D,D2458.jpg
11230,train,3,D,D1151.jpg
2684,val,3,D,D1637.jpg
11231,train,3,D,D789.jpg
11232,train,3,D,D951.jpg
2685,val,3,D,D2316.jpg
2686,val,3,D,D979.jpg
11233,train,3,D,D2470.jpg
11234,train,3,D,D1179.jpg
11235,train,3,D,D2464.jpg
11236,train,3,D,D2302.jpg
11237,train,3,D,D1838.jpg
11238,train,3,D,D986.jpg
2687,val,3,D,D1186.jpg
2688,val,3,D,D1192.jpg
11239,train,3,D,D992.jpg
11240,train,3,D,D762.jpg
11241,train,3,D,D1804.jpg
11242,train,3,D,D1810.jpg
11243,train,3,D,D776.jpg
11244,train,3,D,D1828.jpg
11245,train,3,D,D996.jpg
2689,val,3,D,D1196.jpg
11246,train,3,D,D1182.jpg
11247,train,3,D,D982.jpg
11248,train,3,D,D772.jpg
11249,train,3,D,D1814.jpg
11250,train,3,D,D955.jpg
2690,val,3,D,D1633.jpg
2691,val,3,D,D1155.jpg
11251,train,3,D,D2448.jpg
11252,train,3,D,D1141.jpg
11253,train,3,D,D1627.jpg
11254,train,3,D,D941.jpg
11255,train,3,D,D799.jpg
11256,train,3,D,D2306.jpg
11257,train,3,D,D969.jpg
11258,train,3,D,D2460.jpg
2692,val,3,D,D1169.jpg
11259,train,3,D,D2474.jpg
11260,train,3,D,D2312.jpg
2693,val,3,D,D1394.jpg
2694,val,3,D,D558.jpg
11261,train,3,D,D1380.jpg
11262,train,3,D,D216.jpg
11263,train,3,D,D53.jpg
11264,train,3,D,D570.jpg
11265,train,3,D,D47.jpg
11266,train,3,D,D564.jpg
11267,train,3,D,D202.jpg
11268,train,3,D,D2886.jpg
2695,val,3,D,D1357.jpg
11269,train,3,D,D1431.jpg
11270,train,3,D,D2138.jpg
11271,train,3,D,D1425.jpg
11272,train,3,D,D1343.jpg
11273,train,3,D,D2892.jpg
11274,train,3,D,D2662.jpg
11275,train,3,D,D2104.jpg
11276,train,3,D,D90.jpg
11277,train,3,D,D1419.jpg
11278,train,3,D,D2110.jpg
11279,train,3,D,D84.jpg
11280,train,3,D,D2931.jpg
2696,val,3,D,D438.jpg
11281,train,3,D,D1586.jpg
11282,train,3,D,D1592.jpg
11283,train,3,D,D2925.jpg
2697,val,3,D,D362.jpg
11284,train,3,D,D404.jpg
11285,train,3,D,D410.jpg
2698,val,3,D,D376.jpg
2699,val,3,D,D2919.jpg
2700,val,3,D,D1223.jpg
2701,val,3,D,D1545.jpg
11286,train,3,D,D2058.jpg
11287,train,3,D,D1551.jpg
11288,train,3,D,D1237.jpg
11289,train,3,D,D389.jpg
2702,val,3,D,D2070.jpg
11290,train,3,D,D1579.jpg
11291,train,3,D,D2064.jpg
11292,train,3,D,D1784.jpg
2703,val,3,D,D148.jpg
11293,train,3,D,D2299.jpg
11294,train,3,D,D1948.jpg
11295,train,3,D,D1790.jpg
11296,train,3,D,D606.jpg
11297,train,3,D,D1960.jpg
11298,train,3,D,D160.jpg
2704,val,3,D,D174.jpg
2705,val,3,D,D1974.jpg
11299,train,3,D,D612.jpg
2706,val,3,D,D821.jpg
11300,train,3,D,D1747.jpg
11301,train,3,D,D1021.jpg
2707,val,3,D,D2528.jpg
11302,train,3,D,D1035.jpg
11303,train,3,D,D1753.jpg
2708,val,3,D,D835.jpg
2709,val,3,D,D2272.jpg
11304,train,3,D,D2514.jpg
2710,val,3,D,D1009.jpg
11305,train,3,D,D2500.jpg
2711,val,3,D,D809.jpg
11306,train,3,D,D2266.jpg
2712,val,3,D,D2501.jpg
11307,train,3,D,D1008.jpg
2713,val,3,D,D2267.jpg
11308,train,3,D,D808.jpg
2714,val,3,D,D2273.jpg
11309,train,3,D,D2515.jpg
11310,train,3,D,D1034.jpg
11311,train,3,D,D834.jpg
11312,train,3,D,D1752.jpg
2715,val,3,D,D1746.jpg
2716,val,3,D,D820.jpg
11313,train,3,D,D2529.jpg
11314,train,3,D,D1020.jpg
2717,val,3,D,D175.jpg
11315,train,3,D,D613.jpg
11316,train,3,D,D1975.jpg
11317,train,3,D,D1961.jpg
11318,train,3,D,D607.jpg
11319,train,3,D,D161.jpg
11320,train,3,D,D149.jpg
2718,val,3,D,D1949.jpg
11321,train,3,D,D2298.jpg
11322,train,3,D,D1785.jpg
11323,train,3,D,D2065.jpg
11324,train,3,D,D1578.jpg
11325,train,3,D,D2071.jpg
11326,train,3,D,D1550.jpg
11327,train,3,D,D2059.jpg
11328,train,3,D,D388.jpg
11329,train,3,D,D1236.jpg
11330,train,3,D,D1222.jpg
11331,train,3,D,D1544.jpg
2719,val,3,D,D411.jpg
2720,val,3,D,D2918.jpg
11332,train,3,D,D377.jpg
2721,val,3,D,D363.jpg
11333,train,3,D,D405.jpg
11334,train,3,D,D1593.jpg
2722,val,3,D,D2924.jpg
11335,train,3,D,D2930.jpg
11336,train,3,D,D1587.jpg
2723,val,3,D,D439.jpg
11337,train,3,D,D85.jpg
11338,train,3,D,D2111.jpg
11339,train,3,D,D1418.jpg
11340,train,3,D,D2663.jpg
11341,train,3,D,D91.jpg
2724,val,3,D,D2105.jpg
2725,val,3,D,D1424.jpg
11342,train,3,D,D2893.jpg
11343,train,3,D,D1342.jpg
11344,train,3,D,D1356.jpg
11345,train,3,D,D2887.jpg
11346,train,3,D,D2139.jpg
11347,train,3,D,D1430.jpg
11348,train,3,D,D565.jpg
11349,train,3,D,D46.jpg
2726,val,3,D,D203.jpg
11350,train,3,D,D217.jpg
2727,val,3,D,D2878.jpg
2728,val,3,D,D571.jpg
11351,train,3,D,D52.jpg
11352,train,3,D,D559.jpg
11353,train,3,D,D1381.jpg
11354,train,3,D,D1395.jpg
11355,train,3,D,D2475.jpg
11356,train,3,D,D2313.jpg
11357,train,3,D,D968.jpg
11358,train,3,D,D2307.jpg
11359,train,3,D,D1168.jpg
11360,train,3,D,D2461.jpg
11361,train,3,D,D1140.jpg
2729,val,3,D,D798.jpg
2730,val,3,D,D940.jpg
2731,val,3,D,D1626.jpg
2732,val,3,D,D1632.jpg
11362,train,3,D,D954.jpg
11363,train,3,D,D1154.jpg
2733,val,3,D,D767.jpg
11364,train,3,D,D1815.jpg
11365,train,3,D,D773.jpg
11366,train,3,D,D1183.jpg
11367,train,3,D,D983.jpg
11368,train,3,D,D997.jpg
11369,train,3,D,D1829.jpg
11370,train,3,D,D1197.jpg
11371,train,3,D,D759.jpg
11372,train,3,D,D981.jpg
2734,val,3,D,D1181.jpg
11373,train,3,D,D2488.jpg
11374,train,3,D,D1195.jpg
11375,train,3,D,D995.jpg
11376,train,3,D,D765.jpg
11377,train,3,D,D771.jpg
2735,val,3,D,D1817.jpg
11378,train,3,D,D1624.jpg
11379,train,3,D,D942.jpg
2736,val,3,D,D1142.jpg
2737,val,3,D,D1156.jpg
2738,val,3,D,D2339.jpg
11380,train,3,D,D956.jpg
11381,train,3,D,D1630.jpg
11382,train,3,D,D2311.jpg
11383,train,3,D,D1618.jpg
11384,train,3,D,D2477.jpg
11385,train,3,D,D2463.jpg
11386,train,3,D,D2305.jpg
11387,train,3,D,D1383.jpg
11388,train,3,D,D78.jpg
11389,train,3,D,D1397.jpg
2739,val,3,D,D229.jpg
11390,train,3,D,D201.jpg
11391,train,3,D,D44.jpg
2740,val,3,D,D567.jpg
2741,val,3,D,D50.jpg
11392,train,3,D,D573.jpg
2742,val,3,D,D215.jpg
2743,val,3,D,D1340.jpg
11393,train,3,D,D2891.jpg
11394,train,3,D,D598.jpg
2744,val,3,D,D1426.jpg
11395,train,3,D,D1432.jpg
11396,train,3,D,D2885.jpg
11397,train,3,D,D1354.jpg
11398,train,3,D,D2675.jpg
11399,train,3,D,D87.jpg
11400,train,3,D,D2113.jpg
11401,train,3,D,D93.jpg
2745,val,3,D,D2107.jpg
11402,train,3,D,D1368.jpg
11403,train,3,D,D2661.jpg
11404,train,3,D,D349.jpg
11405,train,3,D,D2926.jpg
11406,train,3,D,D1591.jpg
11407,train,3,D,D2098.jpg
11408,train,3,D,D1585.jpg
11409,train,3,D,D2932.jpg
11410,train,3,D,D375.jpg
11411,train,3,D,D413.jpg
11412,train,3,D,D407.jpg
11413,train,3,D,D361.jpg
11414,train,3,D,D1234.jpg
11415,train,3,D,D1552.jpg
11416,train,3,D,D1546.jpg
11417,train,3,D,D1220.jpg
11418,train,3,D,D2701.jpg
11419,train,3,D,D1208.jpg
2746,val,3,D,D2067.jpg
11420,train,3,D,D2073.jpg
2747,val,3,D,D1787.jpg
11421,train,3,D,D639.jpg
11422,train,3,D,D1977.jpg
11423,train,3,D,D611.jpg
11424,train,3,D,D177.jpg
11425,train,3,D,D163.jpg
2748,val,3,D,D605.jpg
11426,train,3,D,D1963.jpg
11427,train,3,D,D1750.jpg
11428,train,3,D,D1988.jpg
11429,train,3,D,D836.jpg
11430,train,3,D,D2259.jpg
2749,val,3,D,D188.jpg
11431,train,3,D,D1036.jpg
11432,train,3,D,D1022.jpg
11433,train,3,D,D822.jpg
11434,train,3,D,D1744.jpg
2750,val,3,D,D2265.jpg
11435,train,3,D,D2503.jpg
11436,train,3,D,D2517.jpg
11437,train,3,D,D1778.jpg
11438,train,3,D,D2271.jpg
11439,train,3,D,D2516.jpg
11440,train,3,D,D2270.jpg
11441,train,3,D,D1779.jpg
11442,train,3,D,D2264.jpg
11443,train,3,D,D2502.jpg
11444,train,3,D,D1023.jpg
11445,train,3,D,D1745.jpg
11446,train,3,D,D823.jpg
11447,train,3,D,D2258.jpg
11448,train,3,D,D837.jpg
11449,train,3,D,D1989.jpg
2751,val,3,D,D1751.jpg
11450,train,3,D,D1037.jpg
2752,val,3,D,D189.jpg
2753,val,3,D,D162.jpg
11451,train,3,D,D1962.jpg
11452,train,3,D,D604.jpg
11453,train,3,D,D610.jpg
11454,train,3,D,D1976.jpg
11455,train,3,D,D176.jpg
11456,train,3,D,D638.jpg
11457,train,3,D,D1786.jpg
2754,val,3,D,D1209.jpg
11458,train,3,D,D2066.jpg
11459,train,3,D,D1547.jpg
11460,train,3,D,D1221.jpg
11461,train,3,D,D1235.jpg
11462,train,3,D,D1553.jpg
2755,val,3,D,D406.jpg
11463,train,3,D,D360.jpg
2756,val,3,D,D374.jpg
2757,val,3,D,D412.jpg
11464,train,3,D,D1584.jpg
11465,train,3,D,D2933.jpg
2758,val,3,D,D348.jpg
11466,train,3,D,D2099.jpg
11467,train,3,D,D1590.jpg
11468,train,3,D,D2106.jpg
11469,train,3,D,D92.jpg
11470,train,3,D,D2660.jpg
11471,train,3,D,D1369.jpg
11472,train,3,D,D2112.jpg
11473,train,3,D,D86.jpg
11474,train,3,D,D1433.jpg
11475,train,3,D,D1355.jpg
11476,train,3,D,D2884.jpg
2759,val,3,D,D2890.jpg
2760,val,3,D,D1341.jpg
11477,train,3,D,D1427.jpg
11478,train,3,D,D599.jpg
2761,val,3,D,D572.jpg
2762,val,3,D,D51.jpg
11479,train,3,D,D214.jpg
11480,train,3,D,D200.jpg
11481,train,3,D,D566.jpg
11482,train,3,D,D45.jpg
11483,train,3,D,D228.jpg
11484,train,3,D,D1396.jpg
2763,val,3,D,D1382.jpg
11485,train,3,D,D79.jpg
11486,train,3,D,D2462.jpg
11487,train,3,D,D2304.jpg
11488,train,3,D,D1619.jpg
2764,val,3,D,D2310.jpg
11489,train,3,D,D2476.jpg
11490,train,3,D,D1157.jpg
11491,train,3,D,D1631.jpg
11492,train,3,D,D957.jpg
11493,train,3,D,D2338.jpg
11494,train,3,D,D943.jpg
11495,train,3,D,D1625.jpg
11496,train,3,D,D1143.jpg
11497,train,3,D,D1816.jpg
11498,train,3,D,D770.jpg
2765,val,3,D,D764.jpg
11499,train,3,D,D1802.jpg
11500,train,3,D,D1194.jpg
11501,train,3,D,D994.jpg
11502,train,3,D,D980.jpg
11503,train,3,D,D758.jpg
2766,val,3,D,D2489.jpg
11504,train,3,D,D1180.jpg
11505,train,3,D,D1865.jpg
11506,train,3,D,D1871.jpg
11507,train,3,D,D1681.jpg
11508,train,3,D,D1859.jpg
11509,train,3,D,D2388.jpg
11510,train,3,D,D1695.jpg
11511,train,3,D,D918.jpg
11512,train,3,D,D2377.jpg
11513,train,3,D,D1118.jpg
2767,val,3,D,D2405.jpg
11514,train,3,D,D2363.jpg
11515,train,3,D,D924.jpg
11516,train,3,D,D1642.jpg
2768,val,3,D,D1124.jpg
11517,train,3,D,D2439.jpg
2769,val,3,D,D1130.jpg
11518,train,3,D,D1656.jpg
2770,val,3,D,D930.jpg
11519,train,3,D,D267.jpg
11520,train,3,D,D501.jpg
2771,val,3,D,D36.jpg
11521,train,3,D,D515.jpg
2772,val,3,D,D273.jpg
11522,train,3,D,D1483.jpg
11523,train,3,D,D1497.jpg
2773,val,3,D,D529.jpg
11524,train,3,D,D2613.jpg
2774,val,3,D,D2175.jpg
11525,train,3,D,D1468.jpg
11526,train,3,D,D2161.jpg
11527,train,3,D,D2607.jpg
11528,train,3,D,D298.jpg
11529,train,3,D,D1326.jpg
11530,train,3,D,D1440.jpg
11531,train,3,D,D2149.jpg
11532,train,3,D,D1454.jpg
11533,train,3,D,D1332.jpg
11534,train,3,D,D313.jpg
11535,train,3,D,D475.jpg
11536,train,3,D,D461.jpg
11537,train,3,D,D307.jpg
11538,train,3,D,D1291.jpg
2775,val,3,D,D2940.jpg
11539,train,3,D,D449.jpg
2776,val,3,D,D1285.jpg
11540,train,3,D,D2001.jpg
2777,val,3,D,D1508.jpg
11541,train,3,D,D2015.jpg
11542,train,3,D,D1252.jpg
11543,train,3,D,D1534.jpg
11544,train,3,D,D2029.jpg
2778,val,3,D,D1520.jpg
11545,train,3,D,D1246.jpg
11546,train,3,D,D2997.jpg
11547,train,3,D,D677.jpg
11548,train,3,D,D1911.jpg
11549,train,3,D,D111.jpg
11550,train,3,D,D105.jpg
11551,train,3,D,D1905.jpg
2779,val,3,D,D663.jpg
11552,train,3,D,D893.jpg
2780,val,3,D,D1093.jpg
11553,train,3,D,D1087.jpg
11554,train,3,D,D139.jpg
11555,train,3,D,D887.jpg
11556,train,3,D,D1939.jpg
11557,train,3,D,D2203.jpg
2781,val,3,D,D2565.jpg
2782,val,3,D,D1078.jpg
2783,val,3,D,D2571.jpg
11558,train,3,D,D2217.jpg
11559,train,3,D,D878.jpg
11560,train,3,D,D688.jpg
11561,train,3,D,D850.jpg
11562,train,3,D,D1736.jpg
11563,train,3,D,D1050.jpg
11564,train,3,D,D2559.jpg
11565,train,3,D,D1044.jpg
11566,train,3,D,D1722.jpg
11567,train,3,D,D844.jpg
11568,train,3,D,D1045.jpg
11569,train,3,D,D845.jpg
2784,val,3,D,D1723.jpg
11570,train,3,D,D1737.jpg
11571,train,3,D,D851.jpg
2785,val,3,D,D2558.jpg
11572,train,3,D,D1051.jpg
11573,train,3,D,D2570.jpg
11574,train,3,D,D1079.jpg
11575,train,3,D,D879.jpg
11576,train,3,D,D2216.jpg
11577,train,3,D,D2202.jpg
2786,val,3,D,D2564.jpg
11578,train,3,D,D138.jpg
11579,train,3,D,D1086.jpg
11580,train,3,D,D1938.jpg
2787,val,3,D,D886.jpg
11581,train,3,D,D892.jpg
11582,train,3,D,D1092.jpg
11583,train,3,D,D104.jpg
11584,train,3,D,D662.jpg
11585,train,3,D,D1904.jpg
11586,train,3,D,D1910.jpg
11587,train,3,D,D676.jpg
11588,train,3,D,D110.jpg
11589,train,3,D,D1521.jpg
2788,val,3,D,D2028.jpg
2789,val,3,D,D2996.jpg
11590,train,3,D,D1247.jpg
11591,train,3,D,D1253.jpg
11592,train,3,D,D2982.jpg
11593,train,3,D,D1535.jpg
11594,train,3,D,D2014.jpg
11595,train,3,D,D1509.jpg
11596,train,3,D,D2000.jpg
2790,val,3,D,D1284.jpg
2791,val,3,D,D2941.jpg
11597,train,3,D,D1290.jpg
2792,val,3,D,D448.jpg
2793,val,3,D,D460.jpg
11598,train,3,D,D306.jpg
11599,train,3,D,D312.jpg
11600,train,3,D,D474.jpg
11601,train,3,D,D1455.jpg
2794,val,3,D,D1333.jpg
11602,train,3,D,D1327.jpg
11603,train,3,D,D299.jpg
11604,train,3,D,D2148.jpg
11605,train,3,D,D1441.jpg
11606,train,3,D,D2160.jpg
11607,train,3,D,D1469.jpg
11608,train,3,D,D2606.jpg
2795,val,3,D,D2612.jpg
11609,train,3,D,D2174.jpg
11610,train,3,D,D528.jpg
2796,val,3,D,D1496.jpg
11611,train,3,D,D1482.jpg
11612,train,3,D,D514.jpg
11613,train,3,D,D37.jpg
11614,train,3,D,D272.jpg
11615,train,3,D,D266.jpg
11616,train,3,D,D500.jpg
11617,train,3,D,D1131.jpg
11618,train,3,D,D2438.jpg
11619,train,3,D,D931.jpg
11620,train,3,D,D1657.jpg
11621,train,3,D,D1643.jpg
11622,train,3,D,D925.jpg
11623,train,3,D,D1125.jpg
2797,val,3,D,D2362.jpg
11624,train,3,D,D2376.jpg
11625,train,3,D,D919.jpg
11626,train,3,D,D1119.jpg
11627,train,3,D,D1694.jpg
11628,train,3,D,D1858.jpg
11629,train,3,D,D1680.jpg
11630,train,3,D,D1870.jpg
11631,train,3,D,D1864.jpg
2798,val,3,D,D702.jpg
11632,train,3,D,D1872.jpg
2799,val,3,D,D1866.jpg
11633,train,3,D,D728.jpg
11634,train,3,D,D1682.jpg
11635,train,3,D,D2360.jpg
11636,train,3,D,D1669.jpg
2800,val,3,D,D2406.jpg
11637,train,3,D,D2412.jpg
11638,train,3,D,D2374.jpg
11639,train,3,D,D1655.jpg
11640,train,3,D,D933.jpg
11641,train,3,D,D1133.jpg
11642,train,3,D,D1127.jpg
2801,val,3,D,D927.jpg
11643,train,3,D,D2348.jpg
11644,train,3,D,D1899.jpg
11645,train,3,D,D1641.jpg
11646,train,3,D,D270.jpg
11647,train,3,D,D35.jpg
11648,train,3,D,D516.jpg
11649,train,3,D,D502.jpg
11650,train,3,D,D264.jpg
11651,train,3,D,D1494.jpg
11652,train,3,D,D2189.jpg
11653,train,3,D,D1480.jpg
2802,val,3,D,D258.jpg
11654,train,3,D,D2604.jpg
11655,train,3,D,D2162.jpg
11656,train,3,D,D2176.jpg
11657,train,3,D,D1319.jpg
11658,train,3,D,D2610.jpg
11659,train,3,D,D1331.jpg
11660,train,3,D,D1457.jpg
11661,train,3,D,D1443.jpg
11662,train,3,D,D1325.jpg
11663,train,3,D,D304.jpg
2803,val,3,D,D462.jpg
11664,train,3,D,D476.jpg
2804,val,3,D,D310.jpg
2805,val,3,D,D338.jpg
11665,train,3,D,D1286.jpg
11666,train,3,D,D1292.jpg
11667,train,3,D,D2943.jpg
2806,val,3,D,D1279.jpg
11668,train,3,D,D2016.jpg
11669,train,3,D,D2002.jpg
2807,val,3,D,D1245.jpg
11670,train,3,D,D2994.jpg
11671,train,3,D,D1523.jpg
11672,train,3,D,D1537.jpg
11673,train,3,D,D489.jpg
2808,val,3,D,D1251.jpg
11674,train,3,D,D1906.jpg
11675,train,3,D,D660.jpg
2809,val,3,D,D106.jpg
11676,train,3,D,D112.jpg
11677,train,3,D,D1912.jpg
11678,train,3,D,D884.jpg
2810,val,3,D,D1084.jpg
11679,train,3,D,D2599.jpg
11680,train,3,D,D1090.jpg
11681,train,3,D,D890.jpg
11682,train,3,D,D648.jpg
11683,train,3,D,D2214.jpg
11684,train,3,D,D2572.jpg
11685,train,3,D,D2566.jpg
11686,train,3,D,D1709.jpg
11687,train,3,D,D2200.jpg
11688,train,3,D,D1721.jpg
11689,train,3,D,D2228.jpg
11690,train,3,D,D847.jpg
11691,train,3,D,D1047.jpg
2811,val,3,D,D1053.jpg
11692,train,3,D,D853.jpg
2812,val,3,D,D1735.jpg
11693,train,3,D,D1052.jpg
11694,train,3,D,D1734.jpg
11695,train,3,D,D852.jpg
11696,train,3,D,D846.jpg
11697,train,3,D,D2229.jpg
11698,train,3,D,D1720.jpg
11699,train,3,D,D1046.jpg
2813,val,3,D,D2567.jpg
11700,train,3,D,D1708.jpg
2814,val,3,D,D2215.jpg
11701,train,3,D,D2573.jpg
11702,train,3,D,D1091.jpg
11703,train,3,D,D2598.jpg
2815,val,3,D,D649.jpg
2816,val,3,D,D891.jpg
11704,train,3,D,D885.jpg
11705,train,3,D,D1085.jpg
11706,train,3,D,D113.jpg
11707,train,3,D,D1913.jpg
11708,train,3,D,D675.jpg
11709,train,3,D,D661.jpg
11710,train,3,D,D1907.jpg
11711,train,3,D,D107.jpg
11712,train,3,D,D488.jpg
11713,train,3,D,D1536.jpg
11714,train,3,D,D1250.jpg
11715,train,3,D,D2981.jpg
11716,train,3,D,D2995.jpg
11717,train,3,D,D1244.jpg
2817,val,3,D,D1522.jpg
11718,train,3,D,D2003.jpg
11719,train,3,D,D1278.jpg
11720,train,3,D,D2017.jpg
11721,train,3,D,D2942.jpg
11722,train,3,D,D1293.jpg
11723,train,3,D,D1287.jpg
11724,train,3,D,D339.jpg
2818,val,3,D,D2956.jpg
11725,train,3,D,D477.jpg
11726,train,3,D,D311.jpg
11727,train,3,D,D305.jpg
11728,train,3,D,D463.jpg
11729,train,3,D,D1442.jpg
11730,train,3,D,D1324.jpg
11731,train,3,D,D1330.jpg
11732,train,3,D,D1456.jpg
11733,train,3,D,D2177.jpg
11734,train,3,D,D2611.jpg
11735,train,3,D,D1318.jpg
11736,train,3,D,D2605.jpg
11737,train,3,D,D2163.jpg
11738,train,3,D,D1481.jpg
11739,train,3,D,D2188.jpg
11740,train,3,D,D2836.jpg
11741,train,3,D,D259.jpg
11742,train,3,D,D1495.jpg
11743,train,3,D,D503.jpg
2819,val,3,D,D265.jpg
11744,train,3,D,D271.jpg
11745,train,3,D,D517.jpg
11746,train,3,D,D34.jpg
2820,val,3,D,D1126.jpg
11747,train,3,D,D1640.jpg
11748,train,3,D,D1898.jpg
11749,train,3,D,D2349.jpg
11750,train,3,D,D926.jpg
11751,train,3,D,D932.jpg
11752,train,3,D,D1654.jpg
11753,train,3,D,D1132.jpg
11754,train,3,D,D2375.jpg
11755,train,3,D,D1668.jpg
11756,train,3,D,D2361.jpg
11757,train,3,D,D2407.jpg
2821,val,3,D,D1683.jpg
11758,train,3,D,D1697.jpg
11759,train,3,D,D729.jpg
11760,train,3,D,D1867.jpg
11761,train,3,D,D1873.jpg
11762,train,3,D,D1687.jpg
11763,train,3,D,D739.jpg
11764,train,3,D,D1877.jpg
2822,val,3,D,D711.jpg
11765,train,3,D,D1863.jpg
11766,train,3,D,D1136.jpg
2823,val,3,D,D1888.jpg
2824,val,20,V,V728.jpg
11767,train,20,V,V1926.jpg
11768,train,20,V,V1098.jpg
2825,val,20,V,V700.jpg
2826,val,20,V,V714.jpg
11769,train,20,V,V1932.jpg
11770,train,20,V,V2208.jpg
11771,train,20,V,V1701.jpg
11772,train,20,V,V1067.jpg
11773,train,20,V,V927.jpg
11774,train,20,V,V933.jpg
11775,train,20,V,V1073.jpg
11776,train,20,V,V1715.jpg
11777,train,20,V,V2234.jpg
11778,train,20,V,V2552.jpg
11779,train,20,V,V2546.jpg
11780,train,20,V,V2220.jpg
11781,train,20,V,V1729.jpg
11782,train,20,V,V2977.jpg
11783,train,20,V,V258.jpg
11784,train,20,V,V2963.jpg
11785,train,20,V,V2793.jpg
2827,val,20,V,V502.jpg
11786,train,20,V,V264.jpg
2828,val,20,V,V270.jpg
11787,train,20,V,V2787.jpg
11788,train,20,V,V516.jpg
11789,train,20,V,V1265.jpg
11790,train,20,V,V1503.jpg
11791,train,20,V,V1517.jpg
11792,train,20,V,V1271.jpg
11793,train,20,V,V2778.jpg
11794,train,20,V,V1259.jpg
11795,train,20,V,V2988.jpg
11796,train,20,V,V2036.jpg
11797,train,20,V,V2022.jpg
11798,train,20,V,V2803.jpg
11799,train,20,V,V338.jpg
11800,train,20,V,V2817.jpg
11801,train,20,V,V476.jpg
11802,train,20,V,V1488.jpg
11803,train,20,V,V2181.jpg
11804,train,20,V,V310.jpg
11805,train,20,V,V2195.jpg
11806,train,20,V,V304.jpg
11807,train,20,V,V462.jpg
11808,train,20,V,V489.jpg
11809,train,20,V,V1311.jpg
11810,train,20,V,V1477.jpg
2829,val,20,V,V1463.jpg
11811,train,20,V,V1305.jpg
2830,val,20,V,V2142.jpg
11812,train,20,V,V2156.jpg
11813,train,20,V,V2630.jpg
2831,val,20,V,V1339.jpg
11814,train,20,V,V648.jpg
11815,train,20,V,V890.jpg
11816,train,20,V,V884.jpg
11817,train,20,V,V2383.jpg
11818,train,20,V,V1852.jpg
2832,val,20,V,V674.jpg
11819,train,20,V,V660.jpg
2833,val,20,V,V1846.jpg
2834,val,20,V,V2397.jpg
11820,train,20,V,V1675.jpg
11821,train,20,V,V1113.jpg
11822,train,20,V,V853.jpg
11823,train,20,V,V847.jpg
11824,train,20,V,V1107.jpg
11825,train,20,V,V1661.jpg
11826,train,20,V,V2368.jpg
11827,train,20,V,V1891.jpg
2835,val,20,V,V1649.jpg
11828,train,20,V,V2340.jpg
11829,train,20,V,V2426.jpg
2836,val,20,V,V2432.jpg
11830,train,20,V,V2354.jpg
2837,val,20,V,V1885.jpg
11831,train,20,V,V2433.jpg
2838,val,20,V,V1884.jpg
2839,val,20,V,V2355.jpg
11832,train,20,V,V2341.jpg
11833,train,20,V,V1648.jpg
11834,train,20,V,V1890.jpg
11835,train,20,V,V2427.jpg
11836,train,20,V,V1106.jpg
11837,train,20,V,V846.jpg
2840,val,20,V,V2369.jpg
11838,train,20,V,V1660.jpg
11839,train,20,V,V1674.jpg
11840,train,20,V,V852.jpg
11841,train,20,V,V1112.jpg
2841,val,20,V,V661.jpg
11842,train,20,V,V2396.jpg
2842,val,20,V,V107.jpg
11843,train,20,V,V1847.jpg
11844,train,20,V,V1853.jpg
2843,val,20,V,V2382.jpg
11845,train,20,V,V113.jpg
2844,val,20,V,V675.jpg
2845,val,20,V,V885.jpg
2846,val,20,V,V891.jpg
11846,train,20,V,V649.jpg
11847,train,20,V,V2157.jpg
2847,val,20,V,V1338.jpg
11848,train,20,V,V2631.jpg
11849,train,20,V,V1462.jpg
11850,train,20,V,V1304.jpg
11851,train,20,V,V1310.jpg
11852,train,20,V,V488.jpg
11853,train,20,V,V1476.jpg
2848,val,20,V,V305.jpg
11854,train,20,V,V2194.jpg
11855,train,20,V,V463.jpg
2849,val,20,V,V477.jpg
11856,train,20,V,V311.jpg
11857,train,20,V,V2180.jpg
11858,train,20,V,V1489.jpg
11859,train,20,V,V339.jpg
11860,train,20,V,V2816.jpg
11861,train,20,V,V2802.jpg
11862,train,20,V,V2023.jpg
2850,val,20,V,V2989.jpg
11863,train,20,V,V1258.jpg
11864,train,20,V,V2037.jpg
11865,train,20,V,V1516.jpg
11866,train,20,V,V2779.jpg
11867,train,20,V,V1270.jpg
2851,val,20,V,V1264.jpg
11868,train,20,V,V1502.jpg
11869,train,20,V,V271.jpg
11870,train,20,V,V517.jpg
11871,train,20,V,V2786.jpg
11872,train,20,V,V503.jpg
2852,val,20,V,V2792.jpg
2853,val,20,V,V265.jpg
11873,train,20,V,V2962.jpg
11874,train,20,V,V2976.jpg
11875,train,20,V,V259.jpg
11876,train,20,V,V2547.jpg
2854,val,20,V,V1728.jpg
2855,val,20,V,V2221.jpg
11877,train,20,V,V2235.jpg
2856,val,20,V,V2553.jpg
11878,train,20,V,V1072.jpg
11879,train,20,V,V932.jpg
11880,train,20,V,V1714.jpg
11881,train,20,V,V1700.jpg
11882,train,20,V,V2209.jpg
11883,train,20,V,V926.jpg
2857,val,20,V,V1066.jpg
2858,val,20,V,V715.jpg
2859,val,20,V,V1933.jpg
11884,train,20,V,V1927.jpg
2860,val,20,V,V701.jpg
2861,val,20,V,V1099.jpg
11885,train,20,V,V729.jpg
11886,train,20,V,V1919.jpg
11887,train,20,V,V1931.jpg
11888,train,20,V,V717.jpg
11889,train,20,V,V703.jpg
11890,train,20,V,V1925.jpg
11891,train,20,V,V1716.jpg
2862,val,20,V,V930.jpg
11892,train,20,V,V1070.jpg
11893,train,20,V,V1064.jpg
2863,val,20,V,V924.jpg
2864,val,20,V,V1702.jpg
11894,train,20,V,V2223.jpg
11895,train,20,V,V2545.jpg
2865,val,20,V,V2551.jpg
11896,train,20,V,V918.jpg
11897,train,20,V,V1058.jpg
11898,train,20,V,V2237.jpg
11899,train,20,V,V529.jpg
11900,train,20,V,V2960.jpg
11901,train,20,V,V2974.jpg
11902,train,20,V,V2784.jpg
2866,val,20,V,V515.jpg
11903,train,20,V,V273.jpg
2867,val,20,V,V267.jpg
11904,train,20,V,V2790.jpg
11905,train,20,V,V501.jpg
11906,train,20,V,V2948.jpg
11907,train,20,V,V1299.jpg
11908,train,20,V,V1272.jpg
2868,val,20,V,V1514.jpg
11909,train,20,V,V1500.jpg
11910,train,20,V,V298.jpg
11911,train,20,V,V2009.jpg
11912,train,20,V,V1266.jpg
11913,train,20,V,V1528.jpg
11914,train,20,V,V2021.jpg
11915,train,20,V,V2035.jpg
11916,train,20,V,V2814.jpg
11917,train,20,V,V2800.jpg
11918,train,20,V,V449.jpg
2869,val,20,V,V2828.jpg
11919,train,20,V,V461.jpg
11920,train,20,V,V2196.jpg
11921,train,20,V,V307.jpg
11922,train,20,V,V2182.jpg
11923,train,20,V,V313.jpg
11924,train,20,V,V475.jpg
2870,val,20,V,V1306.jpg
11925,train,20,V,V2169.jpg
11926,train,20,V,V1460.jpg
11927,train,20,V,V1474.jpg
11928,train,20,V,V1312.jpg
11929,train,20,V,V2633.jpg
11930,train,20,V,V2155.jpg
11931,train,20,V,V2141.jpg
11932,train,20,V,V1448.jpg
11933,train,20,V,V2627.jpg
11934,train,20,V,V1879.jpg
11935,train,20,V,V887.jpg
2871,val,20,V,V893.jpg
11936,train,20,V,V1845.jpg
11937,train,20,V,V105.jpg
2872,val,20,V,V2394.jpg
11938,train,20,V,V663.jpg
11939,train,20,V,V677.jpg
11940,train,20,V,V2380.jpg
11941,train,20,V,V1689.jpg
11942,train,20,V,V1851.jpg
11943,train,20,V,V1662.jpg
2873,val,20,V,V844.jpg
11944,train,20,V,V1104.jpg
11945,train,20,V,V1110.jpg
11946,train,20,V,V850.jpg
11947,train,20,V,V2419.jpg
11948,train,20,V,V688.jpg
11949,train,20,V,V1676.jpg
11950,train,20,V,V2357.jpg
11951,train,20,V,V1886.jpg
11952,train,20,V,V1138.jpg
11953,train,20,V,V878.jpg
11954,train,20,V,V2431.jpg
11955,train,20,V,V2425.jpg
11956,train,20,V,V1892.jpg
2874,val,20,V,V2343.jpg
11957,train,20,V,V2424.jpg
11958,train,20,V,V2342.jpg
11959,train,20,V,V1893.jpg
11960,train,20,V,V1887.jpg
11961,train,20,V,V2356.jpg
11962,train,20,V,V2430.jpg
11963,train,20,V,V879.jpg
11964,train,20,V,V1139.jpg
11965,train,20,V,V689.jpg
11966,train,20,V,V2418.jpg
11967,train,20,V,V851.jpg
11968,train,20,V,V1111.jpg
11969,train,20,V,V1677.jpg
11970,train,20,V,V1663.jpg
11971,train,20,V,V1105.jpg
11972,train,20,V,V845.jpg
11973,train,20,V,V676.jpg
11974,train,20,V,V1850.jpg
11975,train,20,V,V1688.jpg
2875,val,20,V,V2381.jpg
11976,train,20,V,V110.jpg
11977,train,20,V,V2395.jpg
11978,train,20,V,V104.jpg
11979,train,20,V,V1844.jpg
11980,train,20,V,V662.jpg
11981,train,20,V,V892.jpg
2876,val,20,V,V1878.jpg
11982,train,20,V,V886.jpg
2877,val,20,V,V1449.jpg
11983,train,20,V,V1475.jpg
2878,val,20,V,V1313.jpg
11984,train,20,V,V1307.jpg
11985,train,20,V,V1461.jpg
11986,train,20,V,V2168.jpg
11987,train,20,V,V312.jpg
11988,train,20,V,V2183.jpg
2879,val,20,V,V474.jpg
11989,train,20,V,V460.jpg
11990,train,20,V,V2829.jpg
11991,train,20,V,V306.jpg
11992,train,20,V,V2197.jpg
2880,val,20,V,V448.jpg
11993,train,20,V,V2801.jpg
11994,train,20,V,V2815.jpg
11995,train,20,V,V2034.jpg
11996,train,20,V,V2020.jpg
11997,train,20,V,V2008.jpg
11998,train,20,V,V299.jpg
2881,val,20,V,V1501.jpg
11999,train,20,V,V1267.jpg
12000,train,20,V,V1273.jpg
2882,val,20,V,V1515.jpg
2883,val,20,V,V266.jpg
12001,train,20,V,V1298.jpg
2884,val,20,V,V2949.jpg
12002,train,20,V,V500.jpg
12003,train,20,V,V2791.jpg
12004,train,20,V,V514.jpg
12005,train,20,V,V2785.jpg
2885,val,20,V,V272.jpg
12006,train,20,V,V2975.jpg
12007,train,20,V,V2961.jpg
12008,train,20,V,V528.jpg
2886,val,20,V,V1059.jpg
2887,val,20,V,V919.jpg
2888,val,20,V,V2550.jpg
12009,train,20,V,V2236.jpg
12010,train,20,V,V2222.jpg
12011,train,20,V,V2544.jpg
12012,train,20,V,V925.jpg
2889,val,20,V,V1065.jpg
12013,train,20,V,V1703.jpg
12014,train,20,V,V1717.jpg
12015,train,20,V,V1071.jpg
12016,train,20,V,V931.jpg
2890,val,20,V,V702.jpg
12017,train,20,V,V1924.jpg
12018,train,20,V,V1930.jpg
12019,train,20,V,V716.jpg
2891,val,20,V,V1918.jpg
12020,train,20,V,V712.jpg
2892,val,20,V,V1934.jpg
12021,train,20,V,V1920.jpg
2893,val,20,V,V706.jpg
12022,train,20,V,V1908.jpg
2894,val,20,V,V1049.jpg
12023,train,20,V,V2540.jpg
12024,train,20,V,V909.jpg
12025,train,20,V,V2226.jpg
2895,val,20,V,V2232.jpg
12026,train,20,V,V2554.jpg
12027,train,20,V,V935.jpg
2896,val,20,V,V1075.jpg
12028,train,20,V,V1713.jpg
2897,val,20,V,V1707.jpg
12029,train,20,V,V1061.jpg
12030,train,20,V,V921.jpg
12031,train,20,V,V276.jpg
12032,train,20,V,V1288.jpg
12033,train,20,V,V510.jpg
12034,train,20,V,V2781.jpg
2898,val,20,V,V2959.jpg
12035,train,20,V,V504.jpg
2899,val,20,V,V2795.jpg
12036,train,20,V,V262.jpg
12037,train,20,V,V2965.jpg
12038,train,20,V,V538.jpg
2900,val,20,V,V2971.jpg
12039,train,20,V,V2024.jpg
12040,train,20,V,V2030.jpg
12041,train,20,V,V2018.jpg
12042,train,20,V,V289.jpg
12043,train,20,V,V1511.jpg
12044,train,20,V,V1277.jpg
12045,train,20,V,V1263.jpg
12046,train,20,V,V1505.jpg
2901,val,20,V,V302.jpg
12047,train,20,V,V2193.jpg
2902,val,20,V,V464.jpg
2903,val,20,V,V2839.jpg
12048,train,20,V,V470.jpg
12049,train,20,V,V316.jpg
12050,train,20,V,V2187.jpg
12051,train,20,V,V2811.jpg
12052,train,20,V,V458.jpg
12053,train,20,V,V2805.jpg
2904,val,20,V,V1459.jpg
12054,train,20,V,V1465.jpg
2905,val,20,V,V1303.jpg
2906,val,20,V,V1317.jpg
2907,val,20,V,V1471.jpg
12055,train,20,V,V2178.jpg
2908,val,20,V,V666.jpg
12056,train,20,V,V1698.jpg
2909,val,20,V,V1840.jpg
12057,train,20,V,V2391.jpg
12058,train,20,V,V100.jpg
2910,val,20,V,V2385.jpg
2911,val,20,V,V1854.jpg
12059,train,20,V,V672.jpg
12060,train,20,V,V882.jpg
12061,train,20,V,V1868.jpg
12062,train,20,V,V896.jpg
12063,train,20,V,V2434.jpg
12064,train,20,V,V2352.jpg
12065,train,20,V,V1883.jpg
12066,train,20,V,V1897.jpg
12067,train,20,V,V2346.jpg
12068,train,20,V,V869.jpg
12069,train,20,V,V2420.jpg
12070,train,20,V,V1129.jpg
2912,val,20,V,V841.jpg
12071,train,20,V,V699.jpg
12072,train,20,V,V2408.jpg
12073,train,20,V,V1101.jpg
12074,train,20,V,V1667.jpg
2913,val,20,V,V1673.jpg
12075,train,20,V,V1115.jpg
2914,val,20,V,V855.jpg
12076,train,20,V,V1672.jpg
12077,train,20,V,V854.jpg
12078,train,20,V,V1114.jpg
12079,train,20,V,V1100.jpg
12080,train,20,V,V2409.jpg
2915,val,20,V,V698.jpg
12081,train,20,V,V840.jpg
12082,train,20,V,V1666.jpg
12083,train,20,V,V2347.jpg
12084,train,20,V,V1896.jpg
2916,val,20,V,V1128.jpg
12085,train,20,V,V2421.jpg
12086,train,20,V,V868.jpg
12087,train,20,V,V2435.jpg
12088,train,20,V,V1882.jpg
12089,train,20,V,V2353.jpg
12090,train,20,V,V1869.jpg
12091,train,20,V,V897.jpg
2917,val,20,V,V883.jpg
12092,train,20,V,V1855.jpg
12093,train,20,V,V115.jpg
12094,train,20,V,V2384.jpg
12095,train,20,V,V673.jpg
12096,train,20,V,V667.jpg
12097,train,20,V,V101.jpg
12098,train,20,V,V2390.jpg
12099,train,20,V,V1841.jpg
12100,train,20,V,V1699.jpg
12101,train,20,V,V1316.jpg
12102,train,20,V,V2179.jpg
2918,val,20,V,V1470.jpg
12103,train,20,V,V1464.jpg
12104,train,20,V,V1302.jpg
12105,train,20,V,V2151.jpg
12106,train,20,V,V1458.jpg
12107,train,20,V,V2804.jpg
12108,train,20,V,V459.jpg
12109,train,20,V,V2810.jpg
12110,train,20,V,V471.jpg
12111,train,20,V,V2838.jpg
2919,val,20,V,V2186.jpg
12112,train,20,V,V317.jpg
12113,train,20,V,V2192.jpg
12114,train,20,V,V303.jpg
12115,train,20,V,V465.jpg
12116,train,20,V,V1262.jpg
12117,train,20,V,V1504.jpg
12118,train,20,V,V1510.jpg
12119,train,20,V,V288.jpg
12120,train,20,V,V2019.jpg
12121,train,20,V,V1276.jpg
12122,train,20,V,V1538.jpg
12123,train,20,V,V2031.jpg
2920,val,20,V,V2025.jpg
12124,train,20,V,V2970.jpg
2921,val,20,V,V539.jpg
2922,val,20,V,V2964.jpg
12125,train,20,V,V2794.jpg
12126,train,20,V,V505.jpg
12127,train,20,V,V263.jpg
2923,val,20,V,V277.jpg
12128,train,20,V,V2958.jpg
2924,val,20,V,V2780.jpg
12129,train,20,V,V511.jpg
12130,train,20,V,V1289.jpg
12131,train,20,V,V1706.jpg
12132,train,20,V,V920.jpg
12133,train,20,V,V1060.jpg
12134,train,20,V,V1074.jpg
12135,train,20,V,V934.jpg
12136,train,20,V,V1712.jpg
2925,val,20,V,V2233.jpg
2926,val,20,V,V2555.jpg
12137,train,20,V,V908.jpg
12138,train,20,V,V2541.jpg
2927,val,20,V,V1048.jpg
12139,train,20,V,V2227.jpg
12140,train,20,V,V1909.jpg
2928,val,20,V,V1921.jpg
12141,train,20,V,V707.jpg
12142,train,20,V,V713.jpg
12143,train,20,V,V1935.jpg
12144,train,20,V,V705.jpg
12145,train,20,V,V1923.jpg
12146,train,20,V,V1937.jpg
12147,train,20,V,V711.jpg
2929,val,20,V,V1089.jpg
12148,train,20,V,V739.jpg
12149,train,20,V,V2557.jpg
12150,train,20,V,V1738.jpg
12151,train,20,V,V2231.jpg
12152,train,20,V,V2225.jpg
12153,train,20,V,V2543.jpg
12154,train,20,V,V1062.jpg
12155,train,20,V,V922.jpg
12156,train,20,V,V1704.jpg
2930,val,20,V,V1710.jpg
2931,val,20,V,V2219.jpg
2932,val,20,V,V936.jpg
12157,train,20,V,V1076.jpg
12158,train,20,V,V261.jpg
12159,train,20,V,V507.jpg
12160,train,20,V,V2796.jpg
12161,train,20,V,V513.jpg
12162,train,20,V,V2782.jpg
2933,val,20,V,V275.jpg
12163,train,20,V,V2972.jpg
12164,train,20,V,V2966.jpg
2934,val,20,V,V249.jpg
12165,train,20,V,V2033.jpg
2935,val,20,V,V1248.jpg
12166,train,20,V,V2027.jpg
12167,train,20,V,V1506.jpg
12168,train,20,V,V1260.jpg
12169,train,20,V,V1274.jpg
2936,val,20,V,V1512.jpg
2937,val,20,V,V315.jpg
12170,train,20,V,V2184.jpg
12171,train,20,V,V473.jpg
12172,train,20,V,V467.jpg
12173,train,20,V,V301.jpg
12174,train,20,V,V2190.jpg
2938,val,20,V,V1499.jpg
12175,train,20,V,V329.jpg
12176,train,20,V,V2806.jpg
12177,train,20,V,V2812.jpg
12178,train,20,V,V1328.jpg
12179,train,20,V,V2153.jpg
12180,train,20,V,V1472.jpg
2939,val,20,V,V1314.jpg
12181,train,20,V,V1300.jpg
12182,train,20,V,V498.jpg
12183,train,20,V,V1466.jpg
12184,train,20,V,V671.jpg
12185,train,20,V,V2386.jpg
12186,train,20,V,V117.jpg
12187,train,20,V,V1857.jpg
12188,train,20,V,V1843.jpg
2940,val,20,V,V2392.jpg
12189,train,20,V,V103.jpg
12190,train,20,V,V665.jpg
12191,train,20,V,V895.jpg
12192,train,20,V,V659.jpg
12193,train,20,V,V881.jpg
12194,train,20,V,V2423.jpg
12195,train,20,V,V1894.jpg
12196,train,20,V,V2345.jpg
12197,train,20,V,V2351.jpg
12198,train,20,V,V1880.jpg
12199,train,20,V,V1658.jpg
12200,train,20,V,V2437.jpg
12201,train,20,V,V1116.jpg
12202,train,20,V,V856.jpg
2941,val,20,V,V2379.jpg
12203,train,20,V,V1670.jpg
12204,train,20,V,V1664.jpg
12205,train,20,V,V842.jpg
12206,train,20,V,V1102.jpg
2942,val,20,V,V1665.jpg
12207,train,20,V,V1103.jpg
12208,train,20,V,V843.jpg
12209,train,20,V,V857.jpg
12210,train,20,V,V1117.jpg
12211,train,20,V,V1671.jpg
2943,val,20,V,V2378.jpg
12212,train,20,V,V1659.jpg
12213,train,20,V,V1881.jpg
2944,val,20,V,V2350.jpg
12214,train,20,V,V2436.jpg
12215,train,20,V,V2422.jpg
12216,train,20,V,V2344.jpg
2945,val,20,V,V1895.jpg
12217,train,20,V,V880.jpg
12218,train,20,V,V658.jpg
12219,train,20,V,V894.jpg
12220,train,20,V,V102.jpg
12221,train,20,V,V2393.jpg
12222,train,20,V,V1842.jpg
12223,train,20,V,V664.jpg
12224,train,20,V,V670.jpg
12225,train,20,V,V1856.jpg
12226,train,20,V,V116.jpg
12227,train,20,V,V2387.jpg
2946,val,20,V,V499.jpg
12228,train,20,V,V1301.jpg
12229,train,20,V,V1467.jpg
12230,train,20,V,V1473.jpg
12231,train,20,V,V1315.jpg
12232,train,20,V,V1329.jpg
2947,val,20,V,V2813.jpg
2948,val,20,V,V328.jpg
2949,val,20,V,V2807.jpg
12233,train,20,V,V466.jpg
12234,train,20,V,V1498.jpg
2950,val,20,V,V2191.jpg
12235,train,20,V,V300.jpg
12236,train,20,V,V2185.jpg
12237,train,20,V,V314.jpg
12238,train,20,V,V472.jpg
12239,train,20,V,V1275.jpg
12240,train,20,V,V1513.jpg
12241,train,20,V,V1507.jpg
12242,train,20,V,V1261.jpg
12243,train,20,V,V1249.jpg
2951,val,20,V,V2026.jpg
12244,train,20,V,V2032.jpg
12245,train,20,V,V2967.jpg
12246,train,20,V,V248.jpg
12247,train,20,V,V2973.jpg
12248,train,20,V,V2783.jpg
12249,train,20,V,V512.jpg
12250,train,20,V,V274.jpg
12251,train,20,V,V260.jpg
12252,train,20,V,V2797.jpg
12253,train,20,V,V506.jpg
12254,train,20,V,V2218.jpg
12255,train,20,V,V1711.jpg
12256,train,20,V,V1077.jpg
12257,train,20,V,V937.jpg
12258,train,20,V,V923.jpg
2952,val,20,V,V1063.jpg
2953,val,20,V,V1705.jpg
2954,val,20,V,V2224.jpg
12259,train,20,V,V2542.jpg
12260,train,20,V,V2556.jpg
12261,train,20,V,V2230.jpg
12262,train,20,V,V1739.jpg
2955,val,20,V,V738.jpg
2956,val,20,V,V1936.jpg
12263,train,20,V,V1088.jpg
2957,val,20,V,V710.jpg
12264,train,20,V,V704.jpg
12265,train,20,V,V1922.jpg
12266,train,20,V,V987.jpg
12267,train,20,V,V1979.jpg
12268,train,20,V,V993.jpg
12269,train,20,V,V1945.jpg
12270,train,20,V,V2294.jpg
12271,train,20,V,V2280.jpg
12272,train,20,V,V1951.jpg
2958,val,20,V,V1789.jpg
2959,val,20,V,V777.jpg
12273,train,20,V,V944.jpg
12274,train,20,V,V1004.jpg
2960,val,20,V,V1762.jpg
12275,train,20,V,V1776.jpg
12276,train,20,V,V1010.jpg
12277,train,20,V,V788.jpg
12278,train,20,V,V2519.jpg
2961,val,20,V,V950.jpg
12279,train,20,V,V1038.jpg
12280,train,20,V,V2531.jpg
12281,train,20,V,V978.jpg
12282,train,20,V,V2257.jpg
12283,train,20,V,V1986.jpg
12284,train,20,V,V1992.jpg
12285,train,20,V,V2243.jpg
12286,train,20,V,V2525.jpg
2962,val,20,V,V2914.jpg
12287,train,20,V,V549.jpg
12288,train,20,V,V2900.jpg
12289,train,20,V,V207.jpg
12290,train,20,V,V2096.jpg
2963,val,20,V,V561.jpg
12291,train,20,V,V2928.jpg
12292,train,20,V,V575.jpg
12293,train,20,V,V213.jpg
12294,train,20,V,V2082.jpg
12295,train,20,V,V2069.jpg
12296,train,20,V,V1560.jpg
12297,train,20,V,V1206.jpg
12298,train,20,V,V1212.jpg
12299,train,20,V,V1574.jpg
12300,train,20,V,V2055.jpg
12301,train,20,V,V2041.jpg
12302,train,20,V,V2860.jpg
12303,train,20,V,V429.jpg
12304,train,20,V,V2874.jpg
12305,train,20,V,V373.jpg
12306,train,20,V,V415.jpg
12307,train,20,V,V2848.jpg
12308,train,20,V,V401.jpg
12309,train,20,V,V1399.jpg
12310,train,20,V,V367.jpg
2964,val,20,V,V1414.jpg
2965,val,20,V,V1372.jpg
12311,train,20,V,V1366.jpg
12312,train,20,V,V1400.jpg
12313,train,20,V,V2109.jpg
2966,val,20,V,V398.jpg
2967,val,20,V,V1428.jpg
12314,train,20,V,V2121.jpg
12315,train,20,V,V2135.jpg
12316,train,20,V,V1819.jpg
12317,train,20,V,V2486.jpg
12318,train,20,V,V617.jpg
12319,train,20,V,V1831.jpg
2968,val,20,V,V171.jpg
12320,train,20,V,V1825.jpg
12321,train,20,V,V2492.jpg
12322,train,20,V,V603.jpg
12323,train,20,V,V830.jpg
12324,train,20,V,V2479.jpg
12325,train,20,V,V1170.jpg
12326,train,20,V,V1616.jpg
12327,train,20,V,V1602.jpg
2969,val,20,V,V1164.jpg
12328,train,20,V,V824.jpg
12329,train,20,V,V2445.jpg
2970,val,20,V,V2323.jpg
12330,train,20,V,V2337.jpg
12331,train,20,V,V818.jpg
2971,val,20,V,V2451.jpg
12332,train,20,V,V1158.jpg
12333,train,20,V,V2336.jpg
12334,train,20,V,V1159.jpg
12335,train,20,V,V2450.jpg
12336,train,20,V,V819.jpg
12337,train,20,V,V2444.jpg
2972,val,20,V,V2322.jpg
12338,train,20,V,V1603.jpg
12339,train,20,V,V825.jpg
12340,train,20,V,V1165.jpg
12341,train,20,V,V1171.jpg
12342,train,20,V,V2478.jpg
12343,train,20,V,V831.jpg
12344,train,20,V,V1617.jpg
2973,val,20,V,V1824.jpg
12345,train,20,V,V602.jpg
12346,train,20,V,V2493.jpg
12347,train,20,V,V616.jpg
2974,val,20,V,V2487.jpg
2975,val,20,V,V1830.jpg
2976,val,20,V,V1818.jpg
12348,train,20,V,V2134.jpg
12349,train,20,V,V2120.jpg
12350,train,20,V,V1429.jpg
2977,val,20,V,V1367.jpg
12351,train,20,V,V399.jpg
12352,train,20,V,V2108.jpg
12353,train,20,V,V1401.jpg
12354,train,20,V,V1415.jpg
12355,train,20,V,V1373.jpg
12356,train,20,V,V1398.jpg
12357,train,20,V,V400.jpg
12358,train,20,V,V2849.jpg
12359,train,20,V,V366.jpg
12360,train,20,V,V372.jpg
12361,train,20,V,V414.jpg
12362,train,20,V,V2875.jpg
12363,train,20,V,V428.jpg
12364,train,20,V,V2861.jpg
12365,train,20,V,V2040.jpg
12366,train,20,V,V2054.jpg
12367,train,20,V,V1213.jpg
12368,train,20,V,V1575.jpg
12369,train,20,V,V1561.jpg
12370,train,20,V,V2068.jpg
12371,train,20,V,V1207.jpg
2978,val,20,V,V574.jpg
12372,train,20,V,V2083.jpg
12373,train,20,V,V212.jpg
12374,train,20,V,V2097.jpg
12375,train,20,V,V206.jpg
12376,train,20,V,V2929.jpg
12377,train,20,V,V560.jpg
12378,train,20,V,V2901.jpg
12379,train,20,V,V548.jpg
12380,train,20,V,V2915.jpg
12381,train,20,V,V2242.jpg
12382,train,20,V,V1993.jpg
2979,val,20,V,V2524.jpg
12383,train,20,V,V979.jpg
12384,train,20,V,V2530.jpg
2980,val,20,V,V1039.jpg
12385,train,20,V,V1987.jpg
12386,train,20,V,V2256.jpg
12387,train,20,V,V1777.jpg
12388,train,20,V,V951.jpg
12389,train,20,V,V2518.jpg
2981,val,20,V,V789.jpg
12390,train,20,V,V1011.jpg
12391,train,20,V,V1005.jpg
12392,train,20,V,V945.jpg
12393,train,20,V,V1763.jpg
12394,train,20,V,V1788.jpg
12395,train,20,V,V1950.jpg
2982,val,20,V,V2281.jpg
12396,train,20,V,V776.jpg
12397,train,20,V,V762.jpg
12398,train,20,V,V2295.jpg
2983,val,20,V,V1944.jpg
2984,val,20,V,V992.jpg
12399,train,20,V,V986.jpg
12400,train,20,V,V1978.jpg
12401,train,20,V,V990.jpg
2985,val,20,V,V748.jpg
2986,val,20,V,V984.jpg
12402,train,20,V,V774.jpg
12403,train,20,V,V2283.jpg
12404,train,20,V,V1952.jpg
12405,train,20,V,V1946.jpg
12406,train,20,V,V2297.jpg
12407,train,20,V,V1013.jpg
12408,train,20,V,V953.jpg
12409,train,20,V,V1775.jpg
12410,train,20,V,V1761.jpg
12411,train,20,V,V2268.jpg
12412,train,20,V,V947.jpg
12413,train,20,V,V1007.jpg
12414,train,20,V,V2526.jpg
12415,train,20,V,V1749.jpg
12416,train,20,V,V1991.jpg
12417,train,20,V,V2240.jpg
12418,train,20,V,V2254.jpg
12419,train,20,V,V1985.jpg
2987,val,20,V,V2532.jpg
2988,val,20,V,V2903.jpg
12420,train,20,V,V2917.jpg
12421,train,20,V,V238.jpg
12422,train,20,V,V1588.jpg
12423,train,20,V,V210.jpg
12424,train,20,V,V2081.jpg
12425,train,20,V,V576.jpg
2989,val,20,V,V562.jpg
2990,val,20,V,V204.jpg
12426,train,20,V,V2095.jpg
2991,val,20,V,V1577.jpg
2992,val,20,V,V589.jpg
12427,train,20,V,V1211.jpg
2993,val,20,V,V1205.jpg
12428,train,20,V,V1563.jpg
12429,train,20,V,V2042.jpg
12430,train,20,V,V1239.jpg
12431,train,20,V,V2056.jpg
2994,val,20,V,V358.jpg
12432,train,20,V,V2877.jpg
12433,train,20,V,V2863.jpg
12434,train,20,V,V364.jpg
2995,val,20,V,V402.jpg
12435,train,20,V,V416.jpg
12436,train,20,V,V370.jpg
2996,val,20,V,V1403.jpg
2997,val,20,V,V1365.jpg
12437,train,20,V,V1371.jpg
12438,train,20,V,V1417.jpg
2998,val,20,V,V2136.jpg
12439,train,20,V,V1359.jpg
12440,train,20,V,V2888.jpg
12441,train,20,V,V2122.jpg
2999,val,20,V,V628.jpg
3000,val,20,V,V1198.jpg
12442,train,20,V,V2491.jpg
12443,train,20,V,V600.jpg
12444,train,20,V,V1826.jpg
12445,train,20,V,V1832.jpg
3001,val,20,V,V172.jpg
12446,train,20,V,V2485.jpg
12447,train,20,V,V614.jpg
3002,val,20,V,V1167.jpg
12448,train,20,V,V827.jpg
12449,train,20,V,V199.jpg
12450,train,20,V,V2308.jpg
12451,train,20,V,V1601.jpg
12452,train,20,V,V1615.jpg
12453,train,20,V,V833.jpg
12454,train,20,V,V1173.jpg
12455,train,20,V,V2452.jpg
12456,train,20,V,V2334.jpg
12457,train,20,V,V2320.jpg
12458,train,20,V,V1629.jpg
12459,train,20,V,V2446.jpg
12460,train,20,V,V1628.jpg
12461,train,20,V,V2321.jpg
12462,train,20,V,V2447.jpg
12463,train,20,V,V2453.jpg
12464,train,20,V,V2335.jpg
3003,val,20,V,V1614.jpg
12465,train,20,V,V1172.jpg
12466,train,20,V,V832.jpg
12467,train,20,V,V826.jpg
12468,train,20,V,V1166.jpg
12469,train,20,V,V1600.jpg
12470,train,20,V,V2309.jpg
12471,train,20,V,V198.jpg
3004,val,20,V,V173.jpg
12472,train,20,V,V1833.jpg
12473,train,20,V,V615.jpg
12474,train,20,V,V2484.jpg
12475,train,20,V,V601.jpg
12476,train,20,V,V2490.jpg
12477,train,20,V,V1199.jpg
3005,val,20,V,V1827.jpg
12478,train,20,V,V629.jpg
12479,train,20,V,V2123.jpg
12480,train,20,V,V2137.jpg
12481,train,20,V,V2889.jpg
12482,train,20,V,V1358.jpg
12483,train,20,V,V1370.jpg
12484,train,20,V,V1416.jpg
12485,train,20,V,V1402.jpg
12486,train,20,V,V1364.jpg
12487,train,20,V,V417.jpg
12488,train,20,V,V371.jpg
12489,train,20,V,V365.jpg
12490,train,20,V,V403.jpg
12491,train,20,V,V2862.jpg
3006,val,20,V,V359.jpg
12492,train,20,V,V2876.jpg
12493,train,20,V,V1238.jpg
3007,val,20,V,V2057.jpg
3008,val,20,V,V2043.jpg
12494,train,20,V,V1204.jpg
3009,val,20,V,V1562.jpg
3010,val,20,V,V1576.jpg
12495,train,20,V,V1210.jpg
12496,train,20,V,V588.jpg
12497,train,20,V,V563.jpg
12498,train,20,V,V2094.jpg
3011,val,20,V,V205.jpg
12499,train,20,V,V2080.jpg
3012,val,20,V,V211.jpg
12500,train,20,V,V1589.jpg
12501,train,20,V,V577.jpg
12502,train,20,V,V2916.jpg
12503,train,20,V,V239.jpg
3013,val,20,V,V2902.jpg
12504,train,20,V,V1984.jpg
3014,val,20,V,V2255.jpg
12505,train,20,V,V2533.jpg
12506,train,20,V,V2527.jpg
3015,val,20,V,V2241.jpg
12507,train,20,V,V1990.jpg
12508,train,20,V,V1748.jpg
12509,train,20,V,V2269.jpg
12510,train,20,V,V1760.jpg
12511,train,20,V,V1006.jpg
12512,train,20,V,V946.jpg
12513,train,20,V,V952.jpg
3016,val,20,V,V1012.jpg
12514,train,20,V,V1774.jpg
12515,train,20,V,V2296.jpg
3017,val,20,V,V1947.jpg
12516,train,20,V,V775.jpg
12517,train,20,V,V1953.jpg
12518,train,20,V,V2282.jpg
12519,train,20,V,V985.jpg
12520,train,20,V,V749.jpg
3018,val,20,V,V991.jpg
12521,train,20,V,V2286.jpg
12522,train,20,V,V1957.jpg
12523,train,20,V,V771.jpg
3019,val,20,V,V1943.jpg
12524,train,20,V,V2292.jpg
12525,train,20,V,V995.jpg
12526,train,20,V,V981.jpg
12527,train,20,V,V759.jpg
12528,train,20,V,V1994.jpg
3020,val,20,V,V2245.jpg
12529,train,20,V,V2523.jpg
12530,train,20,V,V2537.jpg
3021,val,20,V,V2251.jpg
3022,val,20,V,V1758.jpg
12531,train,20,V,V1980.jpg
12532,train,20,V,V2279.jpg
12533,train,20,V,V1770.jpg
12534,train,20,V,V1016.jpg
12535,train,20,V,V956.jpg
3023,val,20,V,V942.jpg
12536,train,20,V,V1002.jpg
12537,train,20,V,V1764.jpg
12538,train,20,V,V573.jpg
12539,train,20,V,V2084.jpg
12540,train,20,V,V215.jpg
12541,train,20,V,V2090.jpg
12542,train,20,V,V201.jpg
12543,train,20,V,V1599.jpg
12544,train,20,V,V567.jpg
12545,train,20,V,V2906.jpg
12546,train,20,V,V229.jpg
12547,train,20,V,V2912.jpg
12548,train,20,V,V1228.jpg
12549,train,20,V,V2047.jpg
12550,train,20,V,V2053.jpg
12551,train,20,V,V1214.jpg
12552,train,20,V,V1572.jpg
12553,train,20,V,V1566.jpg
12554,train,20,V,V1200.jpg
12555,train,20,V,V598.jpg
12556,train,20,V,V407.jpg
3024,val,20,V,V361.jpg
12557,train,20,V,V375.jpg
12558,train,20,V,V413.jpg
12559,train,20,V,V2872.jpg
12560,train,20,V,V349.jpg
12561,train,20,V,V2866.jpg
12562,train,20,V,V2133.jpg
12563,train,20,V,V2127.jpg
3025,val,20,V,V2899.jpg
12564,train,20,V,V1348.jpg
12565,train,15,Q,Q1225.jpg
3026,val,15,Q,Q735.jpg
12566,train,15,Q,Q1543.jpg
12567,train,15,Q,Q1557.jpg
3027,val,15,Q,Q721.jpg
12568,train,15,Q,Q1231.jpg
3028,val,15,Q,Q709.jpg
3029,val,15,Q,Q1219.jpg
12569,train,15,Q,Q2937.jpg
12570,train,15,Q,Q1580.jpg
12571,train,15,Q,Q1594.jpg
12572,train,15,Q,Q2923.jpg
12573,train,15,Q,Q912.jpg
12574,train,15,Q,Q99.jpg
12575,train,15,Q,Q906.jpg
12576,train,15,Q,Q1741.jpg
12577,train,15,Q,Q1999.jpg
12578,train,15,Q,Q251.jpg
12579,train,15,Q,Q537.jpg
3030,val,15,Q,Q1027.jpg
12580,train,15,Q,Q1033.jpg
12581,train,15,Q,Q523.jpg
3031,val,15,Q,Q245.jpg
3032,val,15,Q,Q1755.jpg
12582,train,15,Q,Q1769.jpg
12583,train,15,Q,Q279.jpg
3033,val,15,Q,Q292.jpg
12584,train,15,Q,Q1782.jpg
12585,train,15,Q,Q1796.jpg
12586,train,15,Q,Q286.jpg
3034,val,15,Q,Q1966.jpg
12587,train,15,Q,Q1635.jpg
12588,train,15,Q,Q325.jpg
3035,val,15,Q,Q443.jpg
12589,train,15,Q,Q1153.jpg
12590,train,15,Q,Q1147.jpg
12591,train,15,Q,Q457.jpg
12592,train,15,Q,Q2328.jpg
3036,val,15,Q,Q331.jpg
3037,val,15,Q,Q1621.jpg
12593,train,15,Q,Q319.jpg
12594,train,15,Q,Q1609.jpg
12595,train,15,Q,Q2499.jpg
12596,train,15,Q,Q480.jpg
3038,val,15,Q,Q494.jpg
12597,train,15,Q,Q1184.jpg
12598,train,15,Q,Q1812.jpg
3039,val,15,Q,Q1806.jpg
3040,val,15,Q,Q1351.jpg
12599,train,15,Q,Q899.jpg
12600,train,15,Q,Q2880.jpg
12601,train,15,Q,Q641.jpg
3041,val,15,Q,Q127.jpg
12602,train,15,Q,Q1437.jpg
12603,train,15,Q,Q133.jpg
12604,train,15,Q,Q2894.jpg
12605,train,15,Q,Q655.jpg
12606,train,15,Q,Q1345.jpg
12607,train,15,Q,Q2102.jpg
12608,train,15,Q,Q2116.jpg
12609,train,15,Q,Q1379.jpg
12610,train,15,Q,Q669.jpg
12611,train,15,Q,Q682.jpg
12612,train,15,Q,Q1392.jpg
12613,train,15,Q,Q1386.jpg
12614,train,15,Q,Q696.jpg
12615,train,15,Q,Q866.jpg
12616,train,15,Q,Q872.jpg
12617,train,15,Q,Q873.jpg
12618,train,15,Q,Q867.jpg
3042,val,15,Q,Q697.jpg
12619,train,15,Q,Q1387.jpg
12620,train,15,Q,Q1393.jpg
3043,val,15,Q,Q683.jpg
12621,train,15,Q,Q2117.jpg
12622,train,15,Q,Q668.jpg
12623,train,15,Q,Q1378.jpg
3044,val,15,Q,Q2103.jpg
12624,train,15,Q,Q132.jpg
12625,train,15,Q,Q1422.jpg
12626,train,15,Q,Q1344.jpg
12627,train,15,Q,Q654.jpg
12628,train,15,Q,Q2895.jpg
12629,train,15,Q,Q640.jpg
12630,train,15,Q,Q2881.jpg
12631,train,15,Q,Q898.jpg
12632,train,15,Q,Q1350.jpg
12633,train,15,Q,Q1436.jpg
12634,train,15,Q,Q126.jpg
12635,train,15,Q,Q1807.jpg
12636,train,15,Q,Q1813.jpg
12637,train,15,Q,Q1185.jpg
12638,train,15,Q,Q495.jpg
12639,train,15,Q,Q481.jpg
12640,train,15,Q,Q2498.jpg
3045,val,15,Q,Q1191.jpg
12641,train,15,Q,Q2315.jpg
12642,train,15,Q,Q1608.jpg
3046,val,15,Q,Q318.jpg
12643,train,15,Q,Q2467.jpg
3047,val,15,Q,Q456.jpg
12644,train,15,Q,Q1146.jpg
12645,train,15,Q,Q1620.jpg
12646,train,15,Q,Q330.jpg
12647,train,15,Q,Q2329.jpg
12648,train,15,Q,Q324.jpg
3048,val,15,Q,Q1634.jpg
12649,train,15,Q,Q1152.jpg
12650,train,15,Q,Q442.jpg
12651,train,15,Q,Q1967.jpg
12652,train,15,Q,Q287.jpg
12653,train,15,Q,Q1797.jpg
12654,train,15,Q,Q1783.jpg
3049,val,15,Q,Q293.jpg
12655,train,15,Q,Q278.jpg
12656,train,15,Q,Q1768.jpg
12657,train,15,Q,Q522.jpg
12658,train,15,Q,Q1032.jpg
12659,train,15,Q,Q1754.jpg
12660,train,15,Q,Q244.jpg
12661,train,15,Q,Q250.jpg
12662,train,15,Q,Q1998.jpg
3050,val,15,Q,Q1740.jpg
12663,train,15,Q,Q1026.jpg
12664,train,15,Q,Q536.jpg
12665,train,15,Q,Q98.jpg
12666,train,15,Q,Q907.jpg
12667,train,15,Q,Q913.jpg
12668,train,15,Q,Q1595.jpg
12669,train,15,Q,Q2922.jpg
12670,train,15,Q,Q2936.jpg
12671,train,15,Q,Q1581.jpg
12672,train,15,Q,Q1218.jpg
12673,train,15,Q,Q708.jpg
12674,train,15,Q,Q1556.jpg
12675,train,15,Q,Q1230.jpg
3051,val,15,Q,Q720.jpg
12676,train,15,Q,Q734.jpg
12677,train,15,Q,Q1224.jpg
12678,train,15,Q,Q1542.jpg
12679,train,15,Q,Q722.jpg
3052,val,15,Q,Q1232.jpg
12680,train,15,Q,Q1554.jpg
12681,train,15,Q,Q2049.jpg
3053,val,15,Q,Q1540.jpg
12682,train,15,Q,Q1226.jpg
12683,train,15,Q,Q736.jpg
3054,val,15,Q,Q1568.jpg
12684,train,15,Q,Q939.jpg
12685,train,15,Q,Q2920.jpg
12686,train,15,Q,Q1597.jpg
12687,train,15,Q,Q1583.jpg
3055,val,15,Q,Q905.jpg
3056,val,15,Q,Q911.jpg
3057,val,15,Q,Q2908.jpg
12688,train,15,Q,Q246.jpg
12689,train,15,Q,Q1756.jpg
12690,train,15,Q,Q1030.jpg
12691,train,15,Q,Q520.jpg
3058,val,15,Q,Q534.jpg
12692,train,15,Q,Q1024.jpg
12693,train,15,Q,Q1742.jpg
12694,train,15,Q,Q252.jpg
12695,train,15,Q,Q1018.jpg
12696,train,15,Q,Q508.jpg
12697,train,15,Q,Q1795.jpg
12698,train,15,Q,Q285.jpg
12699,train,15,Q,Q291.jpg
3059,val,15,Q,Q1959.jpg
12700,train,15,Q,Q1781.jpg
12701,train,15,Q,Q1965.jpg
3060,val,15,Q,Q332.jpg
3061,val,15,Q,Q1622.jpg
12702,train,15,Q,Q1144.jpg
12703,train,15,Q,Q454.jpg
12704,train,15,Q,Q440.jpg
12705,train,15,Q,Q1150.jpg
12706,train,15,Q,Q1636.jpg
12707,train,15,Q,Q326.jpg
12708,train,15,Q,Q468.jpg
12709,train,15,Q,Q1178.jpg
12710,train,15,Q,Q1839.jpg
12711,train,15,Q,Q497.jpg
12712,train,15,Q,Q1187.jpg
3062,val,15,Q,Q1193.jpg
12713,train,15,Q,Q483.jpg
3063,val,15,Q,Q1805.jpg
12714,train,15,Q,Q1811.jpg
12715,train,15,Q,Q2897.jpg
12716,train,15,Q,Q656.jpg
12717,train,15,Q,Q1346.jpg
12718,train,15,Q,Q1420.jpg
12719,train,15,Q,Q130.jpg
12720,train,15,Q,Q2129.jpg
12721,train,15,Q,Q124.jpg
12722,train,15,Q,Q1434.jpg
12723,train,15,Q,Q1352.jpg
12724,train,15,Q,Q2883.jpg
12725,train,15,Q,Q642.jpg
3064,val,15,Q,Q2115.jpg
12726,train,15,Q,Q1408.jpg
12727,train,15,Q,Q118.jpg
3065,val,15,Q,Q1385.jpg
12728,train,15,Q,Q695.jpg
3066,val,15,Q,Q681.jpg
12729,train,15,Q,Q859.jpg
12730,train,15,Q,Q1391.jpg
12731,train,15,Q,Q871.jpg
12732,train,15,Q,Q865.jpg
12733,train,15,Q,Q864.jpg
12734,train,15,Q,Q870.jpg
3067,val,15,Q,Q1390.jpg
12735,train,15,Q,Q858.jpg
12736,train,15,Q,Q680.jpg
3068,val,15,Q,Q694.jpg
12737,train,15,Q,Q1384.jpg
3069,val,15,Q,Q119.jpg
12738,train,15,Q,Q1409.jpg
12739,train,15,Q,Q2666.jpg
12740,train,15,Q,Q2114.jpg
3070,val,15,Q,Q1435.jpg
3071,val,15,Q,Q125.jpg
12741,train,15,Q,Q643.jpg
12742,train,15,Q,Q2882.jpg
3072,val,15,Q,Q1353.jpg
3073,val,15,Q,Q1347.jpg
12743,train,15,Q,Q657.jpg
12744,train,15,Q,Q2896.jpg
12745,train,15,Q,Q2128.jpg
12746,train,15,Q,Q131.jpg
12747,train,15,Q,Q1421.jpg
12748,train,15,Q,Q1810.jpg
12749,train,15,Q,Q1804.jpg
3074,val,15,Q,Q482.jpg
12750,train,15,Q,Q1192.jpg
12751,train,15,Q,Q1838.jpg
12752,train,15,Q,Q1186.jpg
12753,train,15,Q,Q496.jpg
12754,train,15,Q,Q2316.jpg
3075,val,15,Q,Q1179.jpg
3076,val,15,Q,Q469.jpg
12755,train,15,Q,Q1151.jpg
12756,train,15,Q,Q441.jpg
12757,train,15,Q,Q327.jpg
12758,train,15,Q,Q1637.jpg
12759,train,15,Q,Q1623.jpg
12760,train,15,Q,Q333.jpg
3077,val,15,Q,Q455.jpg
3078,val,15,Q,Q1145.jpg
3079,val,15,Q,Q1964.jpg
12761,train,15,Q,Q1780.jpg
3080,val,15,Q,Q1958.jpg
12762,train,15,Q,Q290.jpg
12763,train,15,Q,Q284.jpg
12764,train,15,Q,Q1794.jpg
12765,train,15,Q,Q509.jpg
12766,train,15,Q,Q1019.jpg
12767,train,15,Q,Q2504.jpg
3081,val,15,Q,Q1025.jpg
12768,train,15,Q,Q535.jpg
3082,val,15,Q,Q253.jpg
12769,train,15,Q,Q1743.jpg
3083,val,15,Q,Q1757.jpg
12770,train,15,Q,Q247.jpg
12771,train,15,Q,Q521.jpg
12772,train,15,Q,Q1031.jpg
12773,train,15,Q,Q2909.jpg
12774,train,15,Q,Q910.jpg
12775,train,15,Q,Q904.jpg
3084,val,15,Q,Q1582.jpg
12776,train,15,Q,Q2935.jpg
12777,train,15,Q,Q2921.jpg
12778,train,15,Q,Q938.jpg
12779,train,15,Q,Q1596.jpg
3085,val,15,Q,Q1569.jpg
12780,train,15,Q,Q1541.jpg
12781,train,15,Q,Q70.jpg
12782,train,15,Q,Q2048.jpg
12783,train,15,Q,Q737.jpg
12784,train,15,Q,Q1227.jpg
3086,val,15,Q,Q1233.jpg
12785,train,15,Q,Q723.jpg
12786,train,15,Q,Q1555.jpg
12787,train,15,Q,Q1579.jpg
12788,train,15,Q,Q1551.jpg
12789,train,15,Q,Q727.jpg
12790,train,15,Q,Q1237.jpg
12791,train,15,Q,Q1223.jpg
12792,train,15,Q,Q733.jpg
12793,train,15,Q,Q1545.jpg
3087,val,15,Q,Q900.jpg
12794,train,15,Q,Q2919.jpg
12795,train,15,Q,Q914.jpg
12796,train,15,Q,Q1592.jpg
12797,train,15,Q,Q2925.jpg
3088,val,15,Q,Q928.jpg
3089,val,15,Q,Q2931.jpg
12798,train,15,Q,Q1586.jpg
12799,train,15,Q,Q2500.jpg
12800,train,15,Q,Q519.jpg
3090,val,15,Q,Q1009.jpg
3091,val,15,Q,Q1035.jpg
12801,train,15,Q,Q525.jpg
12802,train,15,Q,Q243.jpg
12803,train,15,Q,Q1753.jpg
12804,train,15,Q,Q1747.jpg
12805,train,15,Q,Q257.jpg
12806,train,15,Q,Q531.jpg
12807,train,15,Q,Q1021.jpg
12808,train,15,Q,Q1960.jpg
12809,train,15,Q,Q1948.jpg
12810,train,15,Q,Q1790.jpg
12811,train,15,Q,Q280.jpg
12812,train,15,Q,Q294.jpg
12813,train,15,Q,Q1784.jpg
12814,train,15,Q,Q2312.jpg
12815,train,15,Q,Q1169.jpg
12816,train,15,Q,Q479.jpg
12817,train,15,Q,Q1141.jpg
12818,train,15,Q,Q451.jpg
3092,val,15,Q,Q337.jpg
12819,train,15,Q,Q1627.jpg
12820,train,15,Q,Q1633.jpg
12821,train,15,Q,Q323.jpg
12822,train,15,Q,Q445.jpg
12823,train,15,Q,Q1155.jpg
12824,train,15,Q,Q1800.jpg
12825,train,15,Q,Q1814.jpg
12826,train,15,Q,Q492.jpg
12827,train,15,Q,Q1182.jpg
12828,train,15,Q,Q1828.jpg
3093,val,15,Q,Q1196.jpg
12829,train,15,Q,Q486.jpg
3094,val,15,Q,Q109.jpg
12830,train,15,Q,Q2110.jpg
3095,val,15,Q,Q1419.jpg
12831,train,15,Q,Q2104.jpg
12832,train,15,Q,Q1425.jpg
12833,train,15,Q,Q135.jpg
12834,train,15,Q,Q653.jpg
12835,train,15,Q,Q2892.jpg
12836,train,15,Q,Q1343.jpg
3096,val,15,Q,Q1357.jpg
12837,train,15,Q,Q647.jpg
12838,train,15,Q,Q2886.jpg
12839,train,15,Q,Q121.jpg
12840,train,15,Q,Q2138.jpg
3097,val,15,Q,Q1431.jpg
12841,train,15,Q,Q874.jpg
12842,train,15,Q,Q2879.jpg
3098,val,15,Q,Q860.jpg
12843,train,15,Q,Q1380.jpg
12844,train,15,Q,Q690.jpg
12845,train,15,Q,Q848.jpg
12846,train,15,Q,Q684.jpg
12847,train,15,Q,Q1394.jpg
12848,train,15,Q,Q1395.jpg
12849,train,15,Q,Q685.jpg
12850,train,15,Q,Q849.jpg
12851,train,15,Q,Q691.jpg
12852,train,15,Q,Q1381.jpg
12853,train,15,Q,Q861.jpg
12854,train,15,Q,Q2878.jpg
3099,val,15,Q,Q875.jpg
3100,val,15,Q,Q2887.jpg
12855,train,15,Q,Q646.jpg
12856,train,15,Q,Q1356.jpg
12857,train,15,Q,Q1430.jpg
12858,train,15,Q,Q2139.jpg
12859,train,15,Q,Q120.jpg
3101,val,15,Q,Q134.jpg
3102,val,15,Q,Q1424.jpg
12860,train,15,Q,Q1342.jpg
3103,val,15,Q,Q2893.jpg
12861,train,15,Q,Q652.jpg
12862,train,15,Q,Q2105.jpg
12863,train,15,Q,Q1418.jpg
12864,train,15,Q,Q2111.jpg
12865,train,15,Q,Q108.jpg
12866,train,15,Q,Q1829.jpg
12867,train,15,Q,Q487.jpg
12868,train,15,Q,Q1197.jpg
12869,train,15,Q,Q1183.jpg
3104,val,15,Q,Q493.jpg
12870,train,15,Q,Q1815.jpg
12871,train,15,Q,Q1801.jpg
12872,train,15,Q,Q322.jpg
12873,train,15,Q,Q1632.jpg
12874,train,15,Q,Q1154.jpg
3105,val,15,Q,Q444.jpg
12875,train,15,Q,Q450.jpg
3106,val,15,Q,Q1140.jpg
12876,train,15,Q,Q1626.jpg
12877,train,15,Q,Q336.jpg
3107,val,15,Q,Q478.jpg
12878,train,15,Q,Q1168.jpg
12879,train,15,Q,Q1785.jpg
12880,train,15,Q,Q295.jpg
12881,train,15,Q,Q281.jpg
12882,train,15,Q,Q1791.jpg
12883,train,15,Q,Q1949.jpg
12884,train,15,Q,Q1961.jpg
12885,train,15,Q,Q256.jpg
12886,train,15,Q,Q1746.jpg
12887,train,15,Q,Q1020.jpg
12888,train,15,Q,Q530.jpg
12889,train,15,Q,Q524.jpg
12890,train,15,Q,Q1034.jpg
12891,train,15,Q,Q1752.jpg
12892,train,15,Q,Q242.jpg
3108,val,15,Q,Q1008.jpg
12893,train,15,Q,Q518.jpg
3109,val,15,Q,Q2930.jpg
3110,val,15,Q,Q929.jpg
12894,train,15,Q,Q1587.jpg
12895,train,15,Q,Q1593.jpg
3111,val,15,Q,Q2924.jpg
12896,train,15,Q,Q915.jpg
12897,train,15,Q,Q2918.jpg
12898,train,15,Q,Q901.jpg
3112,val,15,Q,Q732.jpg
12899,train,15,Q,Q1222.jpg
3113,val,15,Q,Q1544.jpg
12900,train,15,Q,Q1550.jpg
12901,train,15,Q,Q1236.jpg
12902,train,15,Q,Q726.jpg
3114,val,15,Q,Q1578.jpg
12903,train,15,Q,Q1208.jpg
12904,train,15,Q,Q718.jpg
12905,train,15,Q,Q1546.jpg
3115,val,15,Q,Q1220.jpg
12906,train,15,Q,Q730.jpg
12907,train,15,Q,Q724.jpg
12908,train,15,Q,Q1234.jpg
12909,train,15,Q,Q1552.jpg
3116,val,15,Q,Q88.jpg
12910,train,15,Q,Q917.jpg
12911,train,15,Q,Q903.jpg
12912,train,15,Q,Q1585.jpg
3117,val,15,Q,Q2926.jpg
12913,train,15,Q,Q1591.jpg
3118,val,15,Q,Q268.jpg
12914,train,15,Q,Q1778.jpg
12915,train,15,Q,Q532.jpg
3119,val,15,Q,Q1022.jpg
12916,train,15,Q,Q1744.jpg
12917,train,15,Q,Q254.jpg
12918,train,15,Q,Q240.jpg
12919,train,15,Q,Q1750.jpg
12920,train,15,Q,Q1988.jpg
12921,train,15,Q,Q1036.jpg
12922,train,15,Q,Q526.jpg
12923,train,15,Q,Q1963.jpg
3120,val,15,Q,Q297.jpg
12924,train,15,Q,Q1787.jpg
12925,train,15,Q,Q1793.jpg
12926,train,15,Q,Q283.jpg
12927,train,15,Q,Q2305.jpg
3121,val,15,Q,Q1618.jpg
3122,val,15,Q,Q308.jpg
3123,val,15,Q,Q446.jpg
12928,train,15,Q,Q1156.jpg
12929,train,15,Q,Q1630.jpg
12930,train,15,Q,Q2339.jpg
12931,train,15,Q,Q320.jpg
12932,train,15,Q,Q334.jpg
12933,train,15,Q,Q1624.jpg
12934,train,15,Q,Q1142.jpg
12935,train,15,Q,Q452.jpg
12936,train,15,Q,Q1817.jpg
12937,train,15,Q,Q1803.jpg
12938,train,15,Q,Q1195.jpg
12939,train,15,Q,Q485.jpg
3124,val,15,Q,Q2488.jpg
12940,train,15,Q,Q491.jpg
12941,train,15,Q,Q1181.jpg
12942,train,15,Q,Q2107.jpg
3125,val,15,Q,Q678.jpg
12943,train,15,Q,Q1368.jpg
12944,train,15,Q,Q2113.jpg
12945,train,15,Q,Q122.jpg
12946,train,15,Q,Q1432.jpg
12947,train,15,Q,Q1354.jpg
12948,train,15,Q,Q644.jpg
3126,val,15,Q,Q2885.jpg
12949,train,15,Q,Q888.jpg
12950,train,15,Q,Q650.jpg
3127,val,15,Q,Q2891.jpg
12951,train,15,Q,Q1340.jpg
12952,train,15,Q,Q1426.jpg
12953,train,15,Q,Q136.jpg
12954,train,15,Q,Q863.jpg
12955,train,15,Q,Q877.jpg
12956,train,15,Q,Q687.jpg
3128,val,15,Q,Q1397.jpg
12957,train,15,Q,Q1383.jpg
12958,train,15,Q,Q693.jpg
12959,train,15,Q,Q692.jpg
3129,val,15,Q,Q1382.jpg
12960,train,15,Q,Q1396.jpg
3130,val,15,Q,Q686.jpg
12961,train,15,Q,Q876.jpg
12962,train,15,Q,Q862.jpg
12963,train,15,Q,Q1341.jpg
12964,train,15,Q,Q2890.jpg
12965,train,15,Q,Q651.jpg
12966,train,15,Q,Q889.jpg
12967,train,15,Q,Q137.jpg
12968,train,15,Q,Q1427.jpg
12969,train,15,Q,Q1433.jpg
12970,train,15,Q,Q123.jpg
12971,train,15,Q,Q2884.jpg
12972,train,15,Q,Q645.jpg
12973,train,15,Q,Q1355.jpg
12974,train,15,Q,Q2112.jpg
12975,train,15,Q,Q2106.jpg
3131,val,15,Q,Q1369.jpg
12976,train,15,Q,Q679.jpg
12977,train,15,Q,Q1180.jpg
12978,train,15,Q,Q490.jpg
12979,train,15,Q,Q2489.jpg
3132,val,15,Q,Q484.jpg
12980,train,15,Q,Q1194.jpg
12981,train,15,Q,Q1802.jpg
12982,train,15,Q,Q1816.jpg
12983,train,15,Q,Q1625.jpg
12984,train,15,Q,Q335.jpg
12985,train,15,Q,Q453.jpg
12986,train,15,Q,Q1143.jpg
12987,train,15,Q,Q1157.jpg
12988,train,15,Q,Q447.jpg
12989,train,15,Q,Q321.jpg
12990,train,15,Q,Q2338.jpg
12991,train,15,Q,Q1631.jpg
12992,train,15,Q,Q309.jpg
12993,train,15,Q,Q2310.jpg
3133,val,15,Q,Q1619.jpg
12994,train,15,Q,Q2462.jpg
12995,train,15,Q,Q2304.jpg
3134,val,15,Q,Q282.jpg
3135,val,15,Q,Q1792.jpg
12996,train,15,Q,Q1786.jpg
12997,train,15,Q,Q296.jpg
12998,train,15,Q,Q1962.jpg
3136,val,15,Q,Q1989.jpg
12999,train,15,Q,Q1751.jpg
13000,train,15,Q,Q241.jpg
13001,train,15,Q,Q527.jpg
13002,train,15,Q,Q1037.jpg
3137,val,15,Q,Q1023.jpg
13003,train,15,Q,Q533.jpg
13004,train,15,Q,Q255.jpg
13005,train,15,Q,Q1745.jpg
3138,val,15,Q,Q1779.jpg
3139,val,15,Q,Q269.jpg
13006,train,15,Q,Q2927.jpg
13007,train,15,Q,Q1590.jpg
13008,train,15,Q,Q1584.jpg
13009,train,15,Q,Q2933.jpg
13010,train,15,Q,Q902.jpg
13011,train,15,Q,Q89.jpg
13012,train,15,Q,Q916.jpg
13013,train,15,Q,Q1235.jpg
13014,train,15,Q,Q725.jpg
3140,val,15,Q,Q1553.jpg
3141,val,15,Q,Q1547.jpg
13015,train,15,Q,Q731.jpg
13016,train,15,Q,Q1221.jpg
13017,train,15,Q,Q719.jpg
13018,train,15,Q,Q1209.jpg
13019,train,15,Q,Q1520.jpg
13020,train,15,Q,Q2029.jpg
3142,val,15,Q,Q756.jpg
13021,train,15,Q,Q2997.jpg
13022,train,15,Q,Q1246.jpg
13023,train,15,Q,Q1252.jpg
13024,train,15,Q,Q742.jpg
13025,train,15,Q,Q2983.jpg
13026,train,15,Q,Q1534.jpg
13027,train,15,Q,Q2015.jpg
13028,train,15,Q,Q1508.jpg
13029,train,15,Q,Q39.jpg
13030,train,15,Q,Q795.jpg
13031,train,15,Q,Q2954.jpg
13032,train,15,Q,Q959.jpg
13033,train,15,Q,Q781.jpg
3143,val,15,Q,Q1291.jpg
13034,train,15,Q,Q971.jpg
3144,val,15,Q,Q2968.jpg
13035,train,15,Q,Q965.jpg
13036,train,15,Q,Q1044.jpg
3145,val,15,Q,Q554.jpg
13037,train,15,Q,Q232.jpg
13038,train,15,Q,Q1722.jpg
13039,train,15,Q,Q1736.jpg
13040,train,15,Q,Q226.jpg
13041,train,15,Q,Q540.jpg
3146,val,15,Q,Q1050.jpg
13042,train,15,Q,Q568.jpg
13043,train,15,Q,Q1078.jpg
3147,val,15,Q,Q597.jpg
13044,train,15,Q,Q1087.jpg
13045,train,15,Q,Q1939.jpg
3148,val,15,Q,Q1093.jpg
13046,train,15,Q,Q583.jpg
13047,train,15,Q,Q1905.jpg
3149,val,15,Q,Q1911.jpg
13048,train,15,Q,Q1130.jpg
13049,train,15,Q,Q420.jpg
3150,val,15,Q,Q346.jpg
13050,train,15,Q,Q1656.jpg
13051,train,15,Q,Q1642.jpg
13052,train,15,Q,Q352.jpg
13053,train,15,Q,Q434.jpg
13054,train,15,Q,Q1124.jpg
3151,val,15,Q,Q2363.jpg
3152,val,15,Q,Q2377.jpg
13055,train,15,Q,Q1118.jpg
13056,train,15,Q,Q408.jpg
13057,train,15,Q,Q2411.jpg
13058,train,15,Q,Q1695.jpg
13059,train,15,Q,Q385.jpg
13060,train,15,Q,Q391.jpg
13061,train,15,Q,Q2388.jpg
13062,train,15,Q,Q1681.jpg
13063,train,15,Q,Q1859.jpg
13064,train,15,Q,Q1871.jpg
13065,train,15,Q,Q1865.jpg
13066,train,15,Q,Q1454.jpg
13067,train,15,Q,Q144.jpg
13068,train,15,Q,Q622.jpg
13069,train,15,Q,Q1332.jpg
3153,val,15,Q,Q1326.jpg
3154,val,15,Q,Q636.jpg
3155,val,15,Q,Q150.jpg
13070,train,15,Q,Q1440.jpg
13071,train,15,Q,Q178.jpg
13072,train,15,Q,Q1468.jpg
13073,train,15,Q,Q2175.jpg
3156,val,15,Q,Q187.jpg
13074,train,15,Q,Q1497.jpg
13075,train,15,Q,Q839.jpg
13076,train,15,Q,Q1483.jpg
13077,train,15,Q,Q193.jpg
13078,train,15,Q,Q805.jpg
13079,train,15,Q,Q811.jpg
13080,train,15,Q,Q810.jpg
3157,val,15,Q,Q804.jpg
13081,train,15,Q,Q192.jpg
13082,train,15,Q,Q1482.jpg
13083,train,15,Q,Q1496.jpg
13084,train,15,Q,Q186.jpg
13085,train,15,Q,Q838.jpg
13086,train,15,Q,Q1469.jpg
13087,train,15,Q,Q179.jpg
13088,train,15,Q,Q637.jpg
3158,val,15,Q,Q1327.jpg
13089,train,15,Q,Q1441.jpg
13090,train,15,Q,Q2148.jpg
13091,train,15,Q,Q151.jpg
13092,train,15,Q,Q145.jpg
13093,train,15,Q,Q1455.jpg
13094,train,15,Q,Q1333.jpg
3159,val,15,Q,Q623.jpg
13095,train,15,Q,Q1864.jpg
13096,train,15,Q,Q1870.jpg
3160,val,15,Q,Q1858.jpg
13097,train,15,Q,Q1680.jpg
13098,train,15,Q,Q2389.jpg
13099,train,15,Q,Q390.jpg
3161,val,15,Q,Q384.jpg
13100,train,15,Q,Q1694.jpg
13101,train,15,Q,Q2376.jpg
13102,train,15,Q,Q2410.jpg
3162,val,15,Q,Q409.jpg
13103,train,15,Q,Q1119.jpg
13104,train,15,Q,Q2362.jpg
13105,train,15,Q,Q353.jpg
13106,train,15,Q,Q1643.jpg
13107,train,15,Q,Q1125.jpg
13108,train,15,Q,Q435.jpg
3163,val,15,Q,Q2438.jpg
13109,train,15,Q,Q421.jpg
13110,train,15,Q,Q1131.jpg
13111,train,15,Q,Q1657.jpg
13112,train,15,Q,Q347.jpg
3164,val,15,Q,Q1910.jpg
13113,train,15,Q,Q1904.jpg
3165,val,15,Q,Q582.jpg
13114,train,15,Q,Q1092.jpg
13115,train,15,Q,Q1086.jpg
13116,train,15,Q,Q596.jpg
13117,train,15,Q,Q1938.jpg
3166,val,15,Q,Q1079.jpg
3167,val,15,Q,Q569.jpg
13118,train,15,Q,Q227.jpg
3168,val,15,Q,Q1737.jpg
3169,val,15,Q,Q1051.jpg
13119,train,15,Q,Q541.jpg
3170,val,15,Q,Q555.jpg
13120,train,15,Q,Q1045.jpg
13121,train,15,Q,Q1723.jpg
13122,train,15,Q,Q233.jpg
13123,train,15,Q,Q964.jpg
13124,train,15,Q,Q2969.jpg
13125,train,15,Q,Q970.jpg
13126,train,15,Q,Q1290.jpg
13127,train,15,Q,Q780.jpg
13128,train,15,Q,Q958.jpg
3171,val,15,Q,Q2955.jpg
13129,train,15,Q,Q794.jpg
13130,train,15,Q,Q1284.jpg
13131,train,15,Q,Q38.jpg
13132,train,15,Q,Q2000.jpg
13133,train,15,Q,Q1509.jpg
13134,train,15,Q,Q2014.jpg
3172,val,15,Q,Q2982.jpg
3173,val,15,Q,Q743.jpg
13135,train,15,Q,Q1253.jpg
13136,train,15,Q,Q1535.jpg
13137,train,15,Q,Q1521.jpg
3174,val,15,Q,Q1247.jpg
13138,train,15,Q,Q757.jpg
13139,train,15,Q,Q1537.jpg
13140,train,15,Q,Q1251.jpg
13141,train,15,Q,Q741.jpg
13142,train,15,Q,Q2980.jpg
13143,train,15,Q,Q999.jpg
13144,train,15,Q,Q755.jpg
13145,train,15,Q,Q1245.jpg
13146,train,15,Q,Q1523.jpg
13147,train,15,Q,Q12.jpg
13148,train,15,Q,Q2002.jpg
13149,train,15,Q,Q769.jpg
13150,train,15,Q,Q2016.jpg
3175,val,15,Q,Q782.jpg
3176,val,15,Q,Q1292.jpg
13151,train,15,Q,Q1286.jpg
13152,train,15,Q,Q796.jpg
13153,train,15,Q,Q2957.jpg
13154,train,15,Q,Q966.jpg
13155,train,15,Q,Q972.jpg
3177,val,15,Q,Q543.jpg
3178,val,15,Q,Q1053.jpg
3179,val,15,Q,Q1735.jpg
13156,train,15,Q,Q225.jpg
13157,train,15,Q,Q231.jpg
13158,train,15,Q,Q1721.jpg
3180,val,15,Q,Q1047.jpg
13159,train,15,Q,Q557.jpg
3181,val,15,Q,Q219.jpg
13160,train,15,Q,Q1709.jpg
13161,train,15,Q,Q1090.jpg
13162,train,15,Q,Q580.jpg
13163,train,15,Q,Q594.jpg
13164,train,15,Q,Q1084.jpg
13165,train,15,Q,Q1906.jpg
13166,train,15,Q,Q437.jpg
3182,val,15,Q,Q1127.jpg
13167,train,15,Q,Q1899.jpg
3183,val,15,Q,Q1641.jpg
13168,train,15,Q,Q2348.jpg
13169,train,15,Q,Q351.jpg
13170,train,15,Q,Q345.jpg
13171,train,15,Q,Q1655.jpg
13172,train,15,Q,Q1133.jpg
13173,train,15,Q,Q423.jpg
13174,train,15,Q,Q2374.jpg
3184,val,15,Q,Q1669.jpg
13175,train,15,Q,Q2360.jpg
13176,train,15,Q,Q379.jpg
3185,val,15,Q,Q392.jpg
13177,train,15,Q,Q1682.jpg
3186,val,15,Q,Q1696.jpg
3187,val,15,Q,Q386.jpg
13178,train,15,Q,Q1866.jpg
3188,val,15,Q,Q1872.jpg
3189,val,15,Q,Q153.jpg
3190,val,15,Q,Q1443.jpg
13179,train,15,Q,Q1325.jpg
13180,train,15,Q,Q635.jpg
13181,train,15,Q,Q621.jpg
3191,val,15,Q,Q1331.jpg
13182,train,15,Q,Q1457.jpg
3192,val,15,Q,Q147.jpg
13183,train,15,Q,Q2176.jpg
13184,train,15,Q,Q609.jpg
13185,train,15,Q,Q1319.jpg
13186,train,15,Q,Q2162.jpg
13187,train,15,Q,Q1480.jpg
13188,train,15,Q,Q2189.jpg
13189,train,15,Q,Q190.jpg
13190,train,15,Q,Q184.jpg
13191,train,15,Q,Q1494.jpg
13192,train,15,Q,Q812.jpg
3193,val,15,Q,Q806.jpg
13193,train,15,Q,Q807.jpg
13194,train,15,Q,Q813.jpg
13195,train,15,Q,Q1495.jpg
13196,train,15,Q,Q185.jpg
13197,train,15,Q,Q191.jpg
13198,train,15,Q,Q1481.jpg
13199,train,15,Q,Q2177.jpg
3194,val,15,Q,Q1318.jpg
13200,train,15,Q,Q608.jpg
13201,train,15,Q,Q1330.jpg
3195,val,15,Q,Q620.jpg
13202,train,15,Q,Q146.jpg
3196,val,15,Q,Q1456.jpg
13203,train,15,Q,Q1442.jpg
13204,train,15,Q,Q152.jpg
13205,train,15,Q,Q634.jpg
13206,train,15,Q,Q1324.jpg
3197,val,15,Q,Q1873.jpg
13207,train,15,Q,Q1867.jpg
13208,train,15,Q,Q387.jpg
13209,train,15,Q,Q1697.jpg
3198,val,15,Q,Q1683.jpg
13210,train,15,Q,Q393.jpg
13211,train,15,Q,Q378.jpg
3199,val,15,Q,Q2361.jpg
13212,train,15,Q,Q1668.jpg
13213,train,15,Q,Q2375.jpg
13214,train,15,Q,Q1654.jpg
13215,train,15,Q,Q344.jpg
13216,train,15,Q,Q422.jpg
13217,train,15,Q,Q1132.jpg
13218,train,15,Q,Q1126.jpg
13219,train,15,Q,Q436.jpg
13220,train,15,Q,Q350.jpg
13221,train,15,Q,Q1640.jpg
3200,val,15,Q,Q1898.jpg
3201,val,15,Q,Q1907.jpg
13222,train,15,Q,Q1913.jpg
3202,val,15,Q,Q1085.jpg
13223,train,15,Q,Q595.jpg
13224,train,15,Q,Q581.jpg
3203,val,15,Q,Q1091.jpg
13225,train,15,Q,Q1708.jpg
13226,train,15,Q,Q218.jpg
3204,val,15,Q,Q1720.jpg
13227,train,15,Q,Q2229.jpg
13228,train,15,Q,Q230.jpg
13229,train,15,Q,Q556.jpg
13230,train,15,Q,Q1046.jpg
13231,train,15,Q,Q1052.jpg
13232,train,15,Q,Q542.jpg
13233,train,15,Q,Q224.jpg
3205,val,15,Q,Q1734.jpg
3206,val,15,Q,Q973.jpg
13234,train,15,Q,Q967.jpg
13235,train,15,Q,Q797.jpg
13236,train,15,Q,Q1293.jpg
13237,train,15,Q,Q783.jpg
13238,train,15,Q,Q768.jpg
13239,train,15,Q,Q1278.jpg
13240,train,15,Q,Q2017.jpg
13241,train,15,Q,Q2003.jpg
13242,train,15,Q,Q1244.jpg
13243,train,15,Q,Q2995.jpg
13244,train,15,Q,Q754.jpg
13245,train,15,Q,Q1522.jpg
13246,train,15,Q,Q1536.jpg
13247,train,15,Q,Q998.jpg
13248,train,15,Q,Q2981.jpg
13249,train,15,Q,Q740.jpg
13250,train,15,Q,Q1250.jpg
13251,train,15,Q,Q778.jpg
3207,val,15,Q,Q1268.jpg
13252,train,15,Q,Q2007.jpg
13253,train,15,Q,Q2013.jpg
13254,train,15,Q,Q1254.jpg
13255,train,15,Q,Q2985.jpg
13256,train,15,Q,Q744.jpg
13257,train,15,Q,Q1532.jpg
13258,train,15,Q,Q1526.jpg
3208,val,15,Q,Q2991.jpg
13259,train,15,Q,Q750.jpg
13260,train,15,Q,Q988.jpg
13261,train,15,Q,Q1240.jpg
13262,train,15,Q,Q963.jpg
13263,train,15,Q,Q977.jpg
13264,train,15,Q,Q2946.jpg
13265,train,15,Q,Q787.jpg
13266,train,15,Q,Q1297.jpg
13267,train,15,Q,Q1283.jpg
13268,train,15,Q,Q2952.jpg
13269,train,15,Q,Q793.jpg
13270,train,15,Q,Q1718.jpg
13271,train,15,Q,Q208.jpg
13272,train,15,Q,Q1730.jpg
3209,val,15,Q,Q220.jpg
13273,train,15,Q,Q546.jpg
13274,train,15,Q,Q1056.jpg
13275,train,15,Q,Q1042.jpg
13276,train,15,Q,Q552.jpg
13277,train,15,Q,Q234.jpg
3210,val,15,Q,Q1724.jpg
13278,train,15,Q,Q1917.jpg
13279,train,15,Q,Q1903.jpg
13280,train,15,Q,Q1095.jpg
13281,train,15,Q,Q585.jpg
13282,train,15,Q,Q591.jpg
13283,train,15,Q,Q2588.jpg
3211,val,15,Q,Q1081.jpg
13284,train,15,Q,Q2371.jpg
13285,train,15,Q,Q368.jpg
13286,train,15,Q,Q1678.jpg
13287,train,15,Q,Q2365.jpg
3212,val,15,Q,Q1644.jpg
13288,train,15,Q,Q354.jpg
13289,train,15,Q,Q432.jpg
3213,val,15,Q,Q1122.jpg
13290,train,15,Q,Q1136.jpg
13291,train,15,Q,Q426.jpg
13292,train,15,Q,Q2359.jpg
3214,val,15,Q,Q340.jpg
3215,val,15,Q,Q1888.jpg
13293,train,15,Q,Q1650.jpg
13294,train,15,Q,Q1863.jpg
13295,train,15,Q,Q1877.jpg
13296,train,15,Q,Q397.jpg
3216,val,15,Q,Q1687.jpg
13297,train,15,Q,Q1693.jpg
13298,train,15,Q,Q383.jpg
13299,train,15,Q,Q2173.jpg
13300,train,15,Q,Q2167.jpg
3217,val,15,Q,Q1308.jpg
3218,val,15,Q,Q618.jpg
13301,train,15,Q,Q1320.jpg
13302,train,15,Q,Q630.jpg
13303,train,15,Q,Q156.jpg
13304,train,15,Q,Q1446.jpg
13305,train,15,Q,Q1452.jpg
13306,train,15,Q,Q142.jpg
13307,train,15,Q,Q624.jpg
13308,train,15,Q,Q1334.jpg
3219,val,15,Q,Q817.jpg
13309,train,15,Q,Q803.jpg
13310,train,15,Q,Q1485.jpg
13311,train,15,Q,Q195.jpg
13312,train,15,Q,Q181.jpg
13313,train,15,Q,Q1491.jpg
13314,train,15,Q,Q1490.jpg
13315,train,15,Q,Q180.jpg
13316,train,15,Q,Q194.jpg
13317,train,15,Q,Q1484.jpg
13318,train,15,Q,Q802.jpg
13319,train,15,Q,Q816.jpg
13320,train,15,Q,Q143.jpg
13321,train,15,Q,Q1453.jpg
3220,val,15,Q,Q1335.jpg
13322,train,15,Q,Q625.jpg
13323,train,15,Q,Q631.jpg
13324,train,15,Q,Q1321.jpg
13325,train,15,Q,Q1447.jpg
13326,train,15,Q,Q157.jpg
13327,train,15,Q,Q619.jpg
3221,val,15,Q,Q1309.jpg
13328,train,15,Q,Q382.jpg
3222,val,15,Q,Q1692.jpg
13329,train,15,Q,Q1686.jpg
3223,val,15,Q,Q396.jpg
13330,train,15,Q,Q1876.jpg
13331,train,15,Q,Q1862.jpg
13332,train,15,Q,Q427.jpg
13333,train,15,Q,Q1137.jpg
3224,val,15,Q,Q1651.jpg
13334,train,15,Q,Q1889.jpg
13335,train,15,Q,Q341.jpg
3225,val,15,Q,Q2358.jpg
13336,train,15,Q,Q355.jpg
3226,val,15,Q,Q1645.jpg
3227,val,15,Q,Q1123.jpg
13337,train,15,Q,Q433.jpg
3228,val,15,Q,Q2402.jpg
13338,train,15,Q,Q2364.jpg
13339,train,15,Q,Q1679.jpg
13340,train,15,Q,Q369.jpg
13341,train,15,Q,Q2370.jpg
13342,train,15,Q,Q1080.jpg
13343,train,15,Q,Q2589.jpg
13344,train,15,Q,Q590.jpg
13345,train,15,Q,Q9.jpg
13346,train,15,Q,Q584.jpg
3229,val,15,Q,Q1094.jpg
13347,train,15,Q,Q1902.jpg
13348,train,15,Q,Q1916.jpg
3230,val,15,Q,Q553.jpg
13349,train,15,Q,Q1043.jpg
13350,train,15,Q,Q1725.jpg
3231,val,15,Q,Q235.jpg
3232,val,15,Q,Q221.jpg
13351,train,15,Q,Q1731.jpg
13352,train,15,Q,Q1057.jpg
13353,train,15,Q,Q547.jpg
13354,train,15,Q,Q209.jpg
13355,train,15,Q,Q1719.jpg
13356,train,15,Q,Q792.jpg
3233,val,15,Q,Q2953.jpg
13357,train,22,X,X2459.jpg
13358,train,22,X,X1150.jpg
13359,train,22,X,X711.jpg
13360,train,22,X,X1636.jpg
3234,val,22,X,X705.jpg
3235,val,22,X,X1622.jpg
13361,train,22,X,X1144.jpg
3236,val,22,X,X2465.jpg
13362,train,22,X,X739.jpg
13363,train,22,X,X2471.jpg
13364,train,22,X,X1178.jpg
13365,train,22,X,X1193.jpg
13366,train,22,X,X1839.jpg
13367,train,22,X,X1187.jpg
3237,val,22,X,X936.jpg
13368,train,22,X,X1811.jpg
13369,train,22,X,X922.jpg
13370,train,22,X,X1805.jpg
13371,train,22,X,X1434.jpg
13372,train,22,X,X513.jpg
3238,val,22,X,X275.jpg
13373,train,22,X,X1352.jpg
3239,val,22,X,X261.jpg
13374,train,22,X,X1346.jpg
13375,train,22,X,X1420.jpg
13376,train,22,X,X507.jpg
13377,train,22,X,X2129.jpg
13378,train,22,X,X1408.jpg
13379,train,22,X,X2101.jpg
13380,train,22,X,X249.jpg
13381,train,22,X,X2673.jpg
13382,train,22,X,X2115.jpg
3240,val,22,X,X2698.jpg
13383,train,22,X,X1391.jpg
13384,train,22,X,X1385.jpg
13385,train,22,X,X2049.jpg
13386,train,22,X,X467.jpg
3241,val,22,X,X1540.jpg
3242,val,22,X,X1226.jpg
13387,train,22,X,X301.jpg
3243,val,22,X,X1232.jpg
13388,train,22,X,X315.jpg
13389,train,22,X,X473.jpg
13390,train,22,X,X1554.jpg
13391,train,22,X,X329.jpg
13392,train,22,X,X2061.jpg
13393,train,22,X,X1568.jpg
13394,train,22,X,X1583.jpg
13395,train,22,X,X1597.jpg
13396,train,22,X,X498.jpg
13397,train,22,X,X1024.jpg
13398,train,22,X,X1742.jpg
3244,val,22,X,X665.jpg
13399,train,22,X,X1756.jpg
3245,val,22,X,X671.jpg
13400,train,22,X,X1030.jpg
13401,train,22,X,X1018.jpg
3246,val,22,X,X881.jpg
13402,train,22,X,X659.jpg
13403,train,22,X,X895.jpg
13404,train,22,X,X1959.jpg
13405,train,22,X,X1781.jpg
13406,train,22,X,X1795.jpg
13407,train,22,X,X1965.jpg
13408,train,22,X,X842.jpg
13409,train,22,X,X1971.jpg
13410,train,22,X,X856.jpg
13411,train,22,X,X857.jpg
13412,train,22,X,X1970.jpg
13413,train,22,X,X843.jpg
3247,val,22,X,X1964.jpg
13414,train,22,X,X1794.jpg
3248,val,22,X,X1780.jpg
13415,train,22,X,X1958.jpg
13416,train,22,X,X894.jpg
13417,train,22,X,X1019.jpg
13418,train,22,X,X658.jpg
3249,val,22,X,X880.jpg
3250,val,22,X,X670.jpg
13419,train,22,X,X1757.jpg
13420,train,22,X,X1031.jpg
13421,train,22,X,X116.jpg
13422,train,22,X,X1025.jpg
13423,train,22,X,X664.jpg
13424,train,22,X,X1743.jpg
13425,train,22,X,X499.jpg
13426,train,22,X,X1596.jpg
3251,val,22,X,X1582.jpg
13427,train,22,X,X2706.jpg
13428,train,22,X,X328.jpg
3252,val,22,X,X1569.jpg
13429,train,22,X,X2060.jpg
13430,train,22,X,X2074.jpg
13431,train,22,X,X314.jpg
13432,train,22,X,X1233.jpg
3253,val,22,X,X1555.jpg
13433,train,22,X,X472.jpg
13434,train,22,X,X1541.jpg
13435,train,22,X,X466.jpg
3254,val,22,X,X2048.jpg
13436,train,22,X,X300.jpg
13437,train,22,X,X1227.jpg
13438,train,22,X,X1384.jpg
13439,train,22,X,X1390.jpg
13440,train,22,X,X2699.jpg
3255,val,22,X,X2672.jpg
3256,val,22,X,X2114.jpg
13441,train,22,X,X2100.jpg
13442,train,22,X,X1409.jpg
13443,train,22,X,X248.jpg
13444,train,22,X,X1347.jpg
3257,val,22,X,X260.jpg
13445,train,22,X,X2128.jpg
13446,train,22,X,X506.jpg
13447,train,22,X,X1421.jpg
13448,train,22,X,X512.jpg
13449,train,22,X,X1435.jpg
13450,train,22,X,X1353.jpg
13451,train,22,X,X1804.jpg
13452,train,22,X,X923.jpg
13453,train,22,X,X1810.jpg
3258,val,22,X,X937.jpg
13454,train,22,X,X1838.jpg
3259,val,22,X,X1186.jpg
13455,train,22,X,X1192.jpg
13456,train,22,X,X738.jpg
13457,train,22,X,X1179.jpg
13458,train,22,X,X2470.jpg
13459,train,22,X,X2464.jpg
3260,val,22,X,X1623.jpg
13460,train,22,X,X704.jpg
13461,train,22,X,X1145.jpg
13462,train,22,X,X1151.jpg
13463,train,22,X,X2458.jpg
13464,train,22,X,X1637.jpg
13465,train,22,X,X710.jpg
13466,train,22,X,X1147.jpg
3261,val,22,X,X706.jpg
13467,train,22,X,X1621.jpg
13468,train,22,X,X712.jpg
3262,val,22,X,X1635.jpg
13469,train,22,X,X1153.jpg
13470,train,22,X,X2472.jpg
13471,train,22,X,X2300.jpg
13472,train,22,X,X1609.jpg
3263,val,22,X,X2466.jpg
13473,train,22,X,X1184.jpg
3264,val,22,X,X909.jpg
13474,train,22,X,X1190.jpg
13475,train,22,X,X2499.jpg
13476,train,22,X,X921.jpg
13477,train,22,X,X1806.jpg
3265,val,22,X,X935.jpg
13478,train,22,X,X1812.jpg
13479,train,22,X,X1423.jpg
3266,val,22,X,X504.jpg
13480,train,22,X,X262.jpg
3267,val,22,X,X1345.jpg
13481,train,22,X,X276.jpg
13482,train,22,X,X1351.jpg
13483,train,22,X,X1437.jpg
13484,train,22,X,X510.jpg
13485,train,22,X,X2116.jpg
3268,val,22,X,X538.jpg
13486,train,22,X,X1379.jpg
13487,train,22,X,X2670.jpg
13488,train,22,X,X2102.jpg
13489,train,22,X,X1386.jpg
13490,train,22,X,X1392.jpg
3269,val,22,X,X289.jpg
13491,train,22,X,X470.jpg
13492,train,22,X,X1557.jpg
13493,train,22,X,X1231.jpg
13494,train,22,X,X316.jpg
13495,train,22,X,X1225.jpg
13496,train,22,X,X302.jpg
13497,train,22,X,X464.jpg
13498,train,22,X,X1543.jpg
13499,train,22,X,X2062.jpg
3270,val,22,X,X2704.jpg
3271,val,22,X,X1219.jpg
13500,train,22,X,X458.jpg
13501,train,22,X,X1594.jpg
13502,train,22,X,X1580.jpg
3272,val,22,X,X2089.jpg
13503,train,22,X,X1033.jpg
13504,train,22,X,X1755.jpg
13505,train,22,X,X672.jpg
13506,train,22,X,X1741.jpg
13507,train,22,X,X666.jpg
13508,train,22,X,X2248.jpg
3273,val,22,X,X1027.jpg
13509,train,22,X,X896.jpg
13510,train,22,X,X1769.jpg
3274,val,22,X,X2260.jpg
13511,train,22,X,X882.jpg
13512,train,22,X,X1796.jpg
13513,train,22,X,X869.jpg
13514,train,22,X,X1782.jpg
13515,train,22,X,X1972.jpg
13516,train,22,X,X855.jpg
13517,train,22,X,X699.jpg
13518,train,22,X,X1966.jpg
13519,train,22,X,X841.jpg
13520,train,22,X,X840.jpg
13521,train,22,X,X698.jpg
13522,train,22,X,X1967.jpg
13523,train,22,X,X854.jpg
13524,train,22,X,X1783.jpg
13525,train,22,X,X1797.jpg
13526,train,22,X,X868.jpg
13527,train,22,X,X883.jpg
13528,train,22,X,X129.jpg
13529,train,22,X,X897.jpg
13530,train,22,X,X1768.jpg
13531,train,22,X,X2249.jpg
13532,train,22,X,X667.jpg
13533,train,22,X,X1740.jpg
13534,train,22,X,X1026.jpg
3275,val,22,X,X1032.jpg
13535,train,22,X,X673.jpg
13536,train,22,X,X1754.jpg
13537,train,22,X,X1581.jpg
13538,train,22,X,X1595.jpg
13539,train,22,X,X1218.jpg
3276,val,22,X,X459.jpg
13540,train,22,X,X2705.jpg
3277,val,22,X,X303.jpg
13541,train,22,X,X1224.jpg
3278,val,22,X,X1542.jpg
13542,train,22,X,X465.jpg
13543,train,22,X,X1556.jpg
3279,val,22,X,X471.jpg
3280,val,22,X,X317.jpg
13544,train,22,X,X1230.jpg
13545,train,22,X,X288.jpg
13546,train,22,X,X1393.jpg
13547,train,22,X,X1387.jpg
13548,train,22,X,X2103.jpg
3281,val,22,X,X539.jpg
13549,train,22,X,X2117.jpg
13550,train,22,X,X2671.jpg
13551,train,22,X,X1378.jpg
13552,train,22,X,X1350.jpg
13553,train,22,X,X511.jpg
13554,train,22,X,X1436.jpg
13555,train,22,X,X505.jpg
3282,val,22,X,X1422.jpg
13556,train,22,X,X1344.jpg
13557,train,22,X,X263.jpg
13558,train,22,X,X1813.jpg
13559,train,22,X,X934.jpg
13560,train,22,X,X1807.jpg
13561,train,22,X,X920.jpg
13562,train,22,X,X908.jpg
13563,train,22,X,X2498.jpg
13564,train,22,X,X1191.jpg
13565,train,22,X,X1185.jpg
13566,train,22,X,X1608.jpg
3283,val,22,X,X2467.jpg
13567,train,22,X,X2473.jpg
13568,train,22,X,X1634.jpg
13569,train,22,X,X713.jpg
13570,train,22,X,X1152.jpg
13571,train,22,X,X1146.jpg
13572,train,22,X,X1620.jpg
13573,train,22,X,X707.jpg
3284,val,22,X,X1618.jpg
13574,train,22,X,X2477.jpg
13575,train,22,X,X2463.jpg
13576,train,22,X,X703.jpg
13577,train,22,X,X1624.jpg
13578,train,22,X,X1142.jpg
13579,train,22,X,X1156.jpg
13580,train,22,X,X717.jpg
13581,train,22,X,X1630.jpg
13582,train,22,X,X924.jpg
13583,train,22,X,X1803.jpg
13584,train,22,X,X930.jpg
13585,train,22,X,X1817.jpg
13586,train,22,X,X918.jpg
13587,train,22,X,X2488.jpg
13588,train,22,X,X1181.jpg
13589,train,22,X,X1195.jpg
13590,train,22,X,X2675.jpg
13591,train,22,X,X2113.jpg
13592,train,22,X,X529.jpg
13593,train,22,X,X2107.jpg
13594,train,22,X,X1368.jpg
13595,train,22,X,X267.jpg
13596,train,22,X,X1340.jpg
13597,train,22,X,X1426.jpg
3285,val,22,X,X501.jpg
13598,train,22,X,X1432.jpg
13599,train,22,X,X515.jpg
13600,train,22,X,X273.jpg
13601,train,22,X,X1354.jpg
13602,train,22,X,X1383.jpg
13603,train,22,X,X1397.jpg
3286,val,22,X,X1208.jpg
13604,train,22,X,X2701.jpg
3287,val,22,X,X2067.jpg
13605,train,22,X,X449.jpg
13606,train,22,X,X2073.jpg
3288,val,22,X,X1234.jpg
13607,train,22,X,X313.jpg
13608,train,22,X,X475.jpg
13609,train,22,X,X1552.jpg
13610,train,22,X,X461.jpg
13611,train,22,X,X1546.jpg
3289,val,22,X,X1220.jpg
13612,train,22,X,X307.jpg
13613,train,22,X,X2098.jpg
13614,train,22,X,X1591.jpg
3290,val,22,X,X1585.jpg
13615,train,22,X,X893.jpg
13616,train,22,X,X139.jpg
13617,train,22,X,X887.jpg
13618,train,22,X,X1778.jpg
13619,train,22,X,X2259.jpg
13620,train,22,X,X1750.jpg
3291,val,22,X,X677.jpg
13621,train,22,X,X1036.jpg
13622,train,22,X,X1022.jpg
13623,train,22,X,X1744.jpg
13624,train,22,X,X663.jpg
13625,train,22,X,X688.jpg
13626,train,22,X,X1977.jpg
3292,val,22,X,X850.jpg
13627,train,22,X,X1963.jpg
13628,train,22,X,X844.jpg
3293,val,22,X,X1793.jpg
13629,train,22,X,X1787.jpg
13630,train,22,X,X878.jpg
13631,train,22,X,X1786.jpg
13632,train,22,X,X879.jpg
13633,train,22,X,X1792.jpg
13634,train,22,X,X845.jpg
13635,train,22,X,X1962.jpg
13636,train,22,X,X851.jpg
13637,train,22,X,X689.jpg
13638,train,22,X,X1023.jpg
13639,train,22,X,X662.jpg
13640,train,22,X,X1745.jpg
13641,train,22,X,X1989.jpg
13642,train,22,X,X676.jpg
13643,train,22,X,X1751.jpg
13644,train,22,X,X2258.jpg
13645,train,22,X,X1037.jpg
13646,train,22,X,X138.jpg
13647,train,22,X,X886.jpg
3294,val,22,X,X1779.jpg
13648,train,22,X,X892.jpg
13649,train,22,X,X1584.jpg
13650,train,22,X,X1590.jpg
13651,train,22,X,X2099.jpg
13652,train,22,X,X1547.jpg
13653,train,22,X,X460.jpg
13654,train,22,X,X306.jpg
3295,val,22,X,X1221.jpg
13655,train,22,X,X312.jpg
13656,train,22,X,X1235.jpg
13657,train,22,X,X1553.jpg
13658,train,22,X,X474.jpg
13659,train,22,X,X2072.jpg
3296,val,22,X,X2700.jpg
13660,train,22,X,X1209.jpg
13661,train,22,X,X448.jpg
13662,train,22,X,X2066.jpg
3297,val,22,X,X1396.jpg
13663,train,22,X,X1382.jpg
13664,train,22,X,X299.jpg
3298,val,22,X,X514.jpg
13665,train,22,X,X1433.jpg
13666,train,22,X,X1355.jpg
13667,train,22,X,X272.jpg
13668,train,22,X,X1341.jpg
13669,train,22,X,X266.jpg
13670,train,22,X,X500.jpg
3299,val,22,X,X1427.jpg
13671,train,22,X,X2106.jpg
13672,train,22,X,X528.jpg
13673,train,22,X,X1369.jpg
3300,val,22,X,X2674.jpg
13674,train,22,X,X2112.jpg
13675,train,22,X,X1194.jpg
3301,val,22,X,X919.jpg
13676,train,22,X,X1180.jpg
3302,val,22,X,X2489.jpg
13677,train,22,X,X1816.jpg
13678,train,22,X,X931.jpg
3303,val,22,X,X1802.jpg
13679,train,22,X,X925.jpg
13680,train,22,X,X1157.jpg
13681,train,22,X,X1631.jpg
13682,train,22,X,X716.jpg
13683,train,22,X,X1625.jpg
13684,train,22,X,X702.jpg
13685,train,22,X,X1143.jpg
13686,train,22,X,X2462.jpg
13687,train,22,X,X2304.jpg
13688,train,22,X,X1619.jpg
13689,train,22,X,X2476.jpg
13690,train,22,X,X2306.jpg
3304,val,22,X,X728.jpg
13691,train,22,X,X1169.jpg
13692,train,22,X,X2460.jpg
3305,val,22,X,X2474.jpg
3306,val,22,X,X714.jpg
13693,train,22,X,X1633.jpg
13694,train,22,X,X1155.jpg
13695,train,22,X,X1141.jpg
13696,train,22,X,X2448.jpg
13697,train,22,X,X700.jpg
13698,train,22,X,X1627.jpg
13699,train,22,X,X933.jpg
3307,val,22,X,X1814.jpg
13700,train,22,X,X36.jpg
13701,train,22,X,X927.jpg
3308,val,22,X,X1800.jpg
13702,train,22,X,X1828.jpg
13703,train,22,X,X1196.jpg
13704,train,22,X,X1182.jpg
13705,train,22,X,X2662.jpg
13706,train,22,X,X2104.jpg
3309,val,22,X,X2110.jpg
13707,train,22,X,X1419.jpg
13708,train,22,X,X258.jpg
13709,train,22,X,X2676.jpg
13710,train,22,X,X270.jpg
13711,train,22,X,X1357.jpg
13712,train,22,X,X2138.jpg
13713,train,22,X,X1431.jpg
13714,train,22,X,X516.jpg
13715,train,22,X,X1425.jpg
13716,train,22,X,X502.jpg
13717,train,22,X,X264.jpg
13718,train,22,X,X1343.jpg
13719,train,22,X,X1394.jpg
13720,train,22,X,X1380.jpg
13721,train,22,X,X2689.jpg
13722,train,22,X,X338.jpg
13723,train,22,X,X1579.jpg
13724,train,22,X,X2702.jpg
13725,train,22,X,X1223.jpg
13726,train,22,X,X304.jpg
13727,train,22,X,X462.jpg
13728,train,22,X,X1545.jpg
3310,val,22,X,X476.jpg
13729,train,22,X,X1551.jpg
3311,val,22,X,X2058.jpg
3312,val,22,X,X1237.jpg
13730,train,22,X,X310.jpg
13731,train,22,X,X489.jpg
13732,train,22,X,X1586.jpg
13733,train,22,X,X1592.jpg
3313,val,22,X,X884.jpg
13734,train,22,X,X2500.jpg
13735,train,22,X,X1009.jpg
13736,train,22,X,X890.jpg
13737,train,22,X,X648.jpg
13738,train,22,X,X1747.jpg
13739,train,22,X,X660.jpg
13740,train,22,X,X1021.jpg
3314,val,22,X,X1035.jpg
3315,val,22,X,X1753.jpg
13741,train,22,X,X674.jpg
13742,train,22,X,X1960.jpg
13743,train,22,X,X847.jpg
13744,train,22,X,X1974.jpg
13745,train,22,X,X853.jpg
13746,train,22,X,X1784.jpg
13747,train,22,X,X1948.jpg
13748,train,22,X,X1790.jpg
13749,train,22,X,X2298.jpg
13750,train,22,X,X1791.jpg
13751,train,22,X,X1949.jpg
3316,val,22,X,X1785.jpg
13752,train,22,X,X852.jpg
13753,train,22,X,X1975.jpg
13754,train,22,X,X846.jpg
13755,train,22,X,X1961.jpg
13756,train,22,X,X1034.jpg
13757,train,22,X,X675.jpg
13758,train,22,X,X1752.jpg
13759,train,22,X,X661.jpg
13760,train,22,X,X1746.jpg
13761,train,22,X,X1020.jpg
3317,val,22,X,X1008.jpg
13762,train,22,X,X2267.jpg
3318,val,22,X,X649.jpg
13763,train,22,X,X891.jpg
13764,train,22,X,X885.jpg
3319,val,22,X,X1593.jpg
13765,train,22,X,X1587.jpg
3320,val,22,X,X488.jpg
13766,train,22,X,X2059.jpg
13767,train,22,X,X1550.jpg
3321,val,22,X,X477.jpg
13768,train,22,X,X311.jpg
13769,train,22,X,X1236.jpg
3322,val,22,X,X305.jpg
3323,val,22,X,X1222.jpg
13770,train,22,X,X1544.jpg
13771,train,22,X,X463.jpg
13772,train,22,X,X2703.jpg
13773,train,22,X,X339.jpg
13774,train,22,X,X1578.jpg
13775,train,22,X,X2688.jpg
13776,train,22,X,X1381.jpg
13777,train,22,X,X1395.jpg
13778,train,22,X,X503.jpg
13779,train,22,X,X1424.jpg
13780,train,22,X,X1342.jpg
13781,train,22,X,X265.jpg
13782,train,22,X,X1356.jpg
13783,train,22,X,X271.jpg
13784,train,22,X,X517.jpg
13785,train,22,X,X1430.jpg
13786,train,22,X,X2139.jpg
13787,train,22,X,X1418.jpg
13788,train,22,X,X2111.jpg
3324,val,22,X,X2677.jpg
13789,train,22,X,X259.jpg
13790,train,22,X,X2663.jpg
13791,train,22,X,X2105.jpg
13792,train,22,X,X1183.jpg
13793,train,22,X,X1829.jpg
13794,train,22,X,X1197.jpg
3325,val,22,X,X1801.jpg
13795,train,22,X,X926.jpg
13796,train,22,X,X1815.jpg
13797,train,22,X,X932.jpg
13798,train,22,X,X2449.jpg
13799,train,22,X,X1140.jpg
13800,train,22,X,X1626.jpg
3326,val,22,X,X701.jpg
13801,train,22,X,X1632.jpg
13802,train,22,X,X715.jpg
3327,val,22,X,X1154.jpg
13803,train,22,X,X2475.jpg
13804,train,22,X,X729.jpg
3328,val,22,X,X2461.jpg
13805,train,22,X,X1168.jpg
3329,val,22,X,X772.jpg
13806,train,22,X,X1655.jpg
13807,train,22,X,X1133.jpg
3330,val,22,X,X1127.jpg
13808,train,22,X,X1899.jpg
3331,val,22,X,X766.jpg
13809,train,22,X,X1641.jpg
13810,train,22,X,X996.jpg
13811,train,22,X,X1669.jpg
13812,train,22,X,X2406.jpg
13813,train,22,X,X2412.jpg
3332,val,22,X,X982.jpg
13814,train,22,X,X1696.jpg
13815,train,22,X,X969.jpg
13816,train,22,X,X1682.jpg
13817,train,22,X,X955.jpg
13818,train,22,X,X1872.jpg
13819,train,22,X,X941.jpg
13820,train,22,X,X799.jpg
3333,val,22,X,X1866.jpg
13821,train,22,X,X216.jpg
3334,val,22,X,X1331.jpg
13822,train,22,X,X1457.jpg
13823,train,22,X,X570.jpg
13824,train,22,X,X1443.jpg
3335,val,22,X,X564.jpg
13825,train,22,X,X202.jpg
3336,val,22,X,X1325.jpg
3337,val,22,X,X2162.jpg
13826,train,22,X,X558.jpg
13827,train,22,X,X2176.jpg
13828,train,22,X,X1319.jpg
13829,train,22,X,X1494.jpg
13830,train,22,X,X1480.jpg
13831,train,22,X,X2189.jpg
13832,train,22,X,X1245.jpg
13833,train,22,X,X362.jpg
13834,train,22,X,X404.jpg
13835,train,22,X,X1523.jpg
3338,val,22,X,X410.jpg
13836,train,22,X,X1537.jpg
13837,train,22,X,X1251.jpg
13838,train,22,X,X376.jpg
13839,train,22,X,X1279.jpg
13840,train,22,X,X2016.jpg
3339,val,22,X,X438.jpg
13841,train,22,X,X2002.jpg
13842,train,22,X,X1286.jpg
13843,train,22,X,X1292.jpg
13844,train,22,X,X389.jpg
13845,train,22,X,X2228.jpg
13846,train,22,X,X1721.jpg
13847,train,22,X,X606.jpg
13848,train,22,X,X160.jpg
13849,train,22,X,X1047.jpg
13850,train,22,X,X174.jpg
3340,val,22,X,X1053.jpg
13851,train,22,X,X1735.jpg
13852,train,22,X,X612.jpg
3341,val,22,X,X2214.jpg
13853,train,22,X,X148.jpg
3342,val,22,X,X2200.jpg
13854,train,22,X,X1709.jpg
13855,train,22,X,X1084.jpg
13856,train,22,X,X1090.jpg
3343,val,22,X,X809.jpg
13857,train,22,X,X1906.jpg
3344,val,22,X,X821.jpg
3345,val,22,X,X1912.jpg
13858,train,22,X,X835.jpg
13859,train,22,X,X834.jpg
13860,train,22,X,X1913.jpg
13861,train,22,X,X820.jpg
13862,train,22,X,X1907.jpg
13863,train,22,X,X1091.jpg
3346,val,22,X,X808.jpg
13864,train,22,X,X1085.jpg
13865,train,22,X,X1708.jpg
3347,val,22,X,X2201.jpg
13866,train,22,X,X2215.jpg
13867,train,22,X,X1052.jpg
3348,val,22,X,X175.jpg
13868,train,22,X,X613.jpg
3349,val,22,X,X1734.jpg
13869,train,22,X,X607.jpg
3350,val,22,X,X1720.jpg
13870,train,22,X,X2229.jpg
3351,val,22,X,X1046.jpg
13871,train,22,X,X161.jpg
13872,train,22,X,X388.jpg
13873,train,22,X,X1293.jpg
13874,train,22,X,X1287.jpg
13875,train,22,X,X2003.jpg
3352,val,22,X,X1278.jpg
13876,train,22,X,X439.jpg
3353,val,22,X,X2017.jpg
13877,train,22,X,X1536.jpg
13878,train,22,X,X411.jpg
13879,train,22,X,X377.jpg
3354,val,22,X,X1250.jpg
13880,train,22,X,X363.jpg
13881,train,22,X,X1244.jpg
13882,train,22,X,X1522.jpg
13883,train,22,X,X405.jpg
3355,val,22,X,X2188.jpg
13884,train,22,X,X1481.jpg
13885,train,22,X,X2822.jpg
13886,train,22,X,X1495.jpg
3356,val,22,X,X2177.jpg
3357,val,22,X,X559.jpg
3358,val,22,X,X1318.jpg
13887,train,22,X,X2163.jpg
13888,train,22,X,X565.jpg
13889,train,22,X,X1442.jpg
13890,train,22,X,X1324.jpg
13891,train,22,X,X203.jpg
3359,val,22,X,X1330.jpg
13892,train,22,X,X217.jpg
13893,train,22,X,X571.jpg
3360,val,22,X,X1456.jpg
13894,train,22,X,X798.jpg
13895,train,22,X,X1867.jpg
13896,train,22,X,X940.jpg
13897,train,22,X,X1873.jpg
13898,train,22,X,X954.jpg
3361,val,22,X,X1683.jpg
13899,train,22,X,X1697.jpg
13900,train,22,X,X968.jpg
3362,val,22,X,X2413.jpg
13901,train,22,X,X983.jpg
13902,train,22,X,X2375.jpg
13903,train,22,X,X997.jpg
13904,train,22,X,X1668.jpg
13905,train,22,X,X2407.jpg
13906,train,22,X,X1126.jpg
3363,val,22,X,X1640.jpg
3364,val,22,X,X1898.jpg
13907,train,22,X,X767.jpg
13908,train,22,X,X1654.jpg
13909,train,22,X,X773.jpg
3365,val,22,X,X1132.jpg
13910,train,22,X,X765.jpg
3366,val,22,X,X1642.jpg
13911,train,22,X,X1124.jpg
13912,train,22,X,X1130.jpg
13913,train,22,X,X2439.jpg
13914,train,22,X,X771.jpg
13915,train,22,X,X1656.jpg
13916,train,22,X,X2377.jpg
13917,train,22,X,X759.jpg
3367,val,22,X,X981.jpg
13918,train,22,X,X1118.jpg
3368,val,22,X,X2411.jpg
13919,train,22,X,X2405.jpg
13920,train,22,X,X995.jpg
3369,val,22,X,X2388.jpg
13921,train,22,X,X1681.jpg
13922,train,22,X,X1859.jpg
13923,train,22,X,X1695.jpg
13924,train,22,X,X942.jpg
3370,val,22,X,X1865.jpg
13925,train,22,X,X956.jpg
13926,train,22,X,X1871.jpg
13927,train,22,X,X201.jpg
3371,val,22,X,X1326.jpg
3372,val,22,X,X2149.jpg
13928,train,22,X,X1440.jpg
13929,train,22,X,X567.jpg
13930,train,22,X,X1454.jpg
13931,train,22,X,X573.jpg
13932,train,22,X,X215.jpg
13933,train,22,X,X1332.jpg
13934,train,22,X,X2175.jpg
13935,train,22,X,X2161.jpg
13936,train,22,X,X1468.jpg
13937,train,22,X,X229.jpg
13938,train,22,X,X1483.jpg
13939,train,22,X,X1497.jpg
3373,val,22,X,X598.jpg
13940,train,22,X,X1252.jpg
13941,train,22,X,X375.jpg
3374,val,22,X,X413.jpg
13942,train,22,X,X1534.jpg
13943,train,22,X,X407.jpg
13944,train,22,X,X1520.jpg
13945,train,22,X,X2029.jpg
3375,val,22,X,X1246.jpg
13946,train,22,X,X361.jpg
13947,train,22,X,X349.jpg
13948,train,22,X,X1508.jpg
13949,train,22,X,X2001.jpg
13950,train,22,X,X2015.jpg
13951,train,22,X,X1291.jpg
13952,train,22,X,X1285.jpg
13953,train,22,X,X1736.jpg
13954,train,22,X,X611.jpg
13955,train,22,X,X177.jpg
13956,train,22,X,X1050.jpg
13957,train,22,X,X163.jpg
13958,train,22,X,X1044.jpg
13959,train,22,X,X1722.jpg
3376,val,22,X,X605.jpg
13960,train,22,X,X2203.jpg
13961,train,22,X,X1078.jpg
13962,train,22,X,X639.jpg
13963,train,22,X,X2217.jpg
13964,train,22,X,X1093.jpg
13965,train,22,X,X1087.jpg
3377,val,22,X,X1939.jpg
13966,train,22,X,X1911.jpg
13967,train,22,X,X836.jpg
3378,val,22,X,X188.jpg
3379,val,22,X,X1905.jpg
13968,train,22,X,X822.jpg
3380,val,22,X,X823.jpg
13969,train,22,X,X1904.jpg
13970,train,22,X,X837.jpg
13971,train,22,X,X1910.jpg
13972,train,22,X,X189.jpg
13973,train,22,X,X1086.jpg
13974,train,22,X,X1938.jpg
3381,val,22,X,X1092.jpg
3382,val,22,X,X1079.jpg
13975,train,22,X,X2216.jpg
13976,train,22,X,X638.jpg
3383,val,22,X,X2202.jpg
13977,train,22,X,X1045.jpg
13978,train,22,X,X162.jpg
3384,val,22,X,X604.jpg
13979,train,22,X,X1723.jpg
13980,train,22,X,X610.jpg
13981,train,22,X,X1737.jpg
3385,val,22,X,X1051.jpg
3386,val,22,X,X176.jpg
3387,val,22,X,X1284.jpg
13982,train,22,X,X1290.jpg
3388,val,22,X,X2014.jpg
13983,train,22,X,X348.jpg
13984,train,22,X,X2000.jpg
13985,train,22,X,X1509.jpg
3389,val,22,X,X2028.jpg
3390,val,22,X,X1521.jpg
13986,train,22,X,X406.jpg
3391,val,22,X,X360.jpg
13987,train,22,X,X1247.jpg
13988,train,22,X,X374.jpg
13989,train,22,X,X1253.jpg
13990,train,22,X,X1535.jpg
13991,train,22,X,X412.jpg
3392,val,22,X,X599.jpg
13992,train,22,X,X1496.jpg
13993,train,22,X,X1482.jpg
13994,train,22,X,X1469.jpg
13995,train,22,X,X2160.jpg
13996,train,22,X,X228.jpg
13997,train,22,X,X2174.jpg
13998,train,22,X,X572.jpg
13999,train,22,X,X1455.jpg
14000,train,22,X,X1333.jpg
3393,val,22,X,X214.jpg
14001,train,22,X,X1327.jpg
14002,train,22,X,X200.jpg
14003,train,22,X,X566.jpg
14004,train,22,X,X1441.jpg
3394,val,22,X,X2148.jpg
14005,train,22,X,X1870.jpg
3395,val,22,X,X957.jpg
14006,train,22,X,X1864.jpg
14007,train,22,X,X943.jpg
14008,train,22,X,X1694.jpg
14009,train,22,X,X1858.jpg
14010,train,22,X,X1680.jpg
14011,train,22,X,X2389.jpg
14012,train,22,X,X2404.jpg
3396,val,22,X,X994.jpg
14013,train,22,X,X980.jpg
14014,train,22,X,X758.jpg
14015,train,22,X,X2376.jpg
14016,train,22,X,X2410.jpg
14017,train,22,X,X1119.jpg
14018,train,22,X,X2438.jpg
3397,val,22,X,X1131.jpg
14019,train,22,X,X1657.jpg
14020,train,22,X,X770.jpg
14021,train,22,X,X1643.jpg
3398,val,22,X,X764.jpg
14022,train,22,X,X1125.jpg
3399,val,22,X,X2414.jpg
14023,train,22,X,X984.jpg
14024,train,22,X,X748.jpg
14025,train,22,X,X990.jpg
14026,train,22,X,X2400.jpg
14027,train,22,X,X1109.jpg
3400,val,22,X,X2428.jpg
3401,val,22,X,X1121.jpg
3402,val,22,X,X760.jpg
14028,train,22,X,X1647.jpg
14029,train,22,X,X774.jpg
14030,train,22,X,X1653.jpg
14031,train,22,X,X1135.jpg
14032,train,22,X,X947.jpg
14033,train,22,X,X1860.jpg
14034,train,22,X,X953.jpg
14035,train,22,X,X1874.jpg
14036,train,22,X,X1684.jpg
14037,train,22,X,X1690.jpg
14038,train,22,X,X1848.jpg
14039,train,22,X,X2399.jpg
14040,train,22,X,X1479.jpg
14041,train,22,X,X2170.jpg
14042,train,22,X,X238.jpg
14043,train,22,X,X2164.jpg
14044,train,22,X,X1445.jpg
3403,val,22,X,X562.jpg
14045,train,22,X,X204.jpg
14046,train,22,X,X1323.jpg
14047,train,22,X,X210.jpg
14048,train,22,X,X1337.jpg
14049,train,22,X,X1451.jpg
14050,train,22,X,X576.jpg
14051,train,22,X,X2158.jpg
14052,train,22,X,X589.jpg
14053,train,22,X,X1486.jpg
14054,train,22,X,X1492.jpg
14055,train,22,X,X2004.jpg
14056,train,22,X,X358.jpg
14057,train,22,X,X2010.jpg
14058,train,22,X,X1519.jpg
14059,train,22,X,X2038.jpg
14060,train,22,X,X416.jpg
14061,train,22,X,X1531.jpg
3404,val,22,X,X1257.jpg
3405,val,22,X,X370.jpg
14062,train,22,X,X1243.jpg
14063,train,22,X,X364.jpg
14064,train,22,X,X402.jpg
14065,train,22,X,X1525.jpg
14066,train,22,X,X1294.jpg
3406,val,22,X,X1280.jpg
14067,train,22,X,X1069.jpg
14068,train,22,X,X2206.jpg
14069,train,22,X,X628.jpg
14070,train,22,X,X2212.jpg
14071,train,22,X,X172.jpg
3407,val,22,X,X1055.jpg
14072,train,22,X,X1733.jpg
14073,train,22,X,X614.jpg
14074,train,22,X,X1727.jpg
14075,train,22,X,X600.jpg
14076,train,22,X,X166.jpg
14077,train,22,X,X1041.jpg
14078,train,22,X,X1914.jpg
14079,train,22,X,X833.jpg
14080,train,22,X,X1900.jpg
14081,train,22,X,X827.jpg
14082,train,22,X,X199.jpg
14083,train,22,X,X1096.jpg
14084,train,22,X,X1928.jpg
14085,train,22,X,X1082.jpg
14086,train,22,X,X1083.jpg
14087,train,22,X,X1097.jpg
14088,train,22,X,X1929.jpg
14089,train,22,X,X826.jpg
14090,train,22,X,X1901.jpg
14091,train,22,X,X198.jpg
14092,train,22,X,X832.jpg
14093,train,22,X,X1915.jpg
14094,train,22,X,X601.jpg
3408,val,22,X,X1726.jpg
3409,val,22,X,X1040.jpg
14095,train,22,X,X167.jpg
14096,train,22,X,X1054.jpg
14097,train,22,X,X173.jpg
14098,train,22,X,X615.jpg
14099,train,22,X,X1732.jpg
14100,train,22,X,X2213.jpg
14101,train,22,X,X1068.jpg
14102,train,22,X,X629.jpg
14103,train,22,X,X2207.jpg
3410,val,22,X,X1281.jpg
14104,train,22,X,X1295.jpg
14105,train,22,X,X365.jpg
3411,val,22,X,X1242.jpg
14106,train,22,X,X1524.jpg
14107,train,22,X,X403.jpg
3412,val,22,X,X1530.jpg
14108,train,22,X,X417.jpg
14109,train,22,X,X2039.jpg
14110,train,22,X,X371.jpg
14111,train,22,X,X1256.jpg
14112,train,22,X,X359.jpg
14113,train,22,X,X1518.jpg
14114,train,22,X,X2011.jpg
14115,train,22,X,X2005.jpg
14116,train,22,X,X1493.jpg
14117,train,22,X,X1487.jpg
14118,train,22,X,X2818.jpg
3413,val,22,X,X588.jpg
3414,val,22,X,X1336.jpg
14119,train,22,X,X211.jpg
14120,train,22,X,X2159.jpg
14121,train,22,X,X577.jpg
14122,train,22,X,X1450.jpg
14123,train,22,X,X563.jpg
14124,train,22,X,X1444.jpg
14125,train,22,X,X1322.jpg
14126,train,22,X,X205.jpg
3415,val,22,X,X2165.jpg
14127,train,22,X,X2171.jpg
14128,train,22,X,X1478.jpg
14129,train,22,X,X239.jpg
14130,train,22,X,X2398.jpg
14131,train,22,X,X1849.jpg
14132,train,22,X,X1691.jpg
3416,val,22,X,X1685.jpg
14133,train,22,X,X1875.jpg
14134,train,22,X,X952.jpg
3417,val,22,X,X1861.jpg
3418,val,22,X,X946.jpg
3419,val,22,X,X1652.jpg
14135,train,22,X,X775.jpg
14136,train,22,X,X1134.jpg
14137,train,22,X,X1120.jpg
14138,train,22,X,X2429.jpg
14139,train,22,X,X1646.jpg
14140,train,22,X,X761.jpg
14141,train,22,X,X991.jpg
14142,train,22,X,X749.jpg
14143,train,22,X,X1108.jpg
14144,train,22,X,X2401.jpg
14145,train,22,X,X2415.jpg
14146,train,22,X,X985.jpg
14147,train,22,X,X2403.jpg
14148,train,22,X,X993.jpg
14149,train,22,X,X987.jpg
14150,train,22,X,X1678.jpg
14151,train,22,X,X2417.jpg
14152,train,22,X,X1136.jpg
14153,train,22,X,X2359.jpg
14154,train,22,X,X1888.jpg
14155,train,22,X,X777.jpg
14156,train,22,X,X1650.jpg
14157,train,22,X,X763.jpg
14158,train,22,X,X1644.jpg
14159,train,22,X,X1122.jpg
3420,val,22,X,X950.jpg
14160,train,22,X,X788.jpg
3421,val,22,X,X1877.jpg
14161,train,22,X,X944.jpg
3422,val,22,X,X1863.jpg
14162,train,22,X,X1693.jpg
14163,train,22,X,X1687.jpg
14164,train,22,X,X978.jpg
14165,train,22,X,X2167.jpg
3423,val,22,X,X549.jpg
14166,train,22,X,X1308.jpg
3424,val,4,E,E318.jpg
14167,train,4,E,E324.jpg
14168,train,4,E,E442.jpg
14169,train,4,E,E456.jpg
14170,train,4,E,E330.jpg
14171,train,4,E,E1383.jpg
14172,train,4,E,E1368.jpg
14173,train,4,E,E2107.jpg
14174,train,4,E,E2113.jpg
14175,train,4,E,E2885.jpg
3425,val,4,E,E1354.jpg
3426,val,4,E,E1432.jpg
14176,train,4,E,E481.jpg
14177,train,4,E,E495.jpg
14178,train,4,E,E1426.jpg
3427,val,4,E,E1340.jpg
3428,val,4,E,E2891.jpg
3429,val,4,E,E1817.jpg
14179,train,4,E,E1803.jpg
14180,train,4,E,E668.jpg
14181,train,4,E,E640.jpg
3430,val,4,E,E898.jpg
14182,train,4,E,E1195.jpg
14183,train,4,E,E1181.jpg
14184,train,4,E,E2488.jpg
14185,train,4,E,E654.jpg
14186,train,4,E,E867.jpg
14187,train,4,E,E2305.jpg
14188,train,4,E,E2463.jpg
14189,train,4,E,E2477.jpg
14190,train,4,E,E873.jpg
14191,train,4,E,E2311.jpg
14192,train,4,E,E1618.jpg
14193,train,4,E,E683.jpg
14194,train,4,E,E2339.jpg
14195,train,4,E,E1630.jpg
14196,train,4,E,E1156.jpg
14197,train,4,E,E1142.jpg
3431,val,4,E,E1624.jpg
14198,train,4,E,E697.jpg
14199,train,4,E,E708.jpg
3432,val,4,E,E1963.jpg
14200,train,4,E,E1977.jpg
14201,train,4,E,E1787.jpg
3433,val,4,E,E734.jpg
14202,train,4,E,E720.jpg
3434,val,4,E,E1793.jpg
14203,train,4,E,E1778.jpg
3435,val,4,E,E2271.jpg
3436,val,4,E,E913.jpg
14204,train,4,E,E2265.jpg
3437,val,4,E,E907.jpg
14205,train,4,E,E1744.jpg
3438,val,4,E,E1022.jpg
3439,val,4,E,E1036.jpg
14206,train,4,E,E1988.jpg
14207,train,4,E,E1750.jpg
14208,train,4,E,E2259.jpg
14209,train,4,E,E278.jpg
14210,train,4,E,E2932.jpg
14211,train,4,E,E536.jpg
14212,train,4,E,E1585.jpg
14213,train,4,E,E1591.jpg
14214,train,4,E,E522.jpg
3440,val,4,E,E2098.jpg
14215,train,4,E,E2926.jpg
14216,train,4,E,E2073.jpg
3441,val,4,E,E2067.jpg
14217,train,4,E,E1208.jpg
14218,train,4,E,E293.jpg
3442,val,4,E,E1220.jpg
14219,train,4,E,E1546.jpg
14220,train,4,E,E1552.jpg
14221,train,4,E,E1234.jpg
3443,val,4,E,E287.jpg
14222,train,4,E,E1553.jpg
14223,train,4,E,E286.jpg
3444,val,4,E,E1235.jpg
14224,train,4,E,E1221.jpg
14225,train,4,E,E292.jpg
14226,train,4,E,E1547.jpg
14227,train,4,E,E2066.jpg
14228,train,4,E,E1209.jpg
3445,val,4,E,E2072.jpg
14229,train,4,E,E2099.jpg
3446,val,4,E,E523.jpg
3447,val,4,E,E1590.jpg
14230,train,4,E,E2927.jpg
3448,val,4,E,E251.jpg
14231,train,4,E,E2933.jpg
3449,val,4,E,E1584.jpg
14232,train,4,E,E537.jpg
3450,val,4,E,E279.jpg
3451,val,4,E,E1037.jpg
14233,train,4,E,E2258.jpg
14234,train,4,E,E1751.jpg
14235,train,4,E,E1989.jpg
14236,train,4,E,E1745.jpg
14237,train,4,E,E1023.jpg
14238,train,4,E,E906.jpg
3452,val,4,E,E2264.jpg
3453,val,4,E,E912.jpg
14239,train,4,E,E2270.jpg
14240,train,4,E,E1779.jpg
14241,train,4,E,E1792.jpg
14242,train,4,E,E721.jpg
3454,val,4,E,E735.jpg
14243,train,4,E,E1786.jpg
14244,train,4,E,E1976.jpg
3455,val,4,E,E1962.jpg
14245,train,4,E,E709.jpg
14246,train,4,E,E1143.jpg
14247,train,4,E,E696.jpg
3456,val,4,E,E1625.jpg
14248,train,4,E,E1631.jpg
14249,train,4,E,E2338.jpg
14250,train,4,E,E682.jpg
14251,train,4,E,E1157.jpg
14252,train,4,E,E2476.jpg
14253,train,4,E,E1619.jpg
14254,train,4,E,E2310.jpg
14255,train,4,E,E872.jpg
14256,train,4,E,E2304.jpg
14257,train,4,E,E866.jpg
14258,train,4,E,E2462.jpg
14259,train,4,E,E2489.jpg
14260,train,4,E,E1180.jpg
3457,val,4,E,E655.jpg
14261,train,4,E,E899.jpg
14262,train,4,E,E641.jpg
3458,val,4,E,E1194.jpg
14263,train,4,E,E669.jpg
14264,train,4,E,E1802.jpg
14265,train,4,E,E1816.jpg
14266,train,4,E,E1427.jpg
14267,train,4,E,E494.jpg
14268,train,4,E,E2890.jpg
14269,train,4,E,E1341.jpg
14270,train,4,E,E1355.jpg
14271,train,4,E,E480.jpg
3459,val,4,E,E1433.jpg
14272,train,4,E,E2112.jpg
14273,train,4,E,E1369.jpg
3460,val,4,E,E2106.jpg
14274,train,4,E,E457.jpg
3461,val,4,E,E1382.jpg
14275,train,4,E,E331.jpg
14276,train,4,E,E325.jpg
14277,train,4,E,E1396.jpg
14278,train,4,E,E443.jpg
3462,val,4,E,E319.jpg
14279,train,4,E,E469.jpg
14280,train,4,E,E333.jpg
14281,train,4,E,E1380.jpg
3463,val,4,E,E455.jpg
14282,train,4,E,E441.jpg
14283,train,4,E,E1394.jpg
14284,train,4,E,E327.jpg
14285,train,4,E,E1419.jpg
14286,train,4,E,E2110.jpg
14287,train,4,E,E2104.jpg
14288,train,4,E,E1343.jpg
14289,train,4,E,E2892.jpg
14290,train,4,E,E496.jpg
14291,train,4,E,E1425.jpg
14292,train,4,E,E1431.jpg
3464,val,4,E,E2138.jpg
14293,train,4,E,E482.jpg
14294,train,4,E,E2886.jpg
3465,val,4,E,E1357.jpg
14295,train,4,E,E1800.jpg
14296,train,4,E,E119.jpg
14297,train,4,E,E1814.jpg
14298,train,4,E,E657.jpg
14299,train,4,E,E1182.jpg
3466,val,4,E,E1196.jpg
14300,train,4,E,E1828.jpg
14301,train,4,E,E643.jpg
14302,train,4,E,E870.jpg
14303,train,4,E,E2312.jpg
14304,train,4,E,E2474.jpg
14305,train,4,E,E2460.jpg
3467,val,4,E,E1169.jpg
14306,train,4,E,E864.jpg
14307,train,4,E,E2306.jpg
14308,train,4,E,E1627.jpg
14309,train,4,E,E694.jpg
14310,train,4,E,E2448.jpg
3468,val,4,E,E1141.jpg
14311,train,4,E,E1155.jpg
14312,train,4,E,E858.jpg
14313,train,4,E,E680.jpg
14314,train,4,E,E1633.jpg
14315,train,4,E,E1974.jpg
14316,train,4,E,E1960.jpg
14317,train,4,E,E2299.jpg
14318,train,4,E,E723.jpg
14319,train,4,E,E1790.jpg
14320,train,4,E,E1948.jpg
14321,train,4,E,E1784.jpg
14322,train,4,E,E737.jpg
14323,train,4,E,E2266.jpg
3469,val,4,E,E904.jpg
14324,train,4,E,E1009.jpg
14325,train,4,E,E2500.jpg
14326,train,4,E,E2272.jpg
14327,train,4,E,E910.jpg
14328,train,4,E,E1753.jpg
3470,val,4,E,E938.jpg
14329,train,4,E,E1035.jpg
3471,val,4,E,E1021.jpg
14330,train,4,E,E1747.jpg
14331,train,4,E,E2919.jpg
14332,train,4,E,E509.jpg
3472,val,4,E,E2925.jpg
14333,train,4,E,E1592.jpg
3473,val,4,E,E521.jpg
3474,val,4,E,E535.jpg
14334,train,4,E,E1586.jpg
3475,val,4,E,E2931.jpg
3476,val,4,E,E253.jpg
14335,train,4,E,E2064.jpg
14336,train,4,E,E2070.jpg
14337,train,4,E,E1579.jpg
14338,train,4,E,E1237.jpg
14339,train,4,E,E284.jpg
14340,train,4,E,E2058.jpg
14341,train,4,E,E1551.jpg
14342,train,4,E,E1545.jpg
14343,train,4,E,E290.jpg
3477,val,4,E,E1223.jpg
14344,train,4,E,E1544.jpg
14345,train,4,E,E1222.jpg
14346,train,4,E,E291.jpg
14347,train,4,E,E285.jpg
14348,train,4,E,E1236.jpg
14349,train,4,E,E1550.jpg
14350,train,4,E,E2059.jpg
14351,train,4,E,E1578.jpg
14352,train,4,E,E2071.jpg
14353,train,4,E,E2065.jpg
3478,val,4,E,E1587.jpg
14354,train,4,E,E534.jpg
14355,train,4,E,E252.jpg
3479,val,4,E,E2930.jpg
3480,val,4,E,E2924.jpg
14356,train,4,E,E520.jpg
3481,val,4,E,E1593.jpg
14357,train,4,E,E508.jpg
14358,train,4,E,E2918.jpg
14359,train,4,E,E1020.jpg
14360,train,4,E,E1746.jpg
14361,train,4,E,E939.jpg
3482,val,4,E,E1752.jpg
14362,train,4,E,E1034.jpg
14363,train,4,E,E911.jpg
14364,train,4,E,E2273.jpg
14365,train,4,E,E905.jpg
14366,train,4,E,E2267.jpg
14367,train,4,E,E1008.jpg
14368,train,4,E,E736.jpg
14369,train,4,E,E1785.jpg
3483,val,4,E,E1949.jpg
14370,train,4,E,E1791.jpg
3484,val,4,E,E722.jpg
14371,train,4,E,E2298.jpg
14372,train,4,E,E1975.jpg
14373,train,4,E,E1154.jpg
14374,train,4,E,E1632.jpg
14375,train,4,E,E681.jpg
14376,train,4,E,E859.jpg
14377,train,4,E,E695.jpg
14378,train,4,E,E1626.jpg
14379,train,4,E,E1140.jpg
3485,val,4,E,E2449.jpg
14380,train,4,E,E1168.jpg
3486,val,4,E,E2461.jpg
14381,train,4,E,E2307.jpg
14382,train,4,E,E865.jpg
14383,train,4,E,E2313.jpg
14384,train,4,E,E871.jpg
14385,train,4,E,E2475.jpg
14386,train,4,E,E1197.jpg
14387,train,4,E,E642.jpg
3487,val,4,E,E1829.jpg
14388,train,4,E,E656.jpg
14389,train,4,E,E1183.jpg
14390,train,4,E,E118.jpg
14391,train,4,E,E1815.jpg
14392,train,4,E,E1801.jpg
14393,train,4,E,E483.jpg
3488,val,4,E,E2139.jpg
14394,train,4,E,E1430.jpg
14395,train,4,E,E1356.jpg
14396,train,4,E,E2887.jpg
3489,val,4,E,E2893.jpg
3490,val,4,E,E1342.jpg
14397,train,4,E,E1424.jpg
14398,train,4,E,E497.jpg
3491,val,4,E,E2105.jpg
14399,train,4,E,E2111.jpg
14400,train,4,E,E1418.jpg
14401,train,4,E,E440.jpg
14402,train,4,E,E326.jpg
14403,train,4,E,E1395.jpg
14404,train,4,E,E1381.jpg
14405,train,4,E,E332.jpg
14406,train,4,E,E454.jpg
14407,train,4,E,E2878.jpg
14408,train,4,E,E468.jpg
14409,train,4,E,E450.jpg
14410,train,4,E,E336.jpg
14411,train,4,E,E1385.jpg
14412,train,4,E,E1391.jpg
14413,train,4,E,E322.jpg
14414,train,4,E,E444.jpg
14415,train,4,E,E478.jpg
3492,val,4,E,E493.jpg
3493,val,4,E,E2129.jpg
3494,val,4,E,E1420.jpg
14416,train,4,E,E1346.jpg
14417,train,4,E,E2897.jpg
14418,train,4,E,E1352.jpg
14419,train,4,E,E1434.jpg
14420,train,4,E,E487.jpg
14421,train,4,E,E2115.jpg
14422,train,4,E,E2101.jpg
14423,train,4,E,E1408.jpg
14424,train,4,E,E1187.jpg
14425,train,4,E,E652.jpg
3495,val,4,E,E1839.jpg
14426,train,4,E,E646.jpg
14427,train,4,E,E1193.jpg
14428,train,4,E,E108.jpg
14429,train,4,E,E1805.jpg
3496,val,4,E,E1811.jpg
14430,train,4,E,E1144.jpg
14431,train,4,E,E1622.jpg
14432,train,4,E,E849.jpg
14433,train,4,E,E691.jpg
14434,train,4,E,E685.jpg
3497,val,4,E,E1636.jpg
3498,val,4,E,E1150.jpg
14435,train,4,E,E2459.jpg
14436,train,4,E,E1178.jpg
14437,train,4,E,E2471.jpg
14438,train,4,E,E875.jpg
3499,val,4,E,E2317.jpg
14439,train,4,E,E861.jpg
3500,val,4,E,E2303.jpg
14440,train,4,E,E2465.jpg
14441,train,4,E,E726.jpg
14442,train,4,E,E1795.jpg
14443,train,4,E,E1781.jpg
14444,train,4,E,E1959.jpg
14445,train,4,E,E732.jpg
3501,val,4,E,E2288.jpg
14446,train,4,E,E1971.jpg
14447,train,4,E,E1965.jpg
3502,val,4,E,E1030.jpg
14448,train,4,E,E1756.jpg
14449,train,4,E,E929.jpg
3503,val,4,E,E1742.jpg
14450,train,4,E,E1024.jpg
14451,train,4,E,E2263.jpg
14452,train,4,E,E901.jpg
14453,train,4,E,E2277.jpg
3504,val,4,E,E915.jpg
14454,train,4,E,E1018.jpg
14455,train,4,E,E1597.jpg
14456,train,4,E,E524.jpg
14457,train,4,E,E2920.jpg
14458,train,4,E,E2934.jpg
14459,train,4,E,E256.jpg
14460,train,4,E,E530.jpg
3505,val,4,E,E1583.jpg
14461,train,4,E,E518.jpg
14462,train,4,E,E2908.jpg
14463,train,4,E,E1554.jpg
14464,train,4,E,E1232.jpg
14465,train,4,E,E281.jpg
3506,val,4,E,E295.jpg
3507,val,4,E,E1226.jpg
3508,val,4,E,E1540.jpg
14466,train,4,E,E2049.jpg
14467,train,4,E,E1568.jpg
14468,train,4,E,E2061.jpg
14469,train,4,E,E2075.jpg
14470,train,4,E,E2074.jpg
14471,train,4,E,E2060.jpg
14472,train,4,E,E1569.jpg
14473,train,4,E,E1227.jpg
3509,val,4,E,E294.jpg
14474,train,4,E,E2048.jpg
14475,train,4,E,E1541.jpg
14476,train,4,E,E1555.jpg
14477,train,4,E,E280.jpg
14478,train,4,E,E1233.jpg
3510,val,4,E,E2909.jpg
14479,train,4,E,E519.jpg
14480,train,4,E,E257.jpg
3511,val,4,E,E2935.jpg
14481,train,4,E,E1582.jpg
14482,train,4,E,E531.jpg
14483,train,4,E,E525.jpg
14484,train,4,E,E1596.jpg
14485,train,4,E,E2921.jpg
14486,train,4,E,E914.jpg
14487,train,4,E,E2276.jpg
14488,train,4,E,E1019.jpg
14489,train,4,E,E900.jpg
3512,val,4,E,E2262.jpg
14490,train,4,E,E1743.jpg
14491,train,4,E,E928.jpg
3513,val,4,E,E1025.jpg
14492,train,4,E,E1031.jpg
3514,val,4,E,E1757.jpg
14493,train,4,E,E1964.jpg
14494,train,4,E,E1970.jpg
14495,train,4,E,E2289.jpg
14496,train,4,E,E733.jpg
3515,val,4,E,E1958.jpg
14497,train,4,E,E1780.jpg
3516,val,4,E,E1794.jpg
14498,train,4,E,E727.jpg
14499,train,4,E,E2302.jpg
3517,val,4,E,E860.jpg
14500,train,4,E,E2464.jpg
3518,val,4,E,E2470.jpg
3519,val,4,E,E1179.jpg
14501,train,4,E,E2316.jpg
14502,train,4,E,E874.jpg
14503,train,4,E,E1637.jpg
14504,train,4,E,E684.jpg
3520,val,4,E,E2458.jpg
14505,train,4,E,E1151.jpg
3521,val,4,E,E1145.jpg
14506,train,4,E,E690.jpg
14507,train,4,E,E848.jpg
14508,train,4,E,E1623.jpg
14509,train,4,E,E1810.jpg
14510,train,4,E,E109.jpg
14511,train,4,E,E1804.jpg
14512,train,4,E,E647.jpg
14513,train,4,E,E1192.jpg
14514,train,4,E,E1186.jpg
14515,train,4,E,E1838.jpg
14516,train,4,E,E653.jpg
3522,val,4,E,E1409.jpg
14517,train,4,E,E2100.jpg
14518,train,4,E,E2114.jpg
14519,train,4,E,E1353.jpg
14520,train,4,E,E486.jpg
14521,train,4,E,E1435.jpg
3523,val,4,E,E1421.jpg
3524,val,4,E,E2128.jpg
14522,train,4,E,E492.jpg
14523,train,4,E,E2896.jpg
14524,train,4,E,E1347.jpg
14525,train,4,E,E479.jpg
14526,train,4,E,E323.jpg
14527,train,4,E,E1390.jpg
14528,train,4,E,E445.jpg
14529,train,4,E,E451.jpg
3525,val,4,E,E1384.jpg
14530,train,4,E,E337.jpg
14531,train,4,E,E447.jpg
14532,train,4,E,E1392.jpg
14533,train,4,E,E321.jpg
14534,train,4,E,E335.jpg
14535,train,4,E,E1386.jpg
14536,train,4,E,E453.jpg
14537,train,4,E,E309.jpg
14538,train,4,E,E1437.jpg
14539,train,4,E,E484.jpg
14540,train,4,E,E2880.jpg
14541,train,4,E,E1351.jpg
14542,train,4,E,E1345.jpg
14543,train,4,E,E2894.jpg
14544,train,4,E,E490.jpg
14545,train,4,E,E1423.jpg
14546,train,4,E,E2102.jpg
14547,train,4,E,E1379.jpg
14548,train,4,E,E2116.jpg
14549,train,4,E,E2499.jpg
14550,train,4,E,E1190.jpg
14551,train,4,E,E645.jpg
14552,train,4,E,E651.jpg
14553,train,4,E,E889.jpg
14554,train,4,E,E1184.jpg
14555,train,4,E,E679.jpg
14556,train,4,E,E1812.jpg
14557,train,4,E,E1806.jpg
14558,train,4,E,E1153.jpg
14559,train,4,E,E686.jpg
3526,val,4,E,E1635.jpg
14560,train,4,E,E1621.jpg
14561,train,4,E,E2328.jpg
14562,train,4,E,E692.jpg
3527,val,4,E,E1147.jpg
3528,val,4,E,E2466.jpg
3529,val,4,E,E1609.jpg
3530,val,4,E,E862.jpg
14563,train,4,E,E2300.jpg
14564,train,4,E,E876.jpg
14565,train,4,E,E2314.jpg
14566,train,4,E,E2472.jpg
3531,val,4,E,E1782.jpg
14567,train,4,E,E731.jpg
14568,train,4,E,E725.jpg
3532,val,4,E,E1796.jpg
3533,val,4,E,E1966.jpg
3534,val,4,E,E1972.jpg
14569,train,4,E,E719.jpg
14570,train,4,E,E1027.jpg
3535,val,4,E,E2248.jpg
14571,train,4,E,E1999.jpg
3536,val,4,E,E1741.jpg
14572,train,4,E,E1755.jpg
14573,train,4,E,E1033.jpg
14574,train,4,E,E2274.jpg
3537,val,4,E,E916.jpg
14575,train,4,E,E2260.jpg
14576,train,4,E,E902.jpg
14577,train,4,E,E1769.jpg
14578,train,4,E,E2089.jpg
14579,train,4,E,E533.jpg
3538,val,4,E,E1580.jpg
14580,train,4,E,E2937.jpg
14581,train,4,E,E255.jpg
14582,train,4,E,E2923.jpg
14583,train,4,E,E1594.jpg
14584,train,4,E,E527.jpg
14585,train,4,E,E269.jpg
14586,train,4,E,E1543.jpg
14587,train,4,E,E296.jpg
14588,train,4,E,E1225.jpg
14589,train,4,E,E1231.jpg
14590,train,4,E,E282.jpg
14591,train,4,E,E1557.jpg
14592,train,4,E,E2076.jpg
14593,train,4,E,E1219.jpg
14594,train,4,E,E2062.jpg
14595,train,4,E,E2063.jpg
14596,train,4,E,E2077.jpg
14597,train,4,E,E1218.jpg
14598,train,4,E,E283.jpg
3539,val,4,E,E1230.jpg
3540,val,4,E,E1556.jpg
14599,train,4,E,E1542.jpg
14600,train,4,E,E1224.jpg
14601,train,4,E,E297.jpg
14602,train,4,E,E268.jpg
3541,val,4,E,E2922.jpg
14603,train,4,E,E526.jpg
14604,train,4,E,E1595.jpg
14605,train,4,E,E1581.jpg
14606,train,4,E,E532.jpg
14607,train,4,E,E2088.jpg
14608,train,4,E,E254.jpg
14609,train,4,E,E2936.jpg
14610,train,4,E,E1768.jpg
14611,train,4,E,E903.jpg
14612,train,4,E,E2261.jpg
3542,val,4,E,E917.jpg
3543,val,4,E,E2275.jpg
3544,val,4,E,E1754.jpg
3545,val,4,E,E1032.jpg
14613,train,4,E,E1026.jpg
14614,train,4,E,E1740.jpg
14615,train,4,E,E1998.jpg
3546,val,4,E,E2249.jpg
14616,train,4,E,E718.jpg
14617,train,4,E,E1973.jpg
3547,val,4,E,E1967.jpg
14618,train,4,E,E1797.jpg
14619,train,4,E,E724.jpg
14620,train,4,E,E730.jpg
14621,train,4,E,E1783.jpg
14622,train,4,E,E2315.jpg
14623,train,4,E,E877.jpg
14624,train,4,E,E2473.jpg
14625,train,4,E,E2467.jpg
14626,train,4,E,E2301.jpg
14627,train,4,E,E863.jpg
3548,val,4,E,E1608.jpg
14628,train,4,E,E693.jpg
14629,train,4,E,E2329.jpg
14630,train,4,E,E1620.jpg
3549,val,4,E,E1146.jpg
14631,train,4,E,E1152.jpg
3550,val,4,E,E1634.jpg
14632,train,4,E,E687.jpg
14633,train,4,E,E1807.jpg
3551,val,4,E,E1813.jpg
14634,train,4,E,E678.jpg
14635,train,4,E,E888.jpg
3552,val,4,E,E650.jpg
14636,train,4,E,E1185.jpg
14637,train,4,E,E1191.jpg
14638,train,4,E,E2498.jpg
14639,train,4,E,E122.jpg
14640,train,4,E,E644.jpg
14641,train,4,E,E1378.jpg
14642,train,4,E,E2117.jpg
14643,train,4,E,E2103.jpg
3553,val,4,E,E2895.jpg
14644,train,4,E,E1344.jpg
14645,train,4,E,E1422.jpg
14646,train,4,E,E491.jpg
14647,train,4,E,E485.jpg
14648,train,4,E,E1436.jpg
14649,train,4,E,E1350.jpg
14650,train,4,E,E2881.jpg
14651,train,4,E,E308.jpg
14652,train,4,E,E1387.jpg
14653,train,4,E,E334.jpg
14654,train,4,E,E452.jpg
14655,train,4,E,E446.jpg
14656,train,4,E,E320.jpg
14657,train,4,E,E1393.jpg
14658,train,4,E,E409.jpg
3554,val,4,E,E1492.jpg
14659,train,4,E,E421.jpg
14660,train,4,E,E347.jpg
14661,train,4,E,E353.jpg
14662,train,4,E,E435.jpg
14663,train,4,E,E1486.jpg
14664,train,4,E,E1479.jpg
14665,train,4,E,E2158.jpg
14666,train,4,E,E1451.jpg
14667,train,4,E,E1337.jpg
14668,train,4,E,E384.jpg
14669,train,4,E,E390.jpg
14670,train,4,E,E1323.jpg
3555,val,4,E,E1445.jpg
14671,train,4,E,E1860.jpg
14672,train,4,E,E623.jpg
14673,train,4,E,E2399.jpg
14674,train,4,E,E1848.jpg
3556,val,4,E,E1690.jpg
3557,val,4,E,E1684.jpg
14675,train,4,E,E637.jpg
14676,train,4,E,E1109.jpg
14677,train,4,E,E2400.jpg
3558,val,4,E,E804.jpg
14678,train,4,E,E2366.jpg
3559,val,4,E,E810.jpg
14679,train,4,E,E2372.jpg
14680,train,4,E,E2414.jpg
14681,train,4,E,E1135.jpg
14682,train,4,E,E1653.jpg
14683,train,4,E,E838.jpg
14684,train,4,E,E1647.jpg
14685,train,4,E,E1121.jpg
3560,val,4,E,E2428.jpg
3561,val,4,E,E1900.jpg
3562,val,4,E,E1914.jpg
14686,train,4,E,E1082.jpg
14687,train,4,E,E757.jpg
14688,train,4,E,E1928.jpg
14689,train,4,E,E743.jpg
14690,train,4,E,E1096.jpg
14691,train,4,E,E2212.jpg
3563,val,4,E,E95.jpg
3564,val,4,E,E970.jpg
14692,train,4,E,E2206.jpg
14693,train,4,E,E964.jpg
14694,train,4,E,E1069.jpg
14695,train,4,E,E1041.jpg
14696,train,4,E,E1727.jpg
3565,val,4,E,E794.jpg
3566,val,4,E,E780.jpg
3567,val,4,E,E958.jpg
14697,train,4,E,E1733.jpg
14698,train,4,E,E1055.jpg
14699,train,4,E,E569.jpg
14700,train,4,E,E2979.jpg
3568,val,4,E,E555.jpg
14701,train,4,E,E2951.jpg
14702,train,4,E,E1280.jpg
14703,train,4,E,E1294.jpg
14704,train,4,E,E2945.jpg
14705,train,4,E,E541.jpg
3569,val,4,E,E1519.jpg
3570,val,4,E,E2010.jpg
14706,train,4,E,E2004.jpg
3571,val,4,E,E596.jpg
14707,train,4,E,E1525.jpg
14708,train,4,E,E1243.jpg
3572,val,4,E,E2992.jpg
3573,val,4,E,E2986.jpg
14709,train,4,E,E1257.jpg
3574,val,4,E,E1531.jpg
14710,train,4,E,E582.jpg
3575,val,4,E,E2038.jpg
14711,train,4,E,E1256.jpg
14712,train,4,E,E2987.jpg
14713,train,4,E,E2039.jpg
14714,train,4,E,E583.jpg
14715,train,4,E,E1530.jpg
3576,val,4,E,E1524.jpg
14716,train,4,E,E597.jpg
3577,val,4,E,E2993.jpg
14717,train,4,E,E1242.jpg
14718,train,4,E,E2005.jpg
14719,train,4,E,E2011.jpg
14720,train,4,E,E1518.jpg
14721,train,4,E,E2944.jpg
14722,train,4,E,E1295.jpg
14723,train,4,E,E540.jpg
14724,train,4,E,E554.jpg
14725,train,4,E,E1281.jpg
14726,train,4,E,E2950.jpg
14727,train,4,E,E2978.jpg
14728,train,4,E,E568.jpg
14729,train,4,E,E1732.jpg
14730,train,4,E,E959.jpg
14731,train,4,E,E781.jpg
3578,val,4,E,E1054.jpg
14732,train,4,E,E1040.jpg
14733,train,4,E,E795.jpg
3579,val,4,E,E1726.jpg
14734,train,4,E,E965.jpg
14735,train,4,E,E2207.jpg
14736,train,4,E,E1068.jpg
3580,val,4,E,E971.jpg
14737,train,4,E,E2213.jpg
14738,train,4,E,E742.jpg
3581,val,4,E,E1929.jpg
14739,train,4,E,E1097.jpg
3582,val,4,E,E1083.jpg
3583,val,4,E,E756.jpg
14740,train,4,E,E1915.jpg
3584,val,4,E,E1901.jpg
3585,val,4,E,E1646.jpg
14741,train,4,E,E2429.jpg
14742,train,4,E,E1120.jpg
14743,train,4,E,E1134.jpg
3586,val,4,E,E839.jpg
14744,train,4,E,E1652.jpg
3587,val,4,E,E2373.jpg
14745,train,4,E,E811.jpg
14746,train,4,E,E2415.jpg
14747,train,4,E,E2401.jpg
14748,train,4,E,E1108.jpg
3588,val,4,E,E2367.jpg
3589,val,4,E,E805.jpg
14749,train,4,E,E636.jpg
14750,train,4,E,E1685.jpg
14751,train,4,E,E1691.jpg
14752,train,4,E,E1849.jpg
14753,train,4,E,E622.jpg
14754,train,4,E,E1861.jpg
14755,train,4,E,E1875.jpg
14756,train,4,E,E1322.jpg
14757,train,4,E,E391.jpg
14758,train,4,E,E1444.jpg
14759,train,4,E,E1450.jpg
14760,train,4,E,E385.jpg
14761,train,4,E,E1336.jpg
14762,train,4,E,E1478.jpg
3590,val,4,E,E352.jpg
14763,train,4,E,E1487.jpg
3591,val,4,E,E434.jpg
14764,train,4,E,E420.jpg
14765,train,4,E,E1493.jpg
3592,val,4,E,E346.jpg
14766,train,4,E,E408.jpg
14767,train,4,E,E378.jpg
14768,train,4,E,E436.jpg
14769,train,4,E,E1485.jpg
3593,val,4,E,E350.jpg
14770,train,4,E,E344.jpg
3594,val,4,E,E1491.jpg
3595,val,4,E,E2198.jpg
14771,train,4,E,E422.jpg
14772,train,4,E,E1308.jpg
14773,train,4,E,E1446.jpg
14774,train,4,E,E393.jpg
14775,train,4,E,E1320.jpg
3596,val,4,E,E1334.jpg
3597,val,4,E,E387.jpg
3598,val,4,E,E1452.jpg
3599,val,4,E,E608.jpg
14776,train,4,E,E1863.jpg
14777,train,4,E,E1877.jpg
3600,val,4,E,E1687.jpg
14778,train,4,E,E634.jpg
14779,train,4,E,E620.jpg
14780,train,4,E,E1693.jpg
3601,val,4,E,E2417.jpg
14781,train,4,E,E1678.jpg
14782,train,4,E,E813.jpg
14783,train,4,E,E2371.jpg
14784,train,4,E,E807.jpg
14785,train,4,E,E2365.jpg
14786,train,4,E,E2403.jpg
3602,val,4,E,E1122.jpg
14787,train,4,E,E1644.jpg
14788,train,4,E,E1650.jpg
14789,train,4,E,E1888.jpg
14790,train,4,E,E2359.jpg
3603,val,4,E,E1136.jpg
14791,train,4,E,E1917.jpg
14792,train,4,E,E1903.jpg
3604,val,4,E,E768.jpg
14793,train,4,E,E1095.jpg
14794,train,4,E,E998.jpg
14795,train,4,E,E740.jpg
14796,train,4,E,E754.jpg
14797,train,4,E,E1081.jpg
14798,train,4,E,E2205.jpg
3605,val,4,E,E967.jpg
14799,train,4,E,E2211.jpg
14800,train,4,E,E96.jpg
14801,train,4,E,E973.jpg
14802,train,4,E,E1718.jpg
14803,train,4,E,E1056.jpg
14804,train,4,E,E2239.jpg
14805,train,4,E,E783.jpg
14806,train,4,E,E1730.jpg
3606,val,4,E,E1724.jpg
14807,train,4,E,E797.jpg
14808,train,4,E,E1042.jpg
14809,train,4,E,E542.jpg
14810,train,4,E,E1297.jpg
14811,train,4,E,E2946.jpg
14812,train,4,E,E2952.jpg
3607,val,4,E,E1283.jpg
14813,train,4,E,E556.jpg
14814,train,4,E,E2007.jpg
14815,train,4,E,E1268.jpg
14816,train,4,E,E2013.jpg
14817,train,4,E,E1532.jpg
14818,train,4,E,E581.jpg
14819,train,4,E,E1254.jpg
14820,train,4,E,E1240.jpg
3608,val,4,E,E2991.jpg
14821,train,4,E,E595.jpg
14822,train,4,E,E1526.jpg
14823,train,4,E,E2990.jpg
14824,train,4,E,E1241.jpg
14825,train,4,E,E1527.jpg
14826,train,4,E,E594.jpg
14827,train,4,E,E580.jpg
14828,train,4,E,E1533.jpg
14829,train,4,E,E1255.jpg
14830,train,4,E,E2984.jpg
14831,train,4,E,E2012.jpg
3609,val,4,E,E2006.jpg
14832,train,4,E,E1269.jpg
14833,train,4,E,E1282.jpg
3610,val,4,E,E2953.jpg
14834,train,4,E,E557.jpg
3611,val,4,E,E543.jpg
14835,train,4,E,E2947.jpg
14836,train,4,E,E1296.jpg
14837,train,4,E,E796.jpg
14838,train,4,E,E1725.jpg
14839,train,4,E,E1043.jpg
14840,train,4,E,E1057.jpg
14841,train,4,E,E1731.jpg
14842,train,4,E,E782.jpg
14843,train,4,E,E2238.jpg
14844,train,4,E,E1719.jpg
14845,train,4,E,E972.jpg
14846,train,4,E,E97.jpg
14847,train,4,E,E2210.jpg
14848,train,4,E,E966.jpg
14849,train,4,E,E2204.jpg
14850,train,4,E,E755.jpg
14851,train,4,E,E1080.jpg
3612,val,4,E,E1094.jpg
14852,train,4,E,E741.jpg
14853,train,4,E,E999.jpg
14854,train,4,E,E769.jpg
14855,train,4,E,E1902.jpg
14856,train,4,E,E1916.jpg
3613,val,4,E,E2358.jpg
14857,train,4,E,E1889.jpg
3614,val,4,E,E1651.jpg
14858,train,4,E,E1137.jpg
3615,val,4,E,E1123.jpg
3616,val,4,E,E1645.jpg
14859,train,4,E,E2364.jpg
14860,train,4,E,E806.jpg
14861,train,4,E,E2402.jpg
14862,train,4,E,E2416.jpg
14863,train,4,E,E2370.jpg
14864,train,4,E,E812.jpg
3617,val,4,E,E1679.jpg
14865,train,4,E,E1692.jpg
14866,train,4,E,E621.jpg
14867,train,4,E,E635.jpg
14868,train,4,E,E1686.jpg
14869,train,4,E,E1862.jpg
14870,train,4,E,E609.jpg
14871,train,4,E,E386.jpg
14872,train,4,E,E1335.jpg
14873,train,4,E,E1453.jpg
14874,train,4,E,E1447.jpg
14875,train,4,E,E1321.jpg
14876,train,4,E,E392.jpg
14877,train,4,E,E1309.jpg
14878,train,4,E,E345.jpg
14879,train,4,E,E423.jpg
14880,train,4,E,E2199.jpg
14881,train,4,E,E1490.jpg
3618,val,4,E,E1484.jpg
3619,val,4,E,E437.jpg
14882,train,4,E,E351.jpg
14883,train,4,E,E379.jpg
3620,val,4,E,E355.jpg
3621,val,4,E,E433.jpg
3622,val,4,E,E2189.jpg
14884,train,4,E,E1480.jpg
14885,train,4,E,E1494.jpg
14886,train,4,E,E427.jpg
14887,train,4,E,E341.jpg
3623,val,4,E,E369.jpg
14888,train,4,E,E396.jpg
14889,train,4,E,E1325.jpg
14890,train,4,E,E1443.jpg
14891,train,4,E,E1457.jpg
14892,train,4,E,E1331.jpg
3624,val,4,E,E382.jpg
14893,train,4,E,E1319.jpg
14894,train,4,E,E2176.jpg
3625,val,4,E,E1682.jpg
14895,train,4,E,E631.jpg
14896,train,4,E,E625.jpg
3626,val,4,E,E1696.jpg
14897,train,4,E,E1866.jpg
14898,train,4,E,E1872.jpg
14899,train,4,E,E619.jpg
14900,train,4,E,E2348.jpg
14901,train,4,E,E1641.jpg
14902,train,4,E,E1899.jpg
3627,val,4,E,E1127.jpg
3628,val,4,E,E1133.jpg
14903,train,4,E,E1655.jpg
14904,train,4,E,E816.jpg
14905,train,4,E,E2374.jpg
14906,train,4,E,E2412.jpg
14907,train,4,E,E2406.jpg
14908,train,4,E,E802.jpg
14909,train,4,E,E2360.jpg
14910,train,4,E,E1669.jpg
14911,train,4,E,E745.jpg
14912,train,4,E,E1090.jpg
14913,train,4,E,E1084.jpg
14914,train,4,E,E989.jpg
3629,val,4,E,E751.jpg
3630,val,4,E,E779.jpg
14915,train,4,E,E1912.jpg
14916,train,4,E,E1906.jpg
14917,train,4,E,E786.jpg
14918,train,4,E,E1735.jpg
3631,val,4,E,E1053.jpg
14919,train,4,E,E1047.jpg
14920,train,4,E,E1721.jpg
14921,train,4,E,E792.jpg
14922,train,4,E,E2228.jpg
3632,val,4,E,E1709.jpg
14923,train,4,E,E2200.jpg
3633,val,4,E,E962.jpg
14924,train,4,E,E2214.jpg
14925,train,4,E,E976.jpg
14926,train,4,E,E1292.jpg
14927,train,4,E,E2943.jpg
14928,train,4,E,E547.jpg
14929,train,4,E,E553.jpg
14930,train,4,E,E2957.jpg
14931,train,4,E,E1286.jpg
14932,train,4,E,E2980.jpg
3634,val,4,E,E1251.jpg
3635,val,4,E,E1537.jpg
14933,train,4,E,E584.jpg
14934,train,4,E,E590.jpg
14935,train,4,E,E1523.jpg
14936,train,4,E,E1245.jpg
3636,val,4,E,E2994.jpg
14937,train,4,E,E2002.jpg
14938,train,4,E,E2016.jpg
3637,val,4,E,E1279.jpg
14939,train,4,E,E2017.jpg
14940,train,4,E,E1278.jpg
14941,train,4,E,E2003.jpg
3638,val,4,E,E1522.jpg
14942,train,4,E,E591.jpg
14943,train,4,E,E2995.jpg
14944,train,4,E,E1244.jpg
14945,train,4,E,E1250.jpg
14946,train,4,E,E2981.jpg
14947,train,4,E,E585.jpg
14948,train,4,E,E1536.jpg
3639,val,4,E,E552.jpg
14949,train,4,E,E1287.jpg
14950,train,4,E,E2956.jpg
3640,val,1,B,B477.jpg
14951,train,1,B,B2345.jpg
14952,train,1,B,B1894.jpg
3641,val,1,B,B2423.jpg
14953,train,1,B,B311.jpg
14954,train,1,B,B2437.jpg
14955,train,1,B,B305.jpg
14956,train,1,B,B1658.jpg
14957,train,1,B,B1880.jpg
14958,train,1,B,B463.jpg
14959,train,1,B,B2351.jpg
14960,train,1,B,B1670.jpg
14961,train,1,B,B2379.jpg
14962,train,1,B,B1116.jpg
14963,train,1,B,B1102.jpg
3642,val,1,B,B339.jpg
3643,val,1,B,B1664.jpg
14964,train,1,B,B1857.jpg
14965,train,1,B,B2386.jpg
14966,train,1,B,B2392.jpg
3644,val,1,B,B1843.jpg
14967,train,1,B,B488.jpg
14968,train,1,B,B1328.jpg
14969,train,1,B,B2147.jpg
14970,train,1,B,B675.jpg
14971,train,1,B,B2153.jpg
14972,train,1,B,B661.jpg
14973,train,1,B,B1314.jpg
3645,val,1,B,B891.jpg
14974,train,1,B,B649.jpg
3646,val,1,B,B1472.jpg
14975,train,1,B,B1466.jpg
14976,train,1,B,B885.jpg
14977,train,1,B,B1300.jpg
14978,train,1,B,B2184.jpg
14979,train,1,B,B1499.jpg
3647,val,1,B,B2190.jpg
14980,train,1,B,B852.jpg
3648,val,1,B,B846.jpg
14981,train,1,B,B701.jpg
3649,val,1,B,B2033.jpg
14982,train,1,B,B715.jpg
14983,train,1,B,B2027.jpg
14984,train,1,B,B1248.jpg
3650,val,1,B,B1260.jpg
14985,train,1,B,B1506.jpg
14986,train,1,B,B1512.jpg
14987,train,1,B,B729.jpg
14988,train,1,B,B1274.jpg
14989,train,1,B,B926.jpg
14990,train,1,B,B932.jpg
14991,train,1,B,B2231.jpg
14992,train,1,B,B503.jpg
14993,train,1,B,B1738.jpg
14994,train,1,B,B271.jpg
14995,train,1,B,B2225.jpg
3651,val,1,B,B517.jpg
3652,val,1,B,B1704.jpg
14996,train,1,B,B1062.jpg
14997,train,1,B,B1076.jpg
3653,val,1,B,B2219.jpg
3654,val,1,B,B1710.jpg
14998,train,1,B,B1923.jpg
14999,train,1,B,B1089.jpg
15000,train,1,B,B2580.jpg
15001,train,1,B,B1937.jpg
15002,train,1,B,B1088.jpg
15003,train,1,B,B1936.jpg
15004,train,1,B,B1922.jpg
15005,train,1,B,B1077.jpg
15006,train,1,B,B1711.jpg
15007,train,1,B,B2218.jpg
15008,train,1,B,B1705.jpg
15009,train,1,B,B1063.jpg
3655,val,1,B,B270.jpg
15010,train,1,B,B516.jpg
15011,train,1,B,B2224.jpg
3656,val,1,B,B1739.jpg
15012,train,1,B,B502.jpg
15013,train,1,B,B2230.jpg
15014,train,1,B,B2556.jpg
15015,train,1,B,B933.jpg
15016,train,1,B,B927.jpg
15017,train,1,B,B728.jpg
3657,val,1,B,B1513.jpg
15018,train,1,B,B1275.jpg
15019,train,1,B,B1261.jpg
15020,train,1,B,B1507.jpg
15021,train,1,B,B2026.jpg
15022,train,1,B,B714.jpg
3658,val,1,B,B1249.jpg
15023,train,1,B,B2754.jpg
3659,val,1,B,B2032.jpg
15024,train,1,B,B700.jpg
15025,train,1,B,B847.jpg
15026,train,1,B,B853.jpg
15027,train,1,B,B2191.jpg
15028,train,1,B,B1498.jpg
15029,train,1,B,B2185.jpg
15030,train,1,B,B884.jpg
15031,train,1,B,B1467.jpg
3660,val,1,B,B1301.jpg
3661,val,1,B,B1315.jpg
15032,train,1,B,B1473.jpg
15033,train,1,B,B648.jpg
3662,val,1,B,B890.jpg
3663,val,1,B,B660.jpg
3664,val,1,B,B2152.jpg
15034,train,1,B,B1329.jpg
15035,train,1,B,B674.jpg
15036,train,1,B,B2146.jpg
15037,train,1,B,B489.jpg
3665,val,1,B,B1842.jpg
15038,train,1,B,B2393.jpg
15039,train,1,B,B2387.jpg
15040,train,1,B,B1856.jpg
15041,train,1,B,B338.jpg
15042,train,1,B,B1103.jpg
15043,train,1,B,B1665.jpg
15044,train,1,B,B2378.jpg
15045,train,1,B,B1671.jpg
3666,val,1,B,B1117.jpg
3667,val,1,B,B304.jpg
15046,train,1,B,B2436.jpg
15047,train,1,B,B2350.jpg
15048,train,1,B,B462.jpg
15049,train,1,B,B1881.jpg
15050,train,1,B,B1659.jpg
15051,train,1,B,B1895.jpg
15052,train,1,B,B2344.jpg
15053,train,1,B,B476.jpg
15054,train,1,B,B310.jpg
15055,train,1,B,B2422.jpg
3668,val,1,B,B1883.jpg
15056,train,1,B,B460.jpg
15057,train,1,B,B2352.jpg
3669,val,1,B,B2434.jpg
15058,train,1,B,B306.jpg
15059,train,1,B,B1129.jpg
15060,train,1,B,B2420.jpg
15061,train,1,B,B312.jpg
15062,train,1,B,B474.jpg
15063,train,1,B,B2346.jpg
15064,train,1,B,B1897.jpg
15065,train,1,B,B1667.jpg
15066,train,1,B,B1101.jpg
15067,train,1,B,B2408.jpg
15068,train,1,B,B1115.jpg
15069,train,1,B,B1673.jpg
15070,train,1,B,B448.jpg
15071,train,1,B,B2391.jpg
15072,train,1,B,B1840.jpg
3670,val,1,B,B1698.jpg
15073,train,1,B,B1854.jpg
15074,train,1,B,B2385.jpg
15075,train,1,B,B1868.jpg
15076,train,1,B,B2150.jpg
15077,train,1,B,B662.jpg
15078,train,1,B,B1459.jpg
15079,train,1,B,B2144.jpg
15080,train,1,B,B676.jpg
15081,train,1,B,B1303.jpg
15082,train,1,B,B1465.jpg
15083,train,1,B,B886.jpg
15084,train,1,B,B892.jpg
15085,train,1,B,B2178.jpg
15086,train,1,B,B1471.jpg
15087,train,1,B,B1317.jpg
15088,train,1,B,B879.jpg
3671,val,1,B,B2193.jpg
15089,train,1,B,B2187.jpg
15090,train,1,B,B845.jpg
15091,train,1,B,B689.jpg
15092,train,1,B,B851.jpg
15093,train,1,B,B716.jpg
15094,train,1,B,B2024.jpg
3672,val,1,B,B1539.jpg
15095,train,1,B,B702.jpg
15096,train,1,B,B2030.jpg
15097,train,1,B,B2756.jpg
15098,train,1,B,B1277.jpg
15099,train,1,B,B1511.jpg
15100,train,1,B,B2018.jpg
15101,train,1,B,B1505.jpg
3673,val,1,B,B1263.jpg
15102,train,1,B,B1288.jpg
15103,train,1,B,B919.jpg
15104,train,1,B,B931.jpg
3674,val,1,B,B925.jpg
15105,train,1,B,B2226.jpg
3675,val,1,B,B514.jpg
15106,train,1,B,B272.jpg
15107,train,1,B,B1049.jpg
3676,val,1,B,B266.jpg
15108,train,1,B,B2232.jpg
15109,train,1,B,B500.jpg
3677,val,1,B,B528.jpg
15110,train,1,B,B1713.jpg
15111,train,1,B,B1075.jpg
3678,val,1,B,B2568.jpg
15112,train,1,B,B1061.jpg
15113,train,1,B,B1707.jpg
15114,train,1,B,B1934.jpg
3679,val,1,B,B2597.jpg
15115,train,1,B,B1920.jpg
15116,train,1,B,B1908.jpg
15117,train,1,B,B299.jpg
15118,train,1,B,B298.jpg
15119,train,1,B,B1909.jpg
3680,val,1,B,B1921.jpg
15120,train,1,B,B1935.jpg
15121,train,1,B,B1060.jpg
3681,val,1,B,B2569.jpg
15122,train,1,B,B1706.jpg
3682,val,1,B,B1712.jpg
15123,train,1,B,B529.jpg
15124,train,1,B,B1074.jpg
15125,train,1,B,B267.jpg
3683,val,1,B,B501.jpg
3684,val,1,B,B2233.jpg
15126,train,1,B,B515.jpg
15127,train,1,B,B2227.jpg
3685,val,1,B,B1048.jpg
15128,train,1,B,B273.jpg
15129,train,1,B,B924.jpg
15130,train,1,B,B930.jpg
15131,train,1,B,B918.jpg
15132,train,1,B,B1289.jpg
15133,train,1,B,B1504.jpg
15134,train,1,B,B1262.jpg
15135,train,1,B,B1276.jpg
3686,val,1,B,B2019.jpg
15136,train,1,B,B1510.jpg
15137,train,1,B,B2031.jpg
15138,train,1,B,B703.jpg
15139,train,1,B,B1538.jpg
15140,train,1,B,B2025.jpg
15141,train,1,B,B717.jpg
15142,train,1,B,B850.jpg
15143,train,1,B,B688.jpg
15144,train,1,B,B844.jpg
15145,train,1,B,B2186.jpg
15146,train,1,B,B2192.jpg
15147,train,1,B,B878.jpg
15148,train,1,B,B1470.jpg
15149,train,1,B,B2179.jpg
15150,train,1,B,B893.jpg
15151,train,1,B,B1316.jpg
15152,train,1,B,B1302.jpg
3687,val,1,B,B887.jpg
15153,train,1,B,B1464.jpg
15154,train,1,B,B677.jpg
15155,train,1,B,B2145.jpg
15156,train,1,B,B1458.jpg
15157,train,1,B,B663.jpg
15158,train,1,B,B2151.jpg
15159,train,1,B,B1869.jpg
15160,train,1,B,B2384.jpg
15161,train,1,B,B1855.jpg
15162,train,1,B,B1699.jpg
3688,val,1,B,B1841.jpg
15163,train,1,B,B2390.jpg
15164,train,1,B,B1114.jpg
15165,train,1,B,B449.jpg
15166,train,1,B,B1672.jpg
15167,train,1,B,B1666.jpg
15168,train,1,B,B2409.jpg
15169,train,1,B,B1100.jpg
15170,train,1,B,B313.jpg
15171,train,1,B,B2421.jpg
15172,train,1,B,B1128.jpg
3689,val,1,B,B1896.jpg
3690,val,1,B,B2347.jpg
15173,train,1,B,B475.jpg
15174,train,1,B,B2353.jpg
15175,train,1,B,B461.jpg
15176,train,1,B,B1882.jpg
15177,train,1,B,B307.jpg
15178,train,1,B,B2435.jpg
15179,train,1,B,B1104.jpg
15180,train,1,B,B459.jpg
15181,train,1,B,B1662.jpg
3691,val,1,B,B1676.jpg
15182,train,1,B,B2419.jpg
15183,train,1,B,B1110.jpg
15184,train,1,B,B2431.jpg
15185,train,1,B,B303.jpg
15186,train,1,B,B1138.jpg
15187,train,1,B,B1886.jpg
15188,train,1,B,B465.jpg
15189,train,1,B,B2357.jpg
15190,train,1,B,B471.jpg
3692,val,1,B,B2343.jpg
15191,train,1,B,B1892.jpg
15192,train,1,B,B317.jpg
15193,train,1,B,B1879.jpg
15194,train,1,B,B2394.jpg
15195,train,1,B,B1845.jpg
15196,train,1,B,B1851.jpg
15197,train,1,B,B1689.jpg
15198,train,1,B,B2380.jpg
15199,train,1,B,B1460.jpg
3693,val,1,B,B2169.jpg
15200,train,1,B,B883.jpg
15201,train,1,B,B1306.jpg
15202,train,1,B,B1312.jpg
15203,train,1,B,B897.jpg
15204,train,1,B,B1474.jpg
15205,train,1,B,B2155.jpg
15206,train,1,B,B667.jpg
15207,train,1,B,B1448.jpg
15208,train,1,B,B2141.jpg
3694,val,1,B,B673.jpg
15209,train,1,B,B698.jpg
15210,train,1,B,B840.jpg
15211,train,1,B,B854.jpg
15212,train,1,B,B2196.jpg
15213,train,1,B,B2182.jpg
15214,train,1,B,B868.jpg
3695,val,1,B,B1514.jpg
15215,train,1,B,B1272.jpg
15216,train,1,B,B1266.jpg
15217,train,1,B,B2009.jpg
15218,train,1,B,B1500.jpg
3696,val,1,B,B713.jpg
15219,train,1,B,B2021.jpg
15220,train,1,B,B1528.jpg
15221,train,1,B,B2753.jpg
15222,train,1,B,B707.jpg
15223,train,1,B,B2035.jpg
15224,train,1,B,B934.jpg
15225,train,1,B,B920.jpg
15226,train,1,B,B908.jpg
15227,train,1,B,B1299.jpg
15228,train,1,B,B1070.jpg
15229,train,1,B,B2579.jpg
15230,train,1,B,B1716.jpg
15231,train,1,B,B1702.jpg
15232,train,1,B,B539.jpg
15233,train,1,B,B1064.jpg
15234,train,1,B,B277.jpg
15235,train,1,B,B2223.jpg
15236,train,1,B,B511.jpg
15237,train,1,B,B2237.jpg
3697,val,1,B,B505.jpg
15238,train,1,B,B1058.jpg
15239,train,1,B,B288.jpg
15240,train,1,B,B1919.jpg
15241,train,1,B,B1931.jpg
15242,train,1,B,B1925.jpg
15243,train,1,B,B1924.jpg
15244,train,1,B,B1930.jpg
15245,train,1,B,B1918.jpg
15246,train,1,B,B289.jpg
15247,train,1,B,B504.jpg
3698,val,1,B,B2236.jpg
3699,val,1,B,B1059.jpg
3700,val,1,B,B276.jpg
15248,train,1,B,B510.jpg
3701,val,1,B,B2222.jpg
3702,val,1,B,B538.jpg
3703,val,1,B,B1703.jpg
15249,train,1,B,B1065.jpg
15250,train,1,B,B2578.jpg
15251,train,1,B,B1071.jpg
3704,val,1,B,B1717.jpg
15252,train,1,B,B1298.jpg
3705,val,1,B,B909.jpg
15253,train,1,B,B921.jpg
15254,train,1,B,B935.jpg
15255,train,1,B,B2034.jpg
15256,train,1,B,B706.jpg
15257,train,1,B,B1529.jpg
15258,train,1,B,B2020.jpg
15259,train,1,B,B712.jpg
15260,train,1,B,B1267.jpg
15261,train,1,B,B1501.jpg
15262,train,1,B,B2008.jpg
3706,val,1,B,B1515.jpg
15263,train,1,B,B1273.jpg
15264,train,1,B,B869.jpg
15265,train,1,B,B2183.jpg
15266,train,1,B,B2197.jpg
15267,train,1,B,B855.jpg
15268,train,1,B,B841.jpg
15269,train,1,B,B699.jpg
15270,train,1,B,B672.jpg
15271,train,1,B,B2140.jpg
15272,train,1,B,B1449.jpg
15273,train,1,B,B666.jpg
15274,train,1,B,B2154.jpg
15275,train,1,B,B1313.jpg
15276,train,1,B,B1475.jpg
15277,train,1,B,B896.jpg
3707,val,1,B,B882.jpg
15278,train,1,B,B2168.jpg
15279,train,1,B,B1461.jpg
15280,train,1,B,B1307.jpg
3708,val,1,B,B2381.jpg
3709,val,1,B,B1688.jpg
15281,train,1,B,B1850.jpg
15282,train,1,B,B1844.jpg
15283,train,1,B,B2395.jpg
3710,val,1,B,B1878.jpg
15284,train,1,B,B1893.jpg
15285,train,1,B,B2342.jpg
15286,train,1,B,B470.jpg
3711,val,1,B,B316.jpg
15287,train,1,B,B2424.jpg
15288,train,1,B,B1139.jpg
15289,train,1,B,B302.jpg
15290,train,1,B,B2430.jpg
15291,train,1,B,B2356.jpg
15292,train,1,B,B464.jpg
15293,train,1,B,B1887.jpg
15294,train,1,B,B1677.jpg
15295,train,1,B,B1111.jpg
3712,val,1,B,B2418.jpg
3713,val,1,B,B1105.jpg
15296,train,1,B,B1663.jpg
3714,val,1,B,B458.jpg
3715,val,1,B,B328.jpg
3716,val,1,B,B1113.jpg
3717,val,1,B,B1675.jpg
15297,train,1,B,B2368.jpg
15298,train,1,B,B1661.jpg
15299,train,1,B,B1107.jpg
3718,val,1,B,B2426.jpg
15300,train,1,B,B314.jpg
15301,train,1,B,B472.jpg
3719,val,1,B,B2340.jpg
15302,train,1,B,B1649.jpg
15303,train,1,B,B1891.jpg
15304,train,1,B,B1885.jpg
15305,train,1,B,B466.jpg
15306,train,1,B,B2354.jpg
15307,train,1,B,B2432.jpg
15308,train,1,B,B9.jpg
15309,train,1,B,B300.jpg
15310,train,1,B,B499.jpg
3720,val,1,B,B1852.jpg
15311,train,1,B,B2383.jpg
15312,train,1,B,B2397.jpg
3721,val,1,B,B1846.jpg
15313,train,1,B,B894.jpg
15314,train,1,B,B1477.jpg
15315,train,1,B,B1311.jpg
15316,train,1,B,B1305.jpg
15317,train,1,B,B1463.jpg
15318,train,1,B,B880.jpg
15319,train,1,B,B658.jpg
3722,val,1,B,B2142.jpg
15320,train,1,B,B670.jpg
15321,train,1,B,B1339.jpg
15322,train,1,B,B2156.jpg
15323,train,1,B,B664.jpg
15324,train,1,B,B857.jpg
15325,train,1,B,B843.jpg
15326,train,1,B,B2181.jpg
15327,train,1,B,B1488.jpg
15328,train,1,B,B2195.jpg
15329,train,1,B,B738.jpg
15330,train,1,B,B1503.jpg
15331,train,1,B,B1265.jpg
15332,train,1,B,B1271.jpg
15333,train,1,B,B1517.jpg
15334,train,1,B,B704.jpg
15335,train,1,B,B2036.jpg
3723,val,1,B,B1259.jpg
15336,train,1,B,B710.jpg
3724,val,1,B,B2022.jpg
15337,train,1,B,B923.jpg
15338,train,1,B,B937.jpg
15339,train,1,B,B1067.jpg
15340,train,1,B,B1701.jpg
15341,train,1,B,B2208.jpg
15342,train,1,B,B1715.jpg
15343,train,1,B,B1073.jpg
3725,val,1,B,B2234.jpg
15344,train,1,B,B506.jpg
15345,train,1,B,B1729.jpg
15346,train,1,B,B2220.jpg
15347,train,1,B,B512.jpg
15348,train,1,B,B274.jpg
15349,train,1,B,B1098.jpg
15350,train,1,B,B1926.jpg
15351,train,1,B,B1932.jpg
15352,train,1,B,B1933.jpg
15353,train,1,B,B1099.jpg
3726,val,1,B,B1927.jpg
15354,train,1,B,B513.jpg
3727,val,1,B,B2221.jpg
15355,train,1,B,B1728.jpg
15356,train,1,B,B275.jpg
15357,train,1,B,B507.jpg
15358,train,1,B,B2235.jpg
15359,train,1,B,B1714.jpg
15360,train,1,B,B1072.jpg
15361,train,1,B,B1066.jpg
15362,train,1,B,B2209.jpg
15363,train,1,B,B1700.jpg
15364,train,1,B,B936.jpg
15365,train,1,B,B922.jpg
3728,val,1,B,B2023.jpg
3729,val,1,B,B2037.jpg
15366,train,1,B,B705.jpg
15367,train,1,B,B1258.jpg
15368,train,1,B,B1270.jpg
15369,train,1,B,B1516.jpg
15370,train,1,B,B1502.jpg
15371,train,1,B,B739.jpg
15372,train,1,B,B1264.jpg
3730,val,1,B,B2194.jpg
15373,train,1,B,B1489.jpg
15374,train,1,B,B2180.jpg
15375,train,1,B,B842.jpg
3731,val,1,B,B856.jpg
15376,train,1,B,B1338.jpg
3732,val,1,B,B665.jpg
15377,train,1,B,B2157.jpg
15378,train,1,B,B671.jpg
15379,train,1,B,B2143.jpg
3733,val,1,B,B1304.jpg
3734,val,1,B,B659.jpg
15380,train,1,B,B881.jpg
15381,train,1,B,B1462.jpg
15382,train,1,B,B1476.jpg
15383,train,1,B,B895.jpg
15384,train,1,B,B1310.jpg
15385,train,1,B,B1847.jpg
15386,train,1,B,B2396.jpg
15387,train,1,B,B2382.jpg
15388,train,1,B,B1853.jpg
15389,train,1,B,B498.jpg
3735,val,1,B,B2355.jpg
15390,train,1,B,B467.jpg
15391,train,1,B,B1884.jpg
15392,train,1,B,B301.jpg
15393,train,1,B,B8.jpg
15394,train,1,B,B2433.jpg
15395,train,1,B,B315.jpg
3736,val,1,B,B2427.jpg
15396,train,1,B,B1890.jpg
15397,train,1,B,B1648.jpg
15398,train,1,B,B2341.jpg
15399,train,1,B,B473.jpg
15400,train,1,B,B1660.jpg
3737,val,1,B,B2369.jpg
15401,train,1,B,B1106.jpg
15402,train,1,B,B1112.jpg
3738,val,1,B,B329.jpg
15403,train,1,B,B1674.jpg
15404,train,1,B,B2440.jpg
15405,train,1,B,B372.jpg
15406,train,1,B,B1149.jpg
15407,train,1,B,B414.jpg
15408,train,1,B,B2326.jpg
15409,train,1,B,B400.jpg
15410,train,1,B,B2332.jpg
15411,train,1,B,B2454.jpg
15412,train,1,B,B366.jpg
15413,train,1,B,B1175.jpg
15414,train,1,B,B428.jpg
15415,train,1,B,B1613.jpg
3739,val,1,B,B1607.jpg
3740,val,1,B,B2468.jpg
15416,train,1,B,B1161.jpg
3741,val,1,B,B2483.jpg
15417,train,1,B,B1834.jpg
15418,train,1,B,B1820.jpg
15419,train,1,B,B2497.jpg
3742,val,1,B,B1808.jpg
15420,train,1,B,B399.jpg
15421,train,1,B,B2124.jpg
15422,train,1,B,B616.jpg
3743,val,1,B,B1439.jpg
15423,train,1,B,B2130.jpg
15424,train,1,B,B602.jpg
3744,val,1,B,B1411.jpg
15425,train,1,B,B2118.jpg
15426,train,1,B,B1377.jpg
15427,train,1,B,B1363.jpg
15428,train,1,B,B1405.jpg
15429,train,1,B,B2859.jpg
15430,train,1,B,B1388.jpg
15431,train,1,B,B831.jpg
3745,val,1,B,B2865.jpg
15432,train,1,B,B2871.jpg
3746,val,1,B,B762.jpg
15433,train,1,B,B2050.jpg
15434,train,1,B,B1559.jpg
15435,train,1,B,B776.jpg
15436,train,1,B,B2044.jpg
15437,train,1,B,B1565.jpg
3747,val,1,B,B986.jpg
15438,train,1,B,B1203.jpg
3748,val,1,B,B1217.jpg
15439,train,1,B,B18.jpg
15440,train,1,B,B2078.jpg
15441,train,1,B,B992.jpg
15442,train,1,B,B1571.jpg
15443,train,1,B,B2093.jpg
15444,train,1,B,B979.jpg
3749,val,1,B,B2087.jpg
15445,train,1,B,B945.jpg
3750,val,1,B,B951.jpg
15446,train,1,B,B789.jpg
15447,train,1,B,B1983.jpg
15448,train,1,B,B2252.jpg
3751,val,1,B,B560.jpg
15449,train,1,B,B2246.jpg
15450,train,1,B,B574.jpg
15451,train,1,B,B1997.jpg
3752,val,1,B,B1029.jpg
15452,train,1,B,B1001.jpg
15453,train,1,B,B1767.jpg
15454,train,1,B,B1773.jpg
15455,train,1,B,B548.jpg
3753,val,1,B,B1015.jpg
15456,train,1,B,B2291.jpg
15457,train,1,B,B1798.jpg
15458,train,1,B,B1940.jpg
15459,train,1,B,B1954.jpg
3754,val,1,B,B2285.jpg
15460,train,1,B,B1968.jpg
15461,train,1,B,B1969.jpg
15462,train,1,B,B2284.jpg
15463,train,1,B,B1955.jpg
15464,train,1,B,B1941.jpg
15465,train,1,B,B1799.jpg
15466,train,1,B,B549.jpg
15467,train,1,B,B1772.jpg
3755,val,1,B,B1014.jpg
15468,train,1,B,B1000.jpg
15469,train,1,B,B1766.jpg
3756,val,1,B,B1996.jpg
15470,train,1,B,B575.jpg
15471,train,1,B,B2247.jpg
3757,val,1,B,B1028.jpg
15472,train,1,B,B561.jpg
3758,val,1,B,B2253.jpg
15473,train,1,B,B1982.jpg
3759,val,1,B,B788.jpg
15474,train,1,B,B950.jpg
15475,train,1,B,B944.jpg
15476,train,1,B,B2086.jpg
15477,train,1,B,B978.jpg
3760,val,1,B,B2092.jpg
15478,train,1,B,B1216.jpg
15479,train,1,B,B1570.jpg
3761,val,1,B,B993.jpg
15480,train,1,B,B2079.jpg
3762,val,1,B,B987.jpg
3763,val,1,B,B1564.jpg
3764,val,1,B,B1202.jpg
15481,train,1,B,B2045.jpg
15482,train,1,B,B777.jpg
15483,train,1,B,B1558.jpg
15484,train,1,B,B2051.jpg
15485,train,1,B,B763.jpg
15486,train,1,B,B2870.jpg
15487,train,1,B,B824.jpg
15488,train,1,B,B830.jpg
15489,train,1,B,B2864.jpg
15490,train,1,B,B1389.jpg
3765,val,1,B,B2858.jpg
15491,train,1,B,B1362.jpg
15492,train,1,B,B1404.jpg
15493,train,1,B,B2119.jpg
3766,val,1,B,B1410.jpg
15494,train,1,B,B1376.jpg
15495,train,1,B,B603.jpg
15496,train,1,B,B2131.jpg
15497,train,1,B,B1438.jpg
15498,train,1,B,B617.jpg
15499,train,1,B,B2125.jpg
15500,train,1,B,B398.jpg
15501,train,1,B,B1809.jpg
15502,train,1,B,B1821.jpg
15503,train,1,B,B2496.jpg
15504,train,1,B,B2482.jpg
3767,val,1,B,B1835.jpg
15505,train,1,B,B1606.jpg
15506,train,1,B,B1160.jpg
15507,train,1,B,B2469.jpg
15508,train,1,B,B1174.jpg
15509,train,1,B,B1612.jpg
15510,train,1,B,B429.jpg
15511,train,1,B,B2333.jpg
15512,train,1,B,B401.jpg
15513,train,1,B,B367.jpg
15514,train,1,B,B2455.jpg
15515,train,1,B,B1148.jpg
15516,train,1,B,B373.jpg
15517,train,1,B,B2441.jpg
3768,val,1,B,B2327.jpg
15518,train,1,B,B415.jpg
15519,train,1,B,B2457.jpg
15520,train,1,B,B365.jpg
3769,val,1,B,B403.jpg
15521,train,1,B,B2331.jpg
15522,train,1,B,B1638.jpg
15523,train,1,B,B417.jpg
15524,train,1,B,B2325.jpg
15525,train,1,B,B2443.jpg
15526,train,1,B,B371.jpg
3770,val,1,B,B359.jpg
15527,train,1,B,B1162.jpg
3771,val,1,B,B1604.jpg
15528,train,1,B,B2319.jpg
15529,train,1,B,B1610.jpg
15530,train,1,B,B1176.jpg
15531,train,1,B,B2494.jpg
15532,train,1,B,B1823.jpg
15533,train,1,B,B1837.jpg
15534,train,1,B,B1189.jpg
15535,train,1,B,B2480.jpg
15536,train,1,B,B2133.jpg
3772,val,1,B,B601.jpg
15537,train,1,B,B1348.jpg
15538,train,1,B,B2127.jpg
15539,train,1,B,B615.jpg
15540,train,1,B,B1406.jpg
15541,train,1,B,B1360.jpg
15542,train,1,B,B1374.jpg
3773,val,1,B,B1412.jpg
15543,train,1,B,B629.jpg
15544,train,1,B,B826.jpg
3774,val,1,B,B2872.jpg
15545,train,1,B,B2866.jpg
15546,train,1,B,B832.jpg
15547,train,1,B,B775.jpg
15548,train,1,B,B2047.jpg
15549,train,1,B,B1228.jpg
15550,train,1,B,B761.jpg
15551,train,1,B,B2053.jpg
15552,train,1,B,B749.jpg
15553,train,1,B,B991.jpg
15554,train,1,B,B1572.jpg
15555,train,1,B,B1214.jpg
15556,train,1,B,B1200.jpg
15557,train,1,B,B1566.jpg
15558,train,1,B,B985.jpg
15559,train,1,B,B2084.jpg
15560,train,1,B,B1599.jpg
3775,val,1,B,B2090.jpg
15561,train,1,B,B952.jpg
15562,train,1,B,B946.jpg
15563,train,1,B,B2245.jpg
3776,val,1,B,B577.jpg
15564,train,1,B,B1994.jpg
15565,train,1,B,B1980.jpg
15566,train,1,B,B1758.jpg
15567,train,1,B,B2251.jpg
3777,val,1,B,B563.jpg
15568,train,1,B,B1016.jpg
15569,train,1,B,B1770.jpg
15570,train,1,B,B1764.jpg
3778,val,1,B,B1002.jpg
3779,val,1,B,B1957.jpg
15571,train,1,B,B2286.jpg
3780,val,1,B,B2292.jpg
15572,train,1,B,B1943.jpg
15573,train,1,B,B588.jpg
15574,train,1,B,B589.jpg
3781,val,1,B,B1942.jpg
15575,train,1,B,B2293.jpg
15576,train,1,B,B2287.jpg
15577,train,1,B,B1956.jpg
15578,train,1,B,B1765.jpg
15579,train,1,B,B1003.jpg
15580,train,1,B,B1017.jpg
15581,train,1,B,B2278.jpg
15582,train,1,B,B1771.jpg
15583,train,1,B,B562.jpg
15584,train,1,B,B2250.jpg
15585,train,1,B,B1759.jpg
3782,val,1,B,B1981.jpg
15586,train,1,B,B1995.jpg
3783,val,1,B,B576.jpg
15587,train,1,B,B2244.jpg
15588,train,1,B,B947.jpg
15589,train,1,B,B953.jpg
15590,train,1,B,B2091.jpg
3784,val,1,B,B1598.jpg
15591,train,1,B,B2085.jpg
15592,train,1,B,B1201.jpg
3785,val,1,B,B984.jpg
15593,train,1,B,B1567.jpg
15594,train,1,B,B1573.jpg
3786,val,1,B,B990.jpg
15595,train,1,B,B748.jpg
15596,train,1,B,B1215.jpg
15597,train,1,B,B2052.jpg
15598,train,1,B,B760.jpg
15599,train,1,B,B2046.jpg
3787,val,1,B,B774.jpg
15600,train,1,B,B1229.jpg
15601,train,1,B,B2867.jpg
15602,train,1,B,B833.jpg
15603,train,1,B,B827.jpg
15604,train,1,B,B2873.jpg
15605,train,1,B,B1375.jpg
15606,train,1,B,B628.jpg
15607,train,1,B,B1413.jpg
3788,val,1,B,B1407.jpg
15608,train,1,B,B1361.jpg
15609,train,1,B,B1349.jpg
15610,train,1,B,B614.jpg
15611,train,1,B,B2126.jpg
15612,train,1,B,B600.jpg
3789,val,1,B,B2132.jpg
15613,train,1,B,B1836.jpg
15614,train,1,B,B2481.jpg
15615,train,1,B,B1188.jpg
15616,train,1,B,B2495.jpg
3790,val,1,B,B1822.jpg
15617,train,1,B,B1611.jpg
15618,train,1,B,B2318.jpg
15619,train,1,B,B1177.jpg
15620,train,1,B,B1163.jpg
15621,train,1,B,B358.jpg
15622,train,1,B,B1605.jpg
3791,val,1,B,B2324.jpg
15623,train,1,B,B416.jpg
15624,train,1,B,B370.jpg
15625,train,1,B,B2442.jpg
15626,train,1,B,B364.jpg
15627,train,1,B,B2456.jpg
3792,val,1,B,B1639.jpg
15628,train,1,B,B2330.jpg
15629,train,1,B,B402.jpg
15630,train,1,B,B1601.jpg
15631,train,1,B,B2308.jpg
15632,train,1,B,B1167.jpg
15633,train,1,B,B1173.jpg
15634,train,1,B,B348.jpg
15635,train,1,B,B1615.jpg
15636,train,1,B,B406.jpg
3793,val,1,B,B2334.jpg
3794,val,1,B,B2452.jpg
15637,train,1,B,B360.jpg
3795,val,1,B,B2446.jpg
15638,train,1,B,B374.jpg
15639,train,1,B,B1629.jpg
15640,train,1,B,B412.jpg
15641,train,1,B,B2320.jpg
3796,val,1,B,B1826.jpg
15642,train,1,B,B2491.jpg
15643,train,1,B,B1198.jpg
15644,train,1,B,B2485.jpg
15645,train,1,B,B1832.jpg
15646,train,1,B,B1365.jpg
15647,train,1,B,B638.jpg
15648,train,1,B,B1403.jpg
15649,train,1,B,B1417.jpg
15650,train,1,B,B1371.jpg
3797,val,1,B,B1359.jpg
15651,train,1,B,B2136.jpg
15652,train,1,B,B604.jpg
15653,train,1,B,B2122.jpg
15654,train,1,B,B610.jpg
15655,train,1,B,B2877.jpg
15656,train,1,B,B837.jpg
15657,train,1,B,B2863.jpg
15658,train,1,B,B1211.jpg
3798,val,1,B,B994.jpg
15659,train,1,B,B1577.jpg
15660,train,1,B,B1563.jpg
15661,train,1,B,B758.jpg
15662,train,1,B,B980.jpg
15663,train,1,B,B1205.jpg
15664,train,1,B,B770.jpg
15665,train,1,B,B2042.jpg
15666,train,1,B,B764.jpg
15667,train,1,B,B2056.jpg
3799,val,1,B,B1239.jpg
15668,train,1,B,B957.jpg
15669,train,1,B,B943.jpg
15670,train,1,B,B2081.jpg
3800,val,1,B,B1588.jpg
3801,val,1,B,B2095.jpg
15671,train,1,B,B1775.jpg
15672,train,1,B,B1013.jpg
15673,train,1,B,B1007.jpg
15674,train,1,B,B2268.jpg
15675,train,1,B,B1761.jpg
15676,train,1,B,B2240.jpg
15677,train,1,B,B572.jpg
15678,train,1,B,B1991.jpg
15679,train,1,B,B1749.jpg
15680,train,1,B,B1985.jpg
3802,val,1,B,B2254.jpg
3803,val,1,B,B566.jpg
15681,train,1,B,B599.jpg
15682,train,1,B,B1952.jpg
3804,val,1,B,B2283.jpg
15683,train,1,B,B2297.jpg
3805,val,1,B,B1946.jpg
15684,train,1,B,B1947.jpg
3806,val,1,B,B2296.jpg
3807,val,1,B,B2282.jpg
3808,val,1,B,B1953.jpg
15685,train,1,B,B598.jpg
15686,train,1,B,B567.jpg
15687,train,1,B,B2255.jpg
15688,train,1,B,B1984.jpg
3809,val,1,B,B1748.jpg
15689,train,1,B,B1990.jpg
15690,train,1,B,B573.jpg
15691,train,1,B,B2241.jpg
15692,train,1,B,B1006.jpg
15693,train,1,B,B1760.jpg
3810,val,1,B,B2269.jpg
15694,train,1,B,B1774.jpg
15695,train,1,B,B1012.jpg
15696,train,1,B,B2094.jpg
3811,val,1,B,B1589.jpg
15697,train,1,B,B2080.jpg
15698,train,1,B,B942.jpg
15699,train,1,B,B956.jpg
15700,train,1,B,B2057.jpg
15701,train,1,B,B765.jpg
15702,train,1,B,B1238.jpg
15703,train,1,B,B2043.jpg
3812,val,1,B,B771.jpg
15704,train,1,B,B981.jpg
3813,val,1,B,B759.jpg
3814,val,1,B,B1562.jpg
15705,train,1,B,B1204.jpg
15706,train,1,B,B1210.jpg
15707,train,1,B,B1576.jpg
15708,train,1,B,B995.jpg
15709,train,1,B,B836.jpg
15710,train,1,B,B2862.jpg
3815,val,1,B,B2876.jpg
3816,val,1,B,B611.jpg
15711,train,1,B,B2123.jpg
15712,train,1,B,B1358.jpg
15713,train,1,B,B2889.jpg
15714,train,1,B,B605.jpg
15715,train,1,B,B2137.jpg
15716,train,1,B,B1416.jpg
15717,train,1,B,B1370.jpg
15718,train,1,B,B1364.jpg
15719,train,1,B,B1402.jpg
15720,train,1,B,B639.jpg
15721,train,1,B,B2484.jpg
15722,train,1,B,B1833.jpg
15723,train,1,B,B1827.jpg
15724,train,1,B,B1199.jpg
15725,train,1,B,B2490.jpg
3817,val,1,B,B375.jpg
15726,train,1,B,B2447.jpg
15727,train,1,B,B2321.jpg
15728,train,1,B,B413.jpg
3818,val,1,B,B1628.jpg
3819,val,1,B,B2335.jpg
15729,train,1,B,B407.jpg
15730,train,1,B,B361.jpg
15731,train,1,B,B2453.jpg
15732,train,1,B,B349.jpg
15733,train,1,B,B1172.jpg
15734,train,1,B,B1614.jpg
3820,val,1,B,B2309.jpg
3821,val,1,B,B1600.jpg
3822,val,1,B,B1166.jpg
3823,val,1,B,B1616.jpg
15735,train,1,B,B1170.jpg
15736,train,1,B,B2479.jpg
15737,train,1,B,B1164.jpg
15738,train,1,B,B1602.jpg
15739,train,1,B,B439.jpg
3824,val,1,B,B411.jpg
3825,val,1,B,B2323.jpg
15740,train,1,B,B2445.jpg
15741,train,1,B,B377.jpg
15742,train,1,B,B1158.jpg
15743,train,1,B,B2451.jpg
15744,train,1,B,B363.jpg
15745,train,1,B,B405.jpg
15746,train,1,B,B2337.jpg
15747,train,1,B,B388.jpg
15748,train,1,B,B1819.jpg
3826,val,1,B,B1831.jpg
15749,train,1,B,B2486.jpg
15750,train,1,B,B2492.jpg
15751,train,1,B,B1825.jpg
15752,train,1,B,B1372.jpg
15753,train,1,B,B1414.jpg
15754,train,1,B,B1400.jpg
15755,train,1,B,B1366.jpg
15756,train,1,B,B2121.jpg
15757,train,1,B,B613.jpg
3827,val,1,B,B1428.jpg
15758,train,1,B,B2135.jpg
15759,train,1,B,B607.jpg
15760,train,1,B,B2860.jpg
15761,train,1,B,B834.jpg
15762,train,1,B,B2874.jpg
15763,train,9,K,K1539.jpg
15764,train,9,K,K335.jpg
15765,train,9,K,K2030.jpg
15766,train,9,K,K2756.jpg
3828,val,9,K,K453.jpg
15767,train,9,K,K447.jpg
15768,train,9,K,K2742.jpg
15769,train,9,K,K2024.jpg
15770,train,9,K,K321.jpg
15771,train,9,K,K1505.jpg
15772,train,9,K,K309.jpg
15773,train,9,K,K1263.jpg
15774,train,9,K,K1277.jpg
15775,train,9,K,K1511.jpg
15776,train,9,K,K2018.jpg
3829,val,9,K,K490.jpg
3830,val,9,K,K2795.jpg
15777,train,9,K,K2959.jpg
15778,train,9,K,K2781.jpg
15779,train,9,K,K1288.jpg
15780,train,9,K,K484.jpg
3831,val,9,K,K2971.jpg
15781,train,9,K,K2965.jpg
15782,train,9,K,K889.jpg
15783,train,9,K,K651.jpg
3832,val,9,K,K2232.jpg
15784,train,9,K,K137.jpg
15785,train,9,K,K123.jpg
15786,train,9,K,K2226.jpg
15787,train,9,K,K1049.jpg
15788,train,9,K,K645.jpg
15789,train,9,K,K1061.jpg
15790,train,9,K,K1707.jpg
15791,train,9,K,K1713.jpg
15792,train,9,K,K1075.jpg
15793,train,9,K,K679.jpg
3833,val,9,K,K692.jpg
15794,train,9,K,K1920.jpg
15795,train,9,K,K1934.jpg
15796,train,9,K,K686.jpg
15797,train,9,K,K876.jpg
15798,train,9,K,K1908.jpg
15799,train,9,K,K862.jpg
15800,train,9,K,K725.jpg
15801,train,9,K,K1129.jpg
15802,train,9,K,K2420.jpg
3834,val,9,K,K2346.jpg
15803,train,9,K,K1897.jpg
3835,val,9,K,K1883.jpg
15804,train,9,K,K2352.jpg
3836,val,9,K,K2434.jpg
15805,train,9,K,K731.jpg
3837,val,9,K,K719.jpg
15806,train,9,K,K1115.jpg
15807,train,9,K,K1673.jpg
3838,val,9,K,K1667.jpg
3839,val,9,K,K1101.jpg
15808,train,9,K,K2408.jpg
15809,train,9,K,K1854.jpg
15810,train,9,K,K2385.jpg
15811,train,9,K,K2391.jpg
15812,train,9,K,K1840.jpg
15813,train,9,K,K902.jpg
3840,val,9,K,K12.jpg
15814,train,9,K,K1868.jpg
15815,train,9,K,K916.jpg
3841,val,9,K,K241.jpg
15816,train,9,K,K2144.jpg
15817,train,9,K,K527.jpg
15818,train,9,K,K533.jpg
15819,train,9,K,K2150.jpg
15820,train,9,K,K255.jpg
15821,train,9,K,K1459.jpg
15822,train,9,K,K2178.jpg
15823,train,9,K,K1471.jpg
15824,train,9,K,K1317.jpg
15825,train,9,K,K1303.jpg
15826,train,9,K,K269.jpg
3842,val,9,K,K1465.jpg
15827,train,9,K,K2187.jpg
15828,train,9,K,K282.jpg
15829,train,9,K,K2839.jpg
15830,train,9,K,K296.jpg
3843,val,9,K,K2193.jpg
3844,val,9,K,K2805.jpg
15831,train,9,K,K2811.jpg
3845,val,9,K,K2810.jpg
3846,val,9,K,K2804.jpg
15832,train,9,K,K2192.jpg
15833,train,9,K,K297.jpg
15834,train,9,K,K283.jpg
15835,train,9,K,K2186.jpg
15836,train,9,K,K2838.jpg
15837,train,9,K,K1302.jpg
15838,train,9,K,K1464.jpg
3847,val,9,K,K268.jpg
15839,train,9,K,K1470.jpg
15840,train,9,K,K2179.jpg
15841,train,9,K,K1316.jpg
15842,train,9,K,K532.jpg
15843,train,9,K,K1458.jpg
15844,train,9,K,K254.jpg
15845,train,9,K,K2151.jpg
3848,val,9,K,K2145.jpg
15846,train,9,K,K240.jpg
3849,val,9,K,K526.jpg
15847,train,9,K,K917.jpg
15848,train,9,K,K13.jpg
15849,train,9,K,K903.jpg
15850,train,9,K,K1869.jpg
3850,val,9,K,K1841.jpg
3851,val,9,K,K2390.jpg
15851,train,9,K,K2384.jpg
3852,val,9,K,K1855.jpg
15852,train,9,K,K1666.jpg
15853,train,9,K,K2409.jpg
15854,train,9,K,K1100.jpg
15855,train,9,K,K1114.jpg
15856,train,9,K,K718.jpg
15857,train,9,K,K1672.jpg
3853,val,9,K,K2353.jpg
15858,train,9,K,K1882.jpg
15859,train,9,K,K730.jpg
15860,train,9,K,K2435.jpg
15861,train,9,K,K2421.jpg
3854,val,9,K,K1128.jpg
15862,train,9,K,K724.jpg
3855,val,9,K,K1896.jpg
15863,train,9,K,K2347.jpg
15864,train,9,K,K1909.jpg
15865,train,9,K,K863.jpg
15866,train,9,K,K877.jpg
15867,train,9,K,K1935.jpg
15868,train,9,K,K687.jpg
3856,val,9,K,K693.jpg
15869,train,9,K,K1921.jpg
15870,train,9,K,K1712.jpg
15871,train,9,K,K678.jpg
15872,train,9,K,K1074.jpg
3857,val,9,K,K1060.jpg
15873,train,9,K,K1706.jpg
3858,val,9,K,K2227.jpg
3859,val,9,K,K122.jpg
3860,val,9,K,K644.jpg
15874,train,9,K,K1048.jpg
3861,val,9,K,K650.jpg
15875,train,9,K,K888.jpg
15876,train,9,K,K136.jpg
15877,train,9,K,K2233.jpg
3862,val,9,K,K2964.jpg
15878,train,9,K,K2970.jpg
15879,train,9,K,K485.jpg
15880,train,9,K,K1289.jpg
3863,val,9,K,K2780.jpg
15881,train,9,K,K2958.jpg
15882,train,9,K,K2794.jpg
3864,val,9,K,K491.jpg
3865,val,9,K,K1276.jpg
3866,val,9,K,K2019.jpg
15883,train,9,K,K1510.jpg
15884,train,9,K,K308.jpg
15885,train,9,K,K1504.jpg
15886,train,9,K,K1262.jpg
15887,train,9,K,K2743.jpg
3867,val,9,K,K446.jpg
15888,train,9,K,K320.jpg
15889,train,9,K,K2025.jpg
15890,train,9,K,K2031.jpg
15891,train,9,K,K334.jpg
15892,train,9,K,K1538.jpg
15893,train,9,K,K452.jpg
15894,train,9,K,K2757.jpg
3868,val,9,K,K2027.jpg
15895,train,9,K,K322.jpg
15896,train,9,K,K444.jpg
15897,train,9,K,K1248.jpg
15898,train,9,K,K2741.jpg
15899,train,9,K,K2999.jpg
15900,train,9,K,K2755.jpg
3869,val,9,K,K450.jpg
3870,val,9,K,K336.jpg
15901,train,9,K,K2033.jpg
3871,val,9,K,K1512.jpg
3872,val,9,K,K478.jpg
15902,train,9,K,K1274.jpg
3873,val,9,K,K1260.jpg
15903,train,9,K,K2769.jpg
15904,train,9,K,K1506.jpg
15905,train,9,K,K2782.jpg
15906,train,9,K,K487.jpg
3874,val,9,K,K493.jpg
3875,val,9,K,K2796.jpg
15907,train,9,K,K646.jpg
15908,train,9,K,K120.jpg
15909,train,9,K,K2225.jpg
15910,train,9,K,K2231.jpg
15911,train,9,K,K134.jpg
3876,val,9,K,K1738.jpg
15912,train,9,K,K652.jpg
15913,train,9,K,K1076.jpg
15914,train,9,K,K2219.jpg
15915,train,9,K,K1710.jpg
15916,train,9,K,K108.jpg
15917,train,9,K,K1704.jpg
3877,val,9,K,K1062.jpg
15918,train,9,K,K685.jpg
15919,train,9,K,K1089.jpg
15920,train,9,K,K1937.jpg
15921,train,9,K,K1923.jpg
15922,train,9,K,K691.jpg
15923,train,9,K,K849.jpg
15924,train,9,K,K861.jpg
15925,train,9,K,K875.jpg
3878,val,9,K,K2437.jpg
15926,train,9,K,K732.jpg
15927,train,9,K,K1658.jpg
15928,train,9,K,K1880.jpg
15929,train,9,K,K2351.jpg
15930,train,9,K,K2345.jpg
15931,train,9,K,K1894.jpg
15932,train,9,K,K726.jpg
3879,val,9,K,K2423.jpg
15933,train,9,K,K1102.jpg
15934,train,9,K,K1664.jpg
15935,train,9,K,K1670.jpg
15936,train,9,K,K2379.jpg
3880,val,9,K,K1116.jpg
15937,train,9,K,K929.jpg
15938,train,9,K,K39.jpg
15939,train,9,K,K2392.jpg
15940,train,9,K,K1843.jpg
15941,train,9,K,K1857.jpg
15942,train,9,K,K2386.jpg
15943,train,9,K,K915.jpg
15944,train,9,K,K901.jpg
15945,train,9,K,K11.jpg
15946,train,9,K,K2153.jpg
15947,train,9,K,K256.jpg
15948,train,9,K,K530.jpg
15949,train,9,K,K1328.jpg
15950,train,9,K,K524.jpg
15951,train,9,K,K242.jpg
15952,train,9,K,K2147.jpg
15953,train,9,K,K1466.jpg
15954,train,9,K,K1300.jpg
15955,train,9,K,K1314.jpg
3881,val,9,K,K518.jpg
15956,train,9,K,K1472.jpg
15957,train,9,K,K1499.jpg
3882,val,9,K,K295.jpg
3883,val,9,K,K2190.jpg
15958,train,9,K,K2184.jpg
15959,train,9,K,K281.jpg
15960,train,9,K,K2812.jpg
15961,train,9,K,K2806.jpg
15962,train,9,K,K2807.jpg
15963,train,9,K,K2813.jpg
15964,train,9,K,K280.jpg
3884,val,9,K,K2185.jpg
15965,train,9,K,K2191.jpg
15966,train,9,K,K294.jpg
15967,train,9,K,K1498.jpg
15968,train,9,K,K519.jpg
15969,train,9,K,K1315.jpg
15970,train,9,K,K1473.jpg
15971,train,9,K,K1467.jpg
15972,train,9,K,K1301.jpg
15973,train,9,K,K525.jpg
15974,train,9,K,K1329.jpg
3885,val,9,K,K2146.jpg
15975,train,9,K,K243.jpg
3886,val,9,K,K257.jpg
15976,train,9,K,K2152.jpg
3887,val,9,K,K531.jpg
15977,train,9,K,K10.jpg
15978,train,9,K,K900.jpg
15979,train,9,K,K914.jpg
3888,val,9,K,K2387.jpg
3889,val,9,K,K1856.jpg
15980,train,9,K,K38.jpg
15981,train,9,K,K928.jpg
3890,val,9,K,K1842.jpg
3891,val,9,K,K2393.jpg
15982,train,9,K,K2378.jpg
15983,train,9,K,K1671.jpg
3892,val,9,K,K1117.jpg
15984,train,9,K,K1103.jpg
15985,train,9,K,K1665.jpg
15986,train,9,K,K1895.jpg
3893,val,9,K,K2344.jpg
3894,val,9,K,K2422.jpg
15987,train,9,K,K727.jpg
3895,val,9,K,K733.jpg
3896,val,9,K,K2436.jpg
15988,train,9,K,K2350.jpg
3897,val,9,K,K1881.jpg
15989,train,9,K,K1659.jpg
3898,val,9,K,K874.jpg
15990,train,9,K,K860.jpg
3899,val,9,K,K1922.jpg
15991,train,9,K,K848.jpg
15992,train,9,K,K690.jpg
15993,train,9,K,K1088.jpg
15994,train,9,K,K684.jpg
15995,train,9,K,K1936.jpg
15996,train,9,K,K1705.jpg
15997,train,9,K,K109.jpg
15998,train,9,K,K1063.jpg
15999,train,9,K,K1077.jpg
16000,train,9,K,K1711.jpg
16001,train,9,K,K2218.jpg
16002,train,9,K,K1739.jpg
16003,train,9,K,K135.jpg
16004,train,9,K,K2230.jpg
3900,val,9,K,K653.jpg
3901,val,9,K,K647.jpg
3902,val,9,K,K2224.jpg
16005,train,9,K,K121.jpg
16006,train,9,K,K2973.jpg
16007,train,9,K,K2967.jpg
16008,train,9,K,K2797.jpg
16009,train,9,K,K492.jpg
16010,train,9,K,K486.jpg
16011,train,9,K,K2783.jpg
16012,train,9,K,K2768.jpg
16013,train,9,K,K1261.jpg
16014,train,9,K,K1507.jpg
16015,train,9,K,K1513.jpg
16016,train,9,K,K1275.jpg
16017,train,9,K,K479.jpg
16018,train,9,K,K451.jpg
16019,train,9,K,K2754.jpg
16020,train,9,K,K2032.jpg
16021,train,9,K,K337.jpg
3903,val,9,K,K323.jpg
3904,val,9,K,K2026.jpg
3905,val,9,K,K2998.jpg
16022,train,9,K,K2740.jpg
16023,train,9,K,K1249.jpg
16024,train,9,K,K445.jpg
16025,train,9,K,K2778.jpg
16026,train,9,K,K1271.jpg
16027,train,9,K,K1517.jpg
16028,train,9,K,K1503.jpg
16029,train,9,K,K469.jpg
3906,val,9,K,K1265.jpg
3907,val,9,K,K441.jpg
3908,val,9,K,K2744.jpg
16030,train,9,K,K2022.jpg
3909,val,9,K,K327.jpg
3910,val,9,K,K333.jpg
3911,val,9,K,K2036.jpg
16031,train,9,K,K2750.jpg
16032,train,9,K,K2988.jpg
3912,val,9,K,K455.jpg
16033,train,9,K,K1259.jpg
16034,train,9,K,K2963.jpg
3913,val,9,K,K2787.jpg
16035,train,9,K,K482.jpg
16036,train,9,K,K496.jpg
3914,val,9,K,K2793.jpg
16037,train,9,K,K119.jpg
3915,val,9,K,K1715.jpg
3916,val,9,K,K1073.jpg
16038,train,9,K,K1067.jpg
16039,train,9,K,K1701.jpg
16040,train,9,K,K2208.jpg
3917,val,9,K,K125.jpg
3918,val,9,K,K1729.jpg
16041,train,9,K,K2220.jpg
16042,train,9,K,K643.jpg
16043,train,9,K,K657.jpg
3919,val,9,K,K2234.jpg
16044,train,9,K,K131.jpg
16045,train,9,K,K864.jpg
16046,train,9,K,K870.jpg
3920,val,9,K,K1932.jpg
16047,train,9,K,K680.jpg
3921,val,9,K,K858.jpg
3922,val,9,K,K694.jpg
16048,train,9,K,K1098.jpg
3923,val,9,K,K1926.jpg
16049,train,9,K,K2368.jpg
3924,val,9,K,K1661.jpg
16050,train,9,K,K1107.jpg
16051,train,9,K,K1113.jpg
3925,val,9,K,K1675.jpg
16052,train,9,K,K1885.jpg
16053,train,9,K,K2354.jpg
16054,train,9,K,K2432.jpg
3926,val,9,K,K737.jpg
16055,train,9,K,K723.jpg
16056,train,9,K,K2426.jpg
3927,val,9,K,K2340.jpg
3928,val,9,K,K1649.jpg
16057,train,9,K,K1891.jpg
16058,train,9,K,K910.jpg
16059,train,9,K,K904.jpg
16060,train,9,K,K14.jpg
3929,val,9,K,K2397.jpg
16061,train,9,K,K1846.jpg
16062,train,9,K,K938.jpg
16063,train,9,K,K28.jpg
16064,train,9,K,K1852.jpg
3930,val,9,K,K2383.jpg
16065,train,9,K,K1305.jpg
16066,train,9,K,K509.jpg
16067,train,9,K,K1463.jpg
16068,train,9,K,K1477.jpg
16069,train,9,K,K1311.jpg
16070,train,9,K,K1339.jpg
16071,train,9,K,K535.jpg
16072,train,9,K,K2156.jpg
16073,train,9,K,K253.jpg
16074,train,9,K,K247.jpg
3931,val,9,K,K2142.jpg
16075,train,9,K,K521.jpg
16076,train,9,K,K2817.jpg
16077,train,9,K,K2803.jpg
16078,train,9,K,K290.jpg
16079,train,9,K,K2195.jpg
16080,train,9,K,K2181.jpg
3932,val,9,K,K1488.jpg
16081,train,9,K,K284.jpg
16082,train,9,K,K285.jpg
3933,val,9,K,K1489.jpg
16083,train,9,K,K2180.jpg
16084,train,9,K,K2194.jpg
16085,train,9,K,K291.jpg
3934,val,9,K,K2802.jpg
16086,train,9,K,K2816.jpg
16087,train,9,K,K2143.jpg
3935,val,9,K,K246.jpg
3936,val,9,K,K520.jpg
16088,train,9,K,K534.jpg
16089,train,9,K,K1338.jpg
16090,train,9,K,K252.jpg
3937,val,9,K,K2157.jpg
16091,train,9,K,K1476.jpg
3938,val,9,K,K1310.jpg
16092,train,9,K,K508.jpg
3939,val,9,K,K1304.jpg
3940,val,9,K,K1462.jpg
16093,train,9,K,K29.jpg
16094,train,9,K,K939.jpg
16095,train,9,K,K2382.jpg
3941,val,9,K,K1853.jpg
16096,train,9,K,K1847.jpg
3942,val,9,K,K2396.jpg
16097,train,9,K,K15.jpg
3943,val,9,K,K905.jpg
16098,train,9,K,K911.jpg
16099,train,9,K,K2427.jpg
16100,train,9,K,K722.jpg
16101,train,9,K,K1890.jpg
16102,train,9,K,K1648.jpg
16103,train,9,K,K2341.jpg
16104,train,9,K,K2355.jpg
16105,train,9,K,K1884.jpg
16106,train,9,K,K736.jpg
16107,train,9,K,K2433.jpg
3944,val,9,K,K1112.jpg
16108,train,9,K,K1674.jpg
3945,val,9,K,K1660.jpg
16109,train,9,K,K2369.jpg
3946,val,9,K,K1106.jpg
16110,train,9,K,K1099.jpg
16111,train,9,K,K695.jpg
16112,train,9,K,K1927.jpg
16113,train,9,K,K1933.jpg
3947,val,9,K,K859.jpg
16114,train,9,K,K681.jpg
16115,train,9,K,K871.jpg
16116,train,9,K,K865.jpg
16117,train,9,K,K656.jpg
16118,train,9,K,K130.jpg
16119,train,9,K,K2235.jpg
16120,train,9,K,K2221.jpg
16121,train,9,K,K1728.jpg
16122,train,9,K,K124.jpg
16123,train,9,K,K642.jpg
16124,train,9,K,K1066.jpg
16125,train,9,K,K2209.jpg
16126,train,9,K,K1700.jpg
16127,train,9,K,K1714.jpg
16128,train,9,K,K118.jpg
3948,val,9,K,K1072.jpg
16129,train,9,K,K2792.jpg
16130,train,9,K,K497.jpg
3949,val,9,K,K483.jpg
16131,train,9,K,K2786.jpg
16132,train,9,K,K2962.jpg
3950,val,9,K,K2037.jpg
16133,train,9,K,K332.jpg
16134,train,9,K,K1258.jpg
16135,train,9,K,K454.jpg
16136,train,9,K,K2989.jpg
16137,train,9,K,K2751.jpg
16138,train,9,K,K2745.jpg
16139,train,9,K,K440.jpg
16140,train,9,K,K326.jpg
16141,train,9,K,K2023.jpg
3951,val,9,K,K1502.jpg
16142,train,9,K,K1264.jpg
16143,train,9,K,K468.jpg
3952,val,9,K,K1270.jpg
16144,train,9,K,K2779.jpg
16145,train,9,K,K1516.jpg
16146,train,9,K,K1266.jpg
16147,train,9,K,K2009.jpg
3953,val,9,K,K1500.jpg
16148,train,9,K,K1514.jpg
16149,train,9,K,K318.jpg
16150,train,9,K,K1272.jpg
16151,train,9,K,K2753.jpg
3954,val,9,K,K456.jpg
16152,train,9,K,K330.jpg
16153,train,9,K,K2035.jpg
16154,train,9,K,K2021.jpg
16155,train,9,K,K1528.jpg
16156,train,9,K,K324.jpg
16157,train,9,K,K442.jpg
3955,val,9,K,K2747.jpg
16158,train,9,K,K2974.jpg
16159,train,9,K,K2960.jpg
16160,train,9,K,K1299.jpg
16161,train,9,K,K495.jpg
16162,train,9,K,K2948.jpg
3956,val,9,K,K2790.jpg
16163,train,9,K,K2784.jpg
3957,val,9,K,K481.jpg
3958,val,9,K,K1702.jpg
16164,train,9,K,K1064.jpg
3959,val,9,K,K668.jpg
16165,train,9,K,K1070.jpg
16166,train,9,K,K1716.jpg
16167,train,9,K,K2237.jpg
16168,train,9,K,K132.jpg
16169,train,9,K,K1058.jpg
16170,train,9,K,K654.jpg
16171,train,9,K,K898.jpg
16172,train,9,K,K640.jpg
16173,train,9,K,K126.jpg
3960,val,9,K,K2223.jpg
16174,train,9,K,K1919.jpg
16175,train,9,K,K873.jpg
16176,train,9,K,K867.jpg
16177,train,9,K,K1925.jpg
16178,train,9,K,K697.jpg
16179,train,9,K,K683.jpg
16180,train,9,K,K1931.jpg
16181,train,9,K,K1676.jpg
3961,val,9,K,K2419.jpg
3962,val,9,K,K1110.jpg
16182,train,9,K,K708.jpg
16183,train,9,K,K1104.jpg
16184,train,9,K,K1662.jpg
16185,train,9,K,K2343.jpg
16186,train,9,K,K1892.jpg
16187,train,9,K,K720.jpg
16188,train,9,K,K2425.jpg
16189,train,9,K,K2431.jpg
3963,val,9,K,K734.jpg
16190,train,9,K,K1138.jpg
16191,train,9,K,K1886.jpg
16192,train,9,K,K2357.jpg
3964,val,9,K,K907.jpg
16193,train,9,K,K17.jpg
16194,train,9,K,K913.jpg
16195,train,9,K,K1879.jpg
16196,train,9,K,K1851.jpg
3965,val,9,K,K2380.jpg
16197,train,9,K,K2394.jpg
16198,train,9,K,K1845.jpg
16199,train,9,K,K1312.jpg
16200,train,9,K,K278.jpg
3966,val,9,K,K1474.jpg
16201,train,9,K,K1460.jpg
16202,train,9,K,K2169.jpg
16203,train,9,K,K1306.jpg
16204,train,9,K,K522.jpg
16205,train,9,K,K244.jpg
16206,train,9,K,K1448.jpg
3967,val,9,K,K2141.jpg
16207,train,9,K,K2155.jpg
16208,train,9,K,K250.jpg
3968,val,9,K,K536.jpg
16209,train,9,K,K2800.jpg
16210,train,9,K,K2814.jpg
16211,train,9,K,K2182.jpg
16212,train,9,K,K287.jpg
16213,train,9,K,K293.jpg
16214,train,9,K,K2196.jpg
16215,train,9,K,K2828.jpg
16216,train,9,K,K2197.jpg
16217,train,9,K,K292.jpg
3969,val,9,K,K2829.jpg
3970,val,9,K,K286.jpg
16218,train,9,K,K2183.jpg
3971,val,9,K,K2815.jpg
3972,val,9,K,K2801.jpg
16219,train,9,K,K251.jpg
16220,train,9,K,K2154.jpg
16221,train,9,K,K537.jpg
16222,train,9,K,K523.jpg
16223,train,9,K,K2140.jpg
16224,train,9,K,K1449.jpg
16225,train,9,K,K245.jpg
16226,train,9,K,K2168.jpg
3973,val,9,K,K1461.jpg
16227,train,9,K,K1307.jpg
3974,val,9,K,K1313.jpg
16228,train,9,K,K1475.jpg
16229,train,9,K,K279.jpg
16230,train,9,K,K1844.jpg
3975,val,9,K,K2395.jpg
16231,train,9,K,K2381.jpg
16232,train,9,K,K1688.jpg
16233,train,9,K,K1850.jpg
16234,train,9,K,K912.jpg
16235,train,9,K,K1878.jpg
16236,train,9,K,K16.jpg
3976,val,9,K,K906.jpg
16237,train,9,K,K1139.jpg
3977,val,9,K,K735.jpg
16238,train,9,K,K2430.jpg
16239,train,9,K,K2356.jpg
16240,train,9,K,K1887.jpg
16241,train,9,K,K1893.jpg
16242,train,9,K,K2342.jpg
16243,train,9,K,K2424.jpg
16244,train,9,K,K721.jpg
16245,train,9,K,K1105.jpg
3978,val,9,K,K709.jpg
16246,train,9,K,K1663.jpg
3979,val,9,K,K1677.jpg
16247,train,9,K,K1111.jpg
16248,train,9,K,K2418.jpg
16249,train,9,K,K682.jpg
16250,train,9,K,K1930.jpg
16251,train,9,K,K1924.jpg
16252,train,9,K,K696.jpg
16253,train,9,K,K866.jpg
16254,train,9,K,K1918.jpg
16255,train,9,K,K872.jpg
3980,val,9,K,K641.jpg
16256,train,9,K,K899.jpg
16257,train,9,K,K2222.jpg
3981,val,9,K,K127.jpg
16258,train,9,K,K133.jpg
16259,train,9,K,K2236.jpg
3982,val,9,K,K655.jpg
16260,train,9,K,K1059.jpg
16261,train,9,K,K1071.jpg
16262,train,9,K,K1717.jpg
16263,train,9,K,K1703.jpg
16264,train,9,K,K669.jpg
16265,train,9,K,K1065.jpg
16266,train,9,K,K480.jpg
3983,val,9,K,K2785.jpg
16267,train,9,K,K2791.jpg
16268,train,9,K,K2949.jpg
3984,val,9,K,K494.jpg
16269,train,9,K,K1298.jpg
16270,train,9,K,K2961.jpg
16271,train,9,K,K325.jpg
16272,train,9,K,K1529.jpg
16273,train,9,K,K2020.jpg
16274,train,9,K,K2746.jpg
16275,train,9,K,K443.jpg
16276,train,9,K,K457.jpg
16277,train,9,K,K2752.jpg
16278,train,9,K,K2034.jpg
3985,val,9,K,K331.jpg
3986,val,9,K,K319.jpg
16279,train,9,K,K1515.jpg
16280,train,9,K,K1273.jpg
16281,train,9,K,K1267.jpg
16282,train,9,K,K1501.jpg
16283,train,9,K,K2008.jpg
16284,train,9,K,K430.jpg
16285,train,9,K,K2735.jpg
16286,train,9,K,K2053.jpg
16287,train,9,K,K356.jpg
16288,train,9,K,K342.jpg
16289,train,9,K,K2047.jpg
16290,train,9,K,K2721.jpg
16291,train,9,K,K424.jpg
16292,train,9,K,K1228.jpg
16293,train,9,K,K2709.jpg
16294,train,9,K,K1200.jpg
16295,train,9,K,K1566.jpg
16296,train,9,K,K1572.jpg
3987,val,9,K,K418.jpg
16297,train,9,K,K1214.jpg
16298,train,9,K,K395.jpg
16299,train,9,K,K1599.jpg
16300,train,9,K,K2090.jpg
16301,train,9,K,K2084.jpg
3988,val,9,K,K381.jpg
16302,train,9,K,K2912.jpg
3989,val,9,K,K2906.jpg
16303,train,9,K,K1980.jpg
16304,train,9,K,K1758.jpg
16305,train,9,K,K2251.jpg
16306,train,9,K,K632.jpg
16307,train,9,K,K626.jpg
16308,train,9,K,K2245.jpg
3990,val,9,K,K140.jpg
3991,val,9,K,K1994.jpg
16309,train,9,K,K1764.jpg
16310,train,9,K,K1002.jpg
16311,train,9,K,K1016.jpg
16312,train,9,K,K1770.jpg
3992,val,9,K,K2279.jpg
16313,train,9,K,K2292.jpg
16314,train,9,K,K1943.jpg
16315,train,9,K,K197.jpg
16316,train,9,K,K829.jpg
16317,train,9,K,K1957.jpg
16318,train,9,K,K2286.jpg
16319,train,9,K,K815.jpg
16320,train,9,K,K801.jpg
16321,train,9,K,K2325.jpg
16322,train,9,K,K2443.jpg
16323,train,9,K,K746.jpg
16324,train,9,K,K752.jpg
16325,train,9,K,K2457.jpg
16326,train,9,K,K2331.jpg
16327,train,9,K,K1638.jpg
16328,train,9,K,K2319.jpg
16329,train,9,K,K1610.jpg
16330,train,9,K,K1176.jpg
3993,val,9,K,K1162.jpg
16331,train,9,K,K1604.jpg
3994,val,9,K,K1837.jpg
16332,train,9,K,K1189.jpg
16333,train,9,K,K785.jpg
16334,train,9,K,K2480.jpg
16335,train,9,K,K2494.jpg
3995,val,9,K,K949.jpg
16336,train,9,K,K791.jpg
3996,val,9,K,K59.jpg
16337,train,9,K,K1823.jpg
16338,train,9,K,K961.jpg
16339,train,9,K,K71.jpg
16340,train,9,K,K975.jpg
3997,val,9,K,K65.jpg
16341,train,9,K,K1348.jpg
16342,train,9,K,K544.jpg
16343,train,9,K,K2899.jpg
16344,train,9,K,K2127.jpg
16345,train,9,K,K222.jpg
16346,train,9,K,K236.jpg
16347,train,9,K,K2133.jpg
3998,val,9,K,K550.jpg
3999,val,9,K,K1374.jpg
16348,train,9,K,K578.jpg
16349,train,9,K,K1412.jpg
16350,train,9,K,K1406.jpg
16351,train,9,K,K1360.jpg
16352,train,9,K,K587.jpg
16353,train,9,K,K593.jpg
16354,train,9,K,K2696.jpg
16355,train,9,K,K2866.jpg
16356,train,9,K,K2872.jpg
16357,train,9,K,K2873.jpg
16358,train,9,K,K2867.jpg
4000,val,9,K,K2697.jpg
16359,train,9,K,K592.jpg
16360,train,9,K,K586.jpg
16361,train,9,K,K1407.jpg
16362,train,9,K,K1361.jpg
16363,train,9,K,K579.jpg
16364,train,9,K,K1375.jpg
4001,val,9,K,K1413.jpg
16365,train,9,K,K2132.jpg
16366,train,9,K,K237.jpg
16367,train,9,K,K551.jpg
16368,train,9,K,K2898.jpg
16369,train,9,K,K545.jpg
16370,train,9,K,K1349.jpg
16371,train,9,K,K223.jpg
16372,train,9,K,K2126.jpg
16373,train,9,K,K64.jpg
16374,train,9,K,K974.jpg
16375,train,9,K,K70.jpg
16376,train,9,K,K960.jpg
16377,train,9,K,K58.jpg
4002,val,9,K,K790.jpg
4003,val,9,K,K948.jpg
16378,train,9,K,K2495.jpg
16379,train,9,K,K1822.jpg
16380,train,9,K,K1836.jpg
4004,val,9,K,K2481.jpg
16381,train,9,K,K784.jpg
4005,val,9,K,K1188.jpg
16382,train,9,K,K1163.jpg
16383,train,9,K,K1605.jpg
16384,train,9,K,K1611.jpg
4006,val,9,K,K2318.jpg
16385,train,9,K,K1177.jpg
16386,train,9,K,K2456.jpg
16387,train,9,K,K753.jpg
4007,val,9,K,K1639.jpg
16388,train,9,K,K2330.jpg
16389,train,9,K,K2324.jpg
16390,train,9,K,K747.jpg
16391,train,9,K,K2442.jpg
16392,train,9,K,K800.jpg
16393,train,9,K,K814.jpg
4008,val,9,K,K2287.jpg
16394,train,9,K,K1956.jpg
16395,train,9,K,K196.jpg
16396,train,9,K,K1942.jpg
16397,train,9,K,K2293.jpg
16398,train,9,K,K828.jpg
16399,train,9,K,K1017.jpg
16400,train,9,K,K2278.jpg
16401,train,9,K,K1771.jpg
16402,train,9,K,K1765.jpg
16403,train,9,K,K1003.jpg
16404,train,9,K,K627.jpg
4009,val,9,K,K1995.jpg
4010,val,9,K,K141.jpg
16405,train,9,K,K2244.jpg
16406,train,9,K,K2250.jpg
16407,train,9,K,K1759.jpg
4011,val,9,K,K1981.jpg
16408,train,9,K,K633.jpg
16409,train,9,K,K1.jpg
16410,train,9,K,K2907.jpg
4012,val,9,K,K2913.jpg
16411,train,9,K,K380.jpg
16412,train,9,K,K2085.jpg
16413,train,9,K,K2091.jpg
16414,train,9,K,K1598.jpg
16415,train,9,K,K394.jpg
16416,train,9,K,K1573.jpg
16417,train,9,K,K1215.jpg
4013,val,9,K,K419.jpg
16418,train,9,K,K1201.jpg
16419,train,9,K,K2708.jpg
16420,train,9,K,K1567.jpg
16421,train,9,K,K2046.jpg
16422,train,9,K,K343.jpg
16423,train,9,K,K1229.jpg
16424,train,9,K,K425.jpg
4014,val,9,K,K2734.jpg
16425,train,9,K,K431.jpg
16426,train,9,K,K357.jpg
16427,train,9,K,K2052.jpg
16428,train,9,K,K427.jpg
16429,train,9,K,K341.jpg
4015,val,9,K,K2044.jpg
4016,val,9,K,K2050.jpg
16430,train,9,K,K1559.jpg
4017,val,9,K,K355.jpg
16431,train,9,K,K433.jpg
4018,val,9,K,K2736.jpg
4019,val,9,K,K1217.jpg
16432,train,9,K,K2078.jpg
16433,train,9,K,K1571.jpg
4020,val,9,K,K1565.jpg
16434,train,9,K,K369.jpg
16435,train,9,K,K1203.jpg
16436,train,9,K,K2939.jpg
16437,train,9,K,K2087.jpg
16438,train,9,K,K382.jpg
4021,val,9,K,K396.jpg
16439,train,9,K,K2093.jpg
16440,train,9,K,K2905.jpg
16441,train,9,K,K3.jpg
16442,train,9,K,K2911.jpg
16443,train,9,K,K2246.jpg
4022,val,9,K,K143.jpg
4023,val,9,K,K1997.jpg
16444,train,9,K,K1029.jpg
16445,train,9,K,K625.jpg
16446,train,9,K,K631.jpg
16447,train,9,K,K1983.jpg
16448,train,9,K,K157.jpg
16449,train,9,K,K2252.jpg
16450,train,9,K,K1773.jpg
16451,train,9,K,K1015.jpg
16452,train,9,K,K619.jpg
4024,val,9,K,K1001.jpg
16453,train,9,K,K1767.jpg
16454,train,9,K,K1954.jpg
16455,train,9,K,K2285.jpg
16456,train,9,K,K2291.jpg
16457,train,9,K,K1798.jpg
16458,train,9,K,K1940.jpg
4025,val,9,K,K194.jpg
4026,val,9,K,K1968.jpg
16459,train,9,K,K802.jpg
16460,train,9,K,K816.jpg
16461,train,9,K,K2332.jpg
16462,train,9,K,K751.jpg
16463,train,9,K,K99.jpg
16464,train,9,K,K989.jpg
16465,train,9,K,K2454.jpg
4027,val,9,K,K2440.jpg
4028,val,9,K,K745.jpg
16466,train,9,K,K1149.jpg
16467,train,9,K,K2326.jpg
4029,val,9,K,K1607.jpg
16468,train,9,K,K2468.jpg
4030,val,9,K,K1161.jpg
16469,train,9,K,K779.jpg
16470,train,9,K,K1175.jpg
16471,train,9,K,K1613.jpg
16472,train,9,K,K1820.jpg
16473,train,9,K,K2497.jpg
16474,train,9,K,K792.jpg
4031,val,9,K,K786.jpg
16475,train,9,K,K2483.jpg
4032,val,9,K,K1834.jpg
16476,train,9,K,K976.jpg
16477,train,9,K,K66.jpg
16478,train,9,K,K962.jpg
16479,train,9,K,K72.jpg
16480,train,9,K,K1808.jpg
4033,val,9,K,K553.jpg
16481,train,9,K,K235.jpg
4034,val,9,K,K1439.jpg
16482,train,9,K,K2130.jpg
4035,val,9,K,K2124.jpg
16483,train,9,K,K221.jpg
16484,train,9,K,K547.jpg
16485,train,9,K,K1363.jpg
4036,val,9,K,K209.jpg
16486,train,9,K,K1405.jpg
16487,train,9,K,K1411.jpg
16488,train,9,K,K2118.jpg
16489,train,9,K,K1377.jpg
16490,train,9,K,K590.jpg
16491,train,9,K,K2695.jpg
16492,train,9,K,K2859.jpg
16493,train,9,K,K584.jpg
4037,val,9,K,K1388.jpg
16494,train,9,K,K2871.jpg
16495,train,9,K,K2865.jpg
16496,train,9,K,K2864.jpg
16497,train,9,K,K2870.jpg
16498,train,9,K,K1389.jpg
16499,train,9,K,K585.jpg
16500,train,9,K,K2858.jpg
16501,train,9,K,K2694.jpg
16502,train,9,K,K591.jpg
16503,train,9,K,K2119.jpg
16504,train,9,K,K1410.jpg
16505,train,9,K,K1376.jpg
16506,train,9,K,K1362.jpg
16507,train,9,K,K1404.jpg
16508,train,9,K,K208.jpg
4038,val,9,K,K220.jpg
4039,val,9,K,K2125.jpg
16509,train,9,K,K546.jpg
16510,train,9,K,K552.jpg
4040,val,9,K,K2131.jpg
16511,train,9,K,K1438.jpg
16512,train,9,K,K234.jpg
16513,train,9,K,K73.jpg
16514,train,9,K,K963.jpg
16515,train,9,K,K1809.jpg
4041,val,9,K,K67.jpg
16516,train,9,K,K977.jpg
16517,train,9,K,K2482.jpg
16518,train,9,K,K787.jpg
16519,train,9,K,K1835.jpg
16520,train,9,K,K1821.jpg
16521,train,9,K,K793.jpg
16522,train,9,K,K2496.jpg
16523,train,9,K,K1174.jpg
16524,train,9,K,K778.jpg
16525,train,9,K,K1612.jpg
4042,val,9,K,K1606.jpg
16526,train,9,K,K1160.jpg
16527,train,9,K,K2469.jpg
16528,train,9,K,K1148.jpg
16529,train,9,K,K744.jpg
16530,train,9,K,K2441.jpg
16531,train,9,K,K2327.jpg
4043,val,9,K,K2333.jpg
16532,train,9,K,K2455.jpg
16533,train,9,K,K988.jpg
16534,train,9,K,K98.jpg
4044,val,9,K,K750.jpg
16535,train,9,K,K817.jpg
16536,train,9,K,K1969.jpg
16537,train,9,K,K803.jpg
4045,val,9,K,K195.jpg
16538,train,9,K,K1941.jpg
4046,val,9,K,K1799.jpg
16539,train,9,K,K2290.jpg
16540,train,9,K,K2284.jpg
16541,train,9,K,K1955.jpg
16542,train,9,K,K1000.jpg
16543,train,9,K,K1766.jpg
4047,val,10,L,L1960.jpg
16544,train,10,L,L328.jpg
16545,train,10,L,L1974.jpg
16546,train,10,L,L466.jpg
16547,train,10,L,L300.jpg
4048,val,10,L,L1784.jpg
16548,train,10,L,L2299.jpg
16549,train,10,L,L314.jpg
4049,val,10,L,L1790.jpg
16550,train,10,L,L1948.jpg
16551,train,10,L,L472.jpg
16552,train,10,L,L499.jpg
16553,train,10,L,L2272.jpg
16554,train,10,L,L2266.jpg
16555,train,10,L,L1009.jpg
16556,train,10,L,L2500.jpg
16557,train,10,L,L1021.jpg
4050,val,10,L,L7.jpg
16558,train,10,L,L1747.jpg
4051,val,10,L,L1753.jpg
16559,train,10,L,L1035.jpg
16560,train,10,L,L658.jpg
16561,train,10,L,L880.jpg
4052,val,10,L,L894.jpg
16562,train,10,L,L2919.jpg
16563,train,10,L,L102.jpg
16564,train,10,L,L664.jpg
16565,train,10,L,L2931.jpg
16566,train,10,L,L2925.jpg
16567,train,10,L,L670.jpg
16568,train,10,L,L116.jpg
16569,train,10,L,L2070.jpg
16570,train,10,L,L843.jpg
16571,train,10,L,L2716.jpg
16572,train,10,L,L857.jpg
16573,train,10,L,L2064.jpg
16574,train,10,L,L1545.jpg
4053,val,10,L,L2058.jpg
16575,train,10,L,L2879.jpg
16576,train,10,L,L738.jpg
16577,train,10,L,L1394.jpg
4054,val,10,L,L710.jpg
16578,train,10,L,L2845.jpg
16579,train,10,L,L2851.jpg
16580,train,10,L,L1380.jpg
16581,train,10,L,L704.jpg
16582,train,10,L,L48.jpg
16583,train,10,L,L937.jpg
16584,train,10,L,L923.jpg
4055,val,10,L,L1419.jpg
16585,train,10,L,L2110.jpg
16586,train,10,L,L1431.jpg
16587,train,10,L,L2138.jpg
16588,train,10,L,L2886.jpg
4056,val,10,L,L1357.jpg
16589,train,10,L,L74.jpg
16590,train,10,L,L1343.jpg
16591,train,10,L,L60.jpg
16592,train,10,L,L2892.jpg
16593,train,10,L,L1425.jpg
4057,val,10,L,L1814.jpg
16594,train,10,L,L248.jpg
16595,train,10,L,L1800.jpg
16596,train,10,L,L512.jpg
16597,train,10,L,L1828.jpg
16598,train,10,L,L274.jpg
16599,train,10,L,L260.jpg
16600,train,10,L,L506.jpg
4058,val,10,L,L1182.jpg
16601,train,10,L,L2460.jpg
4059,val,10,L,L1169.jpg
16602,train,10,L,L2306.jpg
4060,val,10,L,L2312.jpg
16603,train,10,L,L2474.jpg
4061,val,10,L,L1155.jpg
16604,train,10,L,L1633.jpg
16605,train,10,L,L1627.jpg
16606,train,10,L,L2448.jpg
16607,train,10,L,L1141.jpg
4062,val,10,L,L1626.jpg
4063,val,10,L,L1140.jpg
4064,val,10,L,L2449.jpg
16608,train,10,L,L1154.jpg
16609,train,10,L,L1632.jpg
16610,train,10,L,L2313.jpg
16611,train,10,L,L2475.jpg
16612,train,10,L,L1168.jpg
4065,val,10,L,L2461.jpg
16613,train,10,L,L2307.jpg
16614,train,10,L,L261.jpg
16615,train,10,L,L1183.jpg
4066,val,10,L,L507.jpg
16616,train,10,L,L513.jpg
16617,train,10,L,L275.jpg
16618,train,10,L,L1829.jpg
16619,train,10,L,L1801.jpg
16620,train,10,L,L249.jpg
16621,train,10,L,L1815.jpg
16622,train,10,L,L2893.jpg
16623,train,10,L,L61.jpg
16624,train,10,L,L1342.jpg
16625,train,10,L,L1424.jpg
16626,train,10,L,L2139.jpg
16627,train,10,L,L1430.jpg
16628,train,10,L,L75.jpg
16629,train,10,L,L1356.jpg
16630,train,10,L,L2887.jpg
16631,train,10,L,L922.jpg
16632,train,10,L,L1418.jpg
4067,val,10,L,L936.jpg
16633,train,10,L,L49.jpg
16634,train,10,L,L705.jpg
16635,train,10,L,L1381.jpg
16636,train,10,L,L2850.jpg
16637,train,10,L,L2844.jpg
16638,train,10,L,L711.jpg
16639,train,10,L,L1395.jpg
16640,train,10,L,L739.jpg
16641,train,10,L,L2878.jpg
16642,train,10,L,L1236.jpg
16643,train,10,L,L2059.jpg
16644,train,10,L,L1544.jpg
16645,train,10,L,L856.jpg
16646,train,10,L,L2065.jpg
16647,train,10,L,L2071.jpg
4068,val,10,L,L842.jpg
16648,train,10,L,L671.jpg
16649,train,10,L,L2924.jpg
16650,train,10,L,L117.jpg
16651,train,10,L,L103.jpg
4069,val,10,L,L2930.jpg
16652,train,10,L,L665.jpg
16653,train,10,L,L2918.jpg
16654,train,10,L,L895.jpg
4070,val,10,L,L881.jpg
16655,train,10,L,L659.jpg
16656,train,10,L,L1752.jpg
16657,train,10,L,L1034.jpg
16658,train,10,L,L1020.jpg
16659,train,10,L,L1746.jpg
16660,train,10,L,L6.jpg
16661,train,10,L,L2267.jpg
16662,train,10,L,L1008.jpg
4071,val,10,L,L498.jpg
4072,val,10,L,L2273.jpg
16663,train,10,L,L1949.jpg
16664,train,10,L,L1791.jpg
16665,train,10,L,L315.jpg
16666,train,10,L,L2298.jpg
4073,val,10,L,L473.jpg
16667,train,10,L,L467.jpg
16668,train,10,L,L1785.jpg
4074,val,10,L,L301.jpg
16669,train,10,L,L1975.jpg
16670,train,10,L,L329.jpg
16671,train,10,L,L1961.jpg
16672,train,10,L,L1977.jpg
16673,train,10,L,L1963.jpg
4075,val,10,L,L459.jpg
16674,train,10,L,L471.jpg
16675,train,10,L,L1793.jpg
16676,train,10,L,L317.jpg
16677,train,10,L,L1787.jpg
16678,train,10,L,L303.jpg
16679,train,10,L,L465.jpg
16680,train,10,L,L2265.jpg
4076,val,10,L,L1778.jpg
16681,train,10,L,L2271.jpg
4077,val,10,L,L1036.jpg
16682,train,10,L,L1988.jpg
4078,val,10,L,L1750.jpg
16683,train,10,L,L2259.jpg
16684,train,10,L,L4.jpg
16685,train,10,L,L1744.jpg
16686,train,10,L,L1022.jpg
16687,train,10,L,L129.jpg
16688,train,10,L,L897.jpg
16689,train,10,L,L883.jpg
16690,train,10,L,L115.jpg
16691,train,10,L,L2926.jpg
16692,train,10,L,L673.jpg
16693,train,10,L,L667.jpg
16694,train,10,L,L2932.jpg
16695,train,10,L,L101.jpg
4079,val,10,L,L2067.jpg
16696,train,10,L,L2701.jpg
16697,train,10,L,L854.jpg
16698,train,10,L,L840.jpg
16699,train,10,L,L698.jpg
16700,train,10,L,L2073.jpg
16701,train,10,L,L868.jpg
16702,train,10,L,L1546.jpg
16703,train,10,L,L88.jpg
16704,train,10,L,L2852.jpg
16705,train,10,L,L707.jpg
16706,train,10,L,L1383.jpg
16707,train,10,L,L713.jpg
16708,train,10,L,L1397.jpg
16709,train,10,L,L2846.jpg
4080,val,10,L,L920.jpg
4081,val,10,L,L1368.jpg
16710,train,10,L,L934.jpg
16711,train,10,L,L1426.jpg
16712,train,10,L,L63.jpg
4082,val,10,L,L1340.jpg
16713,train,10,L,L2891.jpg
16714,train,10,L,L2649.jpg
16715,train,10,L,L2885.jpg
4083,val,10,L,L77.jpg
16716,train,10,L,L1354.jpg
16717,train,10,L,L908.jpg
16718,train,10,L,L1432.jpg
16719,train,10,L,L539.jpg
16720,train,10,L,L1803.jpg
4084,val,10,L,L1817.jpg
16721,train,10,L,L1181.jpg
16722,train,10,L,L505.jpg
16723,train,10,L,L2488.jpg
16724,train,10,L,L263.jpg
16725,train,10,L,L277.jpg
16726,train,10,L,L511.jpg
16727,train,10,L,L2477.jpg
16728,train,10,L,L2311.jpg
16729,train,10,L,L1618.jpg
4085,val,10,L,L288.jpg
4086,val,10,L,L2305.jpg
16730,train,10,L,L2463.jpg
16731,train,10,L,L1142.jpg
16732,train,10,L,L1624.jpg
4087,val,10,L,L2339.jpg
16733,train,10,L,L1630.jpg
16734,train,10,L,L1156.jpg
16735,train,10,L,L1631.jpg
4088,val,10,L,L2338.jpg
16736,train,10,L,L1157.jpg
16737,train,10,L,L1143.jpg
16738,train,10,L,L1625.jpg
16739,train,10,L,L2304.jpg
4089,val,10,L,L289.jpg
16740,train,10,L,L2462.jpg
4090,val,10,L,L2476.jpg
16741,train,10,L,L1619.jpg
16742,train,10,L,L2310.jpg
16743,train,10,L,L276.jpg
16744,train,10,L,L510.jpg
16745,train,10,L,L2489.jpg
4091,val,10,L,L504.jpg
16746,train,10,L,L1180.jpg
4092,val,10,L,L262.jpg
4093,val,10,L,L1816.jpg
16747,train,10,L,L538.jpg
16748,train,10,L,L1802.jpg
16749,train,10,L,L909.jpg
16750,train,10,L,L1355.jpg
16751,train,10,L,L76.jpg
16752,train,10,L,L2884.jpg
16753,train,10,L,L1433.jpg
4094,val,10,L,L1427.jpg
16754,train,10,L,L2890.jpg
16755,train,10,L,L1341.jpg
16756,train,10,L,L62.jpg
4095,val,10,L,L935.jpg
16757,train,10,L,L1369.jpg
16758,train,10,L,L2106.jpg
16759,train,10,L,L2112.jpg
16760,train,10,L,L921.jpg
4096,val,10,L,L2847.jpg
16761,train,10,L,L1396.jpg
16762,train,10,L,L712.jpg
16763,train,10,L,L1382.jpg
4097,val,10,L,L706.jpg
16764,train,10,L,L2853.jpg
16765,train,10,L,L89.jpg
4098,val,10,L,L1221.jpg
16766,train,10,L,L1547.jpg
16767,train,10,L,L1235.jpg
4099,val,10,L,L869.jpg
4100,val,10,L,L699.jpg
16768,train,10,L,L841.jpg
4101,val,10,L,L2072.jpg
16769,train,10,L,L2066.jpg
16770,train,10,L,L855.jpg
4102,val,10,L,L2700.jpg
16771,train,10,L,L2933.jpg
16772,train,10,L,L666.jpg
16773,train,10,L,L100.jpg
16774,train,10,L,L2099.jpg
16775,train,10,L,L114.jpg
16776,train,10,L,L672.jpg
16777,train,10,L,L2927.jpg
4103,val,10,L,L882.jpg
16778,train,10,L,L128.jpg
16779,train,10,L,L896.jpg
4104,val,10,L,L1745.jpg
16780,train,10,L,L5.jpg
16781,train,10,L,L1023.jpg
16782,train,10,L,L1037.jpg
16783,train,10,L,L2258.jpg
16784,train,10,L,L1751.jpg
4105,val,10,L,L1989.jpg
4106,val,10,L,L2270.jpg
16785,train,10,L,L1779.jpg
16786,train,10,L,L2264.jpg
4107,val,10,L,L302.jpg
16787,train,10,L,L1786.jpg
16788,train,10,L,L464.jpg
16789,train,10,L,L470.jpg
4108,val,10,L,L316.jpg
4109,val,10,L,L1792.jpg
16790,train,10,L,L1962.jpg
16791,train,10,L,L458.jpg
16792,train,10,L,L1976.jpg
16793,train,10,L,L1796.jpg
16794,train,10,L,L312.jpg
4110,val,10,L,L474.jpg
4111,val,10,L,L460.jpg
4112,val,10,L,L1782.jpg
16795,train,10,L,L306.jpg
16796,train,10,L,L1972.jpg
16797,train,10,L,L448.jpg
16798,train,10,L,L1966.jpg
16799,train,10,L,L1755.jpg
4113,val,10,L,L1033.jpg
4114,val,10,L,L1027.jpg
16800,train,10,L,L2248.jpg
16801,train,10,L,L1999.jpg
16802,train,10,L,L1.jpg
16803,train,10,L,L1741.jpg
16804,train,10,L,L2260.jpg
16805,train,10,L,L1769.jpg
4115,val,10,L,L2274.jpg
16806,train,10,L,L2923.jpg
16807,train,10,L,L676.jpg
16808,train,10,L,L110.jpg
16809,train,10,L,L1594.jpg
16810,train,10,L,L2089.jpg
16811,train,10,L,L104.jpg
16812,train,10,L,L662.jpg
16813,train,10,L,L2937.jpg
4116,val,10,L,L892.jpg
16814,train,10,L,L138.jpg
16815,train,10,L,L886.jpg
16816,train,10,L,L1543.jpg
16817,train,10,L,L879.jpg
16818,train,10,L,L1225.jpg
16819,train,10,L,L851.jpg
16820,train,10,L,L689.jpg
16821,train,10,L,L2062.jpg
16822,train,10,L,L2076.jpg
4117,val,10,L,L845.jpg
16823,train,10,L,L2710.jpg
4118,val,10,L,L2857.jpg
16824,train,10,L,L702.jpg
4119,val,10,L,L1386.jpg
16825,train,10,L,L716.jpg
16826,train,10,L,L1392.jpg
16827,train,10,L,L2843.jpg
16828,train,10,L,L99.jpg
16829,train,10,L,L66.jpg
16830,train,10,L,L1345.jpg
16831,train,10,L,L919.jpg
4120,val,10,L,L2894.jpg
4121,val,10,L,L1423.jpg
16832,train,10,L,L1437.jpg
16833,train,10,L,L2880.jpg
16834,train,10,L,L72.jpg
4122,val,10,L,L1351.jpg
16835,train,10,L,L1379.jpg
16836,train,10,L,L925.jpg
16837,train,10,L,L2116.jpg
16838,train,10,L,L2102.jpg
16839,train,10,L,L931.jpg
4123,val,10,L,L266.jpg
4124,val,10,L,L1184.jpg
16840,train,10,L,L500.jpg
16841,train,10,L,L2499.jpg
16842,train,10,L,L1190.jpg
16843,train,10,L,L514.jpg
16844,train,10,L,L272.jpg
16845,train,10,L,L1806.jpg
4125,val,10,L,L528.jpg
16846,train,10,L,L1812.jpg
16847,train,10,L,L1621.jpg
16848,train,10,L,L2328.jpg
16849,train,10,L,L1147.jpg
16850,train,10,L,L1153.jpg
16851,train,10,L,L1635.jpg
4126,val,10,L,L2314.jpg
16852,train,10,L,L299.jpg
16853,train,10,L,L2472.jpg
16854,train,10,L,L2466.jpg
4127,val,10,L,L1609.jpg
16855,train,10,L,L2300.jpg
16856,train,10,L,L2467.jpg
16857,train,10,L,L2301.jpg
16858,train,10,L,L1608.jpg
16859,train,10,L,L298.jpg
16860,train,10,L,L2315.jpg
4128,val,10,L,L2473.jpg
4129,val,10,L,L1152.jpg
16861,train,10,L,L1634.jpg
16862,train,10,L,L2329.jpg
4130,val,10,L,L1620.jpg
16863,train,10,L,L1146.jpg
16864,train,10,L,L529.jpg
4131,val,10,L,L1813.jpg
16865,train,10,L,L1807.jpg
4132,val,10,L,L515.jpg
16866,train,10,L,L1191.jpg
4133,val,10,L,L2498.jpg
16867,train,10,L,L273.jpg
16868,train,10,L,L267.jpg
16869,train,10,L,L501.jpg
16870,train,10,L,L1185.jpg
16871,train,10,L,L2103.jpg
16872,train,10,L,L930.jpg
16873,train,10,L,L924.jpg
16874,train,10,L,L1378.jpg
16875,train,10,L,L1436.jpg
4134,val,10,L,L1350.jpg
4135,val,10,L,L73.jpg
16876,train,10,L,L2881.jpg
16877,train,10,L,L2895.jpg
16878,train,10,L,L918.jpg
16879,train,10,L,L1344.jpg
16880,train,10,L,L67.jpg
16881,train,10,L,L1422.jpg
16882,train,10,L,L98.jpg
16883,train,10,L,L2842.jpg
16884,train,10,L,L1393.jpg
16885,train,10,L,L717.jpg
16886,train,10,L,L1387.jpg
16887,train,10,L,L703.jpg
16888,train,10,L,L2856.jpg
16889,train,10,L,L2077.jpg
16890,train,10,L,L844.jpg
16891,train,10,L,L688.jpg
16892,train,10,L,L850.jpg
16893,train,10,L,L2063.jpg
16894,train,10,L,L1542.jpg
16895,train,10,L,L1224.jpg
16896,train,10,L,L878.jpg
16897,train,10,L,L1230.jpg
16898,train,10,L,L139.jpg
16899,train,10,L,L887.jpg
4136,val,10,L,L893.jpg
16900,train,10,L,L105.jpg
16901,train,10,L,L2088.jpg
4137,val,10,L,L2936.jpg
16902,train,10,L,L663.jpg
16903,train,10,L,L677.jpg
16904,train,10,L,L2922.jpg
4138,val,10,L,L1595.jpg
16905,train,10,L,L111.jpg
4139,val,10,L,L2275.jpg
4140,val,10,L,L1768.jpg
16906,train,10,L,L2261.jpg
16907,train,10,L,L1026.jpg
16908,train,10,L,L1740.jpg
16909,train,10,L,L1998.jpg
16910,train,10,L,L2249.jpg
16911,train,10,L,L1754.jpg
16912,train,10,L,L1032.jpg
16913,train,10,L,L1967.jpg
16914,train,10,L,L1973.jpg
16915,train,10,L,L449.jpg
16916,train,10,L,L461.jpg
16917,train,10,L,L307.jpg
16918,train,10,L,L1783.jpg
16919,train,10,L,L313.jpg
16920,train,10,L,L1797.jpg
16921,train,10,L,L475.jpg
4141,val,10,L,L305.jpg
16922,train,10,L,L1781.jpg
16923,train,10,L,L1959.jpg
4142,val,10,L,L2288.jpg
16924,train,10,L,L463.jpg
16925,train,10,L,L477.jpg
16926,train,10,L,L311.jpg
4143,val,10,L,L1795.jpg
4144,val,10,L,L339.jpg
16927,train,10,L,L1965.jpg
16928,train,10,L,L1971.jpg
16929,train,10,L,L2.jpg
16930,train,10,L,L1742.jpg
16931,train,10,L,L1024.jpg
16932,train,10,L,L2539.jpg
16933,train,10,L,L1030.jpg
16934,train,10,L,L1756.jpg
16935,train,10,L,L2277.jpg
16936,train,10,L,L1018.jpg
16937,train,10,L,L488.jpg
16938,train,10,L,L2263.jpg
16939,train,10,L,L661.jpg
16940,train,10,L,L2934.jpg
4145,val,10,L,L1583.jpg
16941,train,10,L,L107.jpg
16942,train,10,L,L1597.jpg
4146,val,10,L,L113.jpg
16943,train,10,L,L2920.jpg
16944,train,10,L,L675.jpg
16945,train,10,L,L2908.jpg
16946,train,10,L,L885.jpg
16947,train,10,L,L649.jpg
16948,train,10,L,L891.jpg
16949,train,10,L,L1226.jpg
16950,train,10,L,L1540.jpg
16951,train,10,L,L2049.jpg
16952,train,10,L,L1232.jpg
4147,val,10,L,L846.jpg
4148,val,10,L,L2713.jpg
16953,train,10,L,L2075.jpg
16954,train,10,L,L1568.jpg
16955,train,10,L,L2061.jpg
16956,train,10,L,L852.jpg
16957,train,10,L,L1391.jpg
16958,train,10,L,L715.jpg
16959,train,10,L,L2840.jpg
16960,train,10,L,L2854.jpg
16961,train,10,L,L1385.jpg
16962,train,10,L,L701.jpg
16963,train,10,L,L729.jpg
16964,train,10,L,L2868.jpg
16965,train,10,L,L2883.jpg
16966,train,10,L,L1352.jpg
16967,train,10,L,L71.jpg
16968,train,10,L,L1434.jpg
16969,train,10,L,L2129.jpg
16970,train,10,L,L1420.jpg
16971,train,10,L,L1346.jpg
16972,train,10,L,L65.jpg
16973,train,10,L,L2897.jpg
16974,train,10,L,L932.jpg
16975,train,10,L,L1408.jpg
4149,val,10,L,L2115.jpg
16976,train,10,L,L59.jpg
16977,train,10,L,L926.jpg
16978,train,10,L,L271.jpg
16979,train,10,L,L517.jpg
16980,train,10,L,L503.jpg
16981,train,10,L,L1187.jpg
16982,train,10,L,L1839.jpg
16983,train,10,L,L265.jpg
16984,train,10,L,L1811.jpg
16985,train,10,L,L1805.jpg
16986,train,10,L,L259.jpg
16987,train,10,L,L1636.jpg
4150,val,10,L,L1150.jpg
16988,train,10,L,L2459.jpg
16989,train,10,L,L1144.jpg
16990,train,10,L,L1622.jpg
16991,train,10,L,L2303.jpg
16992,train,10,L,L2465.jpg
4151,val,10,L,L1178.jpg
16993,train,10,L,L2471.jpg
16994,train,10,L,L2317.jpg
16995,train,10,L,L2470.jpg
16996,train,10,L,L1179.jpg
4152,val,10,L,L2316.jpg
16997,train,10,L,L2302.jpg
4153,val,10,L,L2464.jpg
16998,train,10,L,L1145.jpg
16999,train,10,L,L1623.jpg
4154,val,10,L,L1637.jpg
4155,val,10,L,L2458.jpg
17000,train,10,L,L1151.jpg
17001,train,10,L,L258.jpg
17002,train,10,L,L1804.jpg
4156,val,10,L,L1810.jpg
4157,val,10,L,L1186.jpg
17003,train,10,L,L502.jpg
17004,train,10,L,L264.jpg
4158,val,10,L,L1838.jpg
17005,train,10,L,L270.jpg
17006,train,10,L,L516.jpg
17007,train,10,L,L2114.jpg
17008,train,10,L,L927.jpg
17009,train,10,L,L58.jpg
4159,val,10,L,L933.jpg
17010,train,10,L,L1409.jpg
17011,train,10,L,L1421.jpg
17012,train,10,L,L2128.jpg
17013,train,10,L,L2896.jpg
17014,train,10,L,L64.jpg
17015,train,10,L,L1347.jpg
17016,train,10,L,L70.jpg
17017,train,10,L,L1353.jpg
4160,val,10,L,L2882.jpg
17018,train,10,L,L1435.jpg
17019,train,10,L,L2869.jpg
17020,train,10,L,L728.jpg
17021,train,10,L,L700.jpg
17022,train,10,L,L1384.jpg
17023,train,10,L,L2855.jpg
17024,train,10,L,L2841.jpg
17025,train,10,L,L714.jpg
17026,train,10,L,L1390.jpg
17027,train,10,L,L2060.jpg
17028,train,10,L,L853.jpg
17029,train,10,L,L847.jpg
17030,train,10,L,L2074.jpg
17031,train,10,L,L1233.jpg
17032,train,10,L,L1227.jpg
17033,train,10,L,L2048.jpg
17034,train,10,L,L1541.jpg
17035,train,10,L,L890.jpg
17036,train,10,L,L648.jpg
17037,train,10,L,L884.jpg
17038,train,10,L,L2909.jpg
4161,val,10,L,L112.jpg
4162,val,10,L,L1596.jpg
17039,train,10,L,L674.jpg
4163,val,10,L,L2921.jpg
17040,train,10,L,L2935.jpg
17041,train,10,L,L660.jpg
17042,train,10,L,L106.jpg
17043,train,10,L,L1582.jpg
17044,train,10,L,L489.jpg
17045,train,10,L,L2262.jpg
17046,train,10,L,L2276.jpg
17047,train,10,L,L1019.jpg
17048,train,10,L,L1031.jpg
4164,val,10,L,L2538.jpg
17049,train,10,L,L1757.jpg
17050,train,10,L,L1743.jpg
17051,train,10,L,L3.jpg
17052,train,10,L,L1025.jpg
17053,train,10,L,L1970.jpg
17054,train,10,L,L1964.jpg
17055,train,10,L,L338.jpg
17056,train,10,L,L476.jpg
17057,train,10,L,L1794.jpg
17058,train,10,L,L310.jpg
17059,train,10,L,L2289.jpg
4165,val,10,L,L1958.jpg
17060,train,10,L,L1780.jpg
17061,train,10,L,L304.jpg
17062,train,10,L,L462.jpg
17063,train,10,L,L1903.jpg
17064,train,10,L,L439.jpg
17065,train,10,L,L1917.jpg
17066,train,10,L,L363.jpg
17067,train,10,L,L1081.jpg
4166,val,10,L,L405.jpg
17068,train,10,L,L2588.jpg
17069,train,10,L,L1095.jpg
17070,train,10,L,L411.jpg
17071,train,10,L,L377.jpg
17072,train,10,L,L2211.jpg
17073,train,10,L,L1718.jpg
17074,train,10,L,L2577.jpg
17075,train,10,L,L388.jpg
4167,val,10,L,L2205.jpg
17076,train,10,L,L1724.jpg
17077,train,10,L,L1042.jpg
17078,train,10,L,L1056.jpg
17079,train,10,L,L1730.jpg
4168,val,10,L,L149.jpg
17080,train,10,L,L2952.jpg
4169,val,10,L,L607.jpg
17081,train,10,L,L1283.jpg
17082,train,10,L,L161.jpg
4170,val,10,L,L175.jpg
17083,train,10,L,L613.jpg
4171,val,10,L,L1297.jpg
17084,train,10,L,L2946.jpg
4172,val,10,L,L820.jpg
17085,train,10,L,L2013.jpg
17086,train,10,L,L2007.jpg
17087,train,10,L,L834.jpg
17088,train,10,L,L1268.jpg
4173,val,10,L,L2991.jpg
17089,train,10,L,L1526.jpg
17090,train,10,L,L1532.jpg
17091,train,10,L,L2985.jpg
17092,train,10,L,L808.jpg
4174,val,10,L,L997.jpg
17093,train,10,L,L983.jpg
17094,train,10,L,L773.jpg
4175,val,10,L,L1491.jpg
17095,train,10,L,L1485.jpg
17096,train,10,L,L767.jpg
17097,train,10,L,L1308.jpg
17098,train,10,L,L954.jpg
17099,train,10,L,L2167.jpg
17100,train,10,L,L798.jpg
17101,train,10,L,L940.jpg
17102,train,10,L,L2615.jpg
17103,train,10,L,L17.jpg
17104,train,10,L,L1334.jpg
4176,val,10,L,L968.jpg
17105,train,10,L,L1452.jpg
17106,train,10,L,L1446.jpg
17107,train,10,L,L2629.jpg
17108,train,10,L,L1320.jpg
17109,train,10,L,L1877.jpg
17110,train,10,L,L559.jpg
4177,val,10,L,L1863.jpg
17111,train,10,L,L1693.jpg
17112,train,10,L,L217.jpg
4178,val,10,L,L571.jpg
17113,train,10,L,L565.jpg
17114,train,10,L,L1687.jpg
17115,train,10,L,L203.jpg
17116,train,10,L,L2365.jpg
4179,val,10,L,L2403.jpg
17117,train,10,L,L2417.jpg
17118,train,10,L,L1678.jpg
4180,val,10,L,L2371.jpg
4181,val,10,L,L1650.jpg
17119,train,10,L,L1888.jpg
4182,val,10,L,L2359.jpg
4183,val,10,L,L1136.jpg
17120,train,10,L,L1122.jpg
17121,train,10,L,L1644.jpg
17122,train,10,L,L1123.jpg
17123,train,10,L,L1645.jpg
17124,train,10,L,L2358.jpg
17125,train,10,L,L1889.jpg
17126,train,10,L,L1651.jpg
17127,train,10,L,L1137.jpg
17128,train,10,L,L2416.jpg
17129,train,10,L,L2370.jpg
4184,val,10,L,L1679.jpg
17130,train,10,L,L2364.jpg
17131,train,10,L,L2402.jpg
17132,train,10,L,L564.jpg
4185,val,10,L,L202.jpg
17133,train,10,L,L1686.jpg
17134,train,10,L,L216.jpg
17135,train,10,L,L1692.jpg
17136,train,10,L,L570.jpg
17137,train,10,L,L558.jpg
17138,train,10,L,L1862.jpg
17139,train,10,L,L1876.jpg
17140,train,10,L,L1447.jpg
17141,train,10,L,L1321.jpg
17142,train,10,L,L2628.jpg
17143,train,10,L,L969.jpg
17144,train,10,L,L1335.jpg
17145,train,10,L,L16.jpg
17146,train,10,L,L1453.jpg
17147,train,10,L,L2614.jpg
4186,val,10,L,L941.jpg
17148,train,10,L,L799.jpg
17149,train,10,L,L955.jpg
17150,train,10,L,L1309.jpg
4187,val,10,L,L2166.jpg
17151,train,10,L,L1484.jpg
17152,train,10,L,L2833.jpg
17153,train,10,L,L766.jpg
4188,val,10,L,L772.jpg
17154,train,10,L,L2199.jpg
4189,val,10,L,L1490.jpg
17155,train,10,L,L982.jpg
4190,val,10,L,L996.jpg
17156,train,10,L,L1533.jpg
4191,val,10,L,L809.jpg
17157,train,10,L,L2984.jpg
17158,train,10,L,L2990.jpg
17159,train,10,L,L1241.jpg
17160,train,10,L,L1527.jpg
17161,train,10,L,L2006.jpg
17162,train,10,L,L1269.jpg
17163,train,10,L,L835.jpg
17164,train,10,L,L821.jpg
17165,train,10,L,L2012.jpg
17166,train,10,L,L174.jpg
4192,val,10,L,L2947.jpg
17167,train,10,L,L1296.jpg
17168,train,10,L,L612.jpg
17169,train,10,L,L1282.jpg
17170,train,10,L,L606.jpg
17171,train,10,L,L2953.jpg
17172,train,10,L,L160.jpg
17173,train,10,L,L148.jpg
4193,val,10,L,L1057.jpg
4194,val,10,L,L1731.jpg
4195,val,10,L,L1725.jpg
17174,train,10,L,L1043.jpg
17175,train,10,L,L2562.jpg
4196,val,10,L,L2204.jpg
17176,train,10,L,L389.jpg
17177,train,10,L,L1719.jpg
17178,train,10,L,L2210.jpg
17179,train,10,L,L2576.jpg
4197,val,10,L,L410.jpg
17180,train,10,L,L1094.jpg
17181,train,10,L,L376.jpg
17182,train,10,L,L362.jpg
17183,train,10,L,L404.jpg
17184,train,10,L,L1080.jpg
17185,train,10,L,L1916.jpg
17186,train,10,L,L1902.jpg
17187,train,10,L,L438.jpg
17188,train,10,L,L348.jpg
4198,val,10,L,L1914.jpg
17189,train,10,L,L1900.jpg
17190,train,10,L,L374.jpg
17191,train,10,L,L1928.jpg
4199,val,10,L,L412.jpg
17192,train,10,L,L1096.jpg
17193,train,10,L,L406.jpg
4200,val,10,L,L1082.jpg
17194,train,10,L,L360.jpg
17195,train,10,L,L2560.jpg
4201,val,10,L,L1069.jpg
17196,train,10,L,L2574.jpg
17197,train,10,L,L1733.jpg
17198,train,10,L,L1055.jpg
17199,train,10,L,L2548.jpg
17200,train,10,L,L1041.jpg
4202,val,10,L,L1727.jpg
17201,train,10,L,L2979.jpg
17202,train,10,L,L638.jpg
17203,train,10,L,L1294.jpg
17204,train,10,L,L610.jpg
17205,train,10,L,L2945.jpg
4203,val,10,L,L176.jpg
17206,train,10,L,L162.jpg
17207,train,10,L,L2951.jpg
17208,train,10,L,L1280.jpg
4204,val,10,L,L604.jpg
17209,train,10,L,L837.jpg
17210,train,10,L,L2004.jpg
17211,train,10,L,L189.jpg
17212,train,10,L,L2010.jpg
17213,train,10,L,L823.jpg
17214,train,10,L,L2986.jpg
4205,val,10,L,L1531.jpg
17215,train,10,L,L2038.jpg
4206,val,10,L,L1525.jpg
17216,train,10,L,L2992.jpg
17217,train,10,L,L980.jpg
17218,train,10,L,L758.jpg
17219,train,10,L,L994.jpg
4207,val,10,L,L764.jpg
17220,train,10,L,L1486.jpg
17221,train,10,L,L1492.jpg
17222,train,10,L,L770.jpg
17223,train,10,L,L943.jpg
17224,train,10,L,L2616.jpg
17225,train,10,L,L1479.jpg
17226,train,10,L,L2164.jpg
4208,val,10,L,L28.jpg
17227,train,10,L,L957.jpg
17228,train,10,L,L1323.jpg
4209,val,10,L,L1445.jpg
17229,train,10,L,L2158.jpg
4210,val,10,L,L1451.jpg
17230,train,10,L,L1337.jpg
17231,train,10,L,L14.jpg
17232,train,10,L,L1860.jpg
17233,train,10,L,L1874.jpg
17234,train,10,L,L228.jpg
17235,train,10,L,L200.jpg
17236,train,10,L,L1684.jpg
4211,val,10,L,L566.jpg
17237,train,10,L,L572.jpg
4212,val,10,L,L2399.jpg
17238,train,10,L,L1848.jpg
4213,val,10,L,L214.jpg
17239,train,10,L,L1690.jpg
17240,train,10,L,L2372.jpg
17241,train,10,L,L2414.jpg
4214,val,10,L,L599.jpg
17242,train,10,L,L1109.jpg
4215,val,10,L,L2400.jpg
17243,train,10,L,L2366.jpg
17244,train,10,L,L1647.jpg
17245,train,10,L,L1121.jpg
17246,train,10,L,L2428.jpg
17247,train,10,L,L1135.jpg
17248,train,10,L,L1653.jpg
17249,train,10,L,L1134.jpg
17250,train,10,L,L1652.jpg
17251,train,10,L,L1646.jpg
17252,train,10,L,L2429.jpg
4216,val,10,L,L1120.jpg
17253,train,10,L,L2401.jpg
17254,train,10,L,L1108.jpg
4217,val,10,L,L2367.jpg
17255,train,10,L,L2373.jpg
17256,train,10,L,L598.jpg
17257,train,10,L,L2415.jpg
17258,train,10,L,L573.jpg
17259,train,10,L,L1691.jpg
4218,val,10,L,L215.jpg
17260,train,10,L,L1849.jpg
17261,train,10,L,L2398.jpg
4219,val,10,L,L1685.jpg
4220,val,10,L,L201.jpg
17262,train,10,L,L567.jpg
4221,val,10,L,L229.jpg
17263,train,10,L,L1875.jpg
17264,train,10,L,L1861.jpg
17265,train,10,L,L1450.jpg
17266,train,10,L,L2159.jpg
17267,train,10,L,L15.jpg
17268,train,10,L,L1336.jpg
17269,train,10,L,L1322.jpg
17270,train,10,L,L1444.jpg
17271,train,10,L,L2165.jpg
17272,train,10,L,L956.jpg
4222,val,10,L,L29.jpg
17273,train,10,L,L2603.jpg
17274,train,10,L,L2617.jpg
17275,train,10,L,L942.jpg
17276,train,10,L,L1478.jpg
17277,train,10,L,L1493.jpg
17278,train,10,L,L771.jpg
17279,train,10,L,L765.jpg
17280,train,10,L,L1487.jpg
17281,train,10,L,L995.jpg
17282,train,10,L,L759.jpg
4223,val,10,L,L981.jpg
17283,train,10,L,L1524.jpg
4224,val,10,L,L2993.jpg
17284,train,10,L,L1242.jpg
17285,train,10,L,L2987.jpg
4225,val,10,L,L2039.jpg
17286,train,10,L,L1530.jpg
17287,train,10,L,L2011.jpg
17288,train,10,L,L1518.jpg
17289,train,10,L,L822.jpg
17290,train,10,L,L836.jpg
17291,train,10,L,L188.jpg
17292,train,10,L,L2005.jpg
17293,train,10,L,L163.jpg
17294,train,10,L,L605.jpg
17295,train,10,L,L1281.jpg
17296,train,10,L,L2950.jpg
4226,val,10,L,L2944.jpg
17297,train,10,L,L611.jpg
17298,train,10,L,L1295.jpg
4227,val,10,L,L177.jpg
17299,train,10,L,L639.jpg
17300,train,10,L,L2978.jpg
17301,train,10,L,L1040.jpg
17302,train,10,L,L2549.jpg
4228,val,10,L,L1726.jpg
4229,val,10,L,L1732.jpg
17303,train,10,L,L1054.jpg
17304,train,10,L,L2575.jpg
17305,train,10,L,L2207.jpg
17306,train,10,L,L1068.jpg
17307,train,10,L,L2561.jpg
17308,train,10,L,L1083.jpg
17309,train,10,L,L407.jpg
17310,train,10,L,L361.jpg
17311,train,10,L,L1929.jpg
17312,train,10,L,L375.jpg
17313,train,10,L,L1097.jpg
4230,val,10,L,L413.jpg
17314,train,10,L,L1901.jpg
17315,train,10,L,L1915.jpg
17316,train,10,L,L349.jpg
17317,train,10,L,L417.jpg
17318,train,10,L,L1093.jpg
17319,train,10,L,L371.jpg
4231,val,10,L,L365.jpg
17320,train,10,L,L1939.jpg
17321,train,10,L,L403.jpg
4232,val,10,L,L1087.jpg
17322,train,10,L,L1911.jpg
17323,train,10,L,L359.jpg
17324,train,10,L,L1905.jpg
17325,train,10,L,L1050.jpg
17326,train,10,L,L2559.jpg
17327,train,10,L,L1736.jpg
17328,train,10,L,L1722.jpg
17329,train,10,L,L1044.jpg
17330,train,10,L,L2565.jpg
17331,train,10,L,L1078.jpg
4233,val,10,L,L2571.jpg
17332,train,10,L,L173.jpg
17333,train,10,L,L1291.jpg
4234,val,10,L,L615.jpg
17334,train,10,L,L2940.jpg
17335,train,10,L,L2954.jpg
17336,train,10,L,L1285.jpg
17337,train,10,L,L601.jpg
17338,train,10,L,L167.jpg
17339,train,10,L,L629.jpg
4235,val,10,L,L2968.jpg
17340,train,10,L,L1534.jpg
17341,train,10,L,L2983.jpg
17342,train,10,L,L2997.jpg
17343,train,10,L,L2029.jpg
17344,train,10,L,L1520.jpg
17345,train,10,L,L2001.jpg
17346,train,10,L,L1508.jpg
17347,train,10,L,L832.jpg
17348,train,10,L,L826.jpg
17349,train,10,L,L198.jpg
4236,val,10,L,L2015.jpg
17350,train,10,L,L1483.jpg
17351,train,10,L,L761.jpg
17352,train,10,L,L2834.jpg
4237,val,10,L,L775.jpg
17353,train,23,Y,Y2892.jpg
4238,val,23,Y,Y369.jpg
17354,train,23,Y,Y1343.jpg
17355,train,23,Y,Y1425.jpg
17356,train,23,Y,Y2138.jpg
17357,train,23,Y,Y1431.jpg
17358,train,23,Y,Y1357.jpg
17359,train,23,Y,Y2886.jpg
17360,train,23,Y,Y355.jpg
17361,train,23,Y,Y2110.jpg
17362,train,23,Y,Y433.jpg
17363,train,23,Y,Y1419.jpg
17364,train,23,Y,Y427.jpg
17365,train,23,Y,Y2104.jpg
17366,train,23,Y,Y341.jpg
17367,train,23,Y,Y1380.jpg
17368,train,23,Y,Y2851.jpg
4239,val,23,Y,Y2845.jpg
17369,train,23,Y,Y1394.jpg
17370,train,23,Y,Y396.jpg
4240,val,23,Y,Y382.jpg
17371,train,23,Y,Y2879.jpg
4241,val,23,Y,Y1627.jpg
4242,val,23,Y,Y1141.jpg
17372,train,23,Y,Y2448.jpg
17373,train,23,Y,Y1155.jpg
17374,train,23,Y,Y619.jpg
17375,train,23,Y,Y1633.jpg
17376,train,23,Y,Y631.jpg
17377,train,23,Y,Y2312.jpg
4243,val,23,Y,Y2474.jpg
17378,train,23,Y,Y157.jpg
17379,train,23,Y,Y143.jpg
4244,val,23,Y,Y1169.jpg
17380,train,23,Y,Y2460.jpg
17381,train,23,Y,Y6.jpg
17382,train,23,Y,Y2306.jpg
17383,train,23,Y,Y625.jpg
17384,train,23,Y,Y816.jpg
17385,train,23,Y,Y1182.jpg
4245,val,23,Y,Y1196.jpg
17386,train,23,Y,Y1828.jpg
17387,train,23,Y,Y802.jpg
17388,train,23,Y,Y1800.jpg
17389,train,23,Y,Y194.jpg
4246,val,23,Y,Y180.jpg
17390,train,23,Y,Y1814.jpg
17391,train,23,Y,Y779.jpg
17392,train,23,Y,Y1753.jpg
17393,train,23,Y,Y1035.jpg
17394,train,23,Y,Y1021.jpg
17395,train,23,Y,Y1747.jpg
17396,train,23,Y,Y745.jpg
4247,val,23,Y,Y2266.jpg
17397,train,23,Y,Y2500.jpg
4248,val,23,Y,Y1009.jpg
4249,val,23,Y,Y2272.jpg
17398,train,23,Y,Y989.jpg
17399,train,23,Y,Y1790.jpg
4250,val,23,Y,Y1948.jpg
17400,train,23,Y,Y962.jpg
17401,train,23,Y,Y2299.jpg
4251,val,23,Y,Y1784.jpg
17402,train,23,Y,Y976.jpg
17403,train,23,Y,Y786.jpg
17404,train,23,Y,Y1974.jpg
17405,train,23,Y,Y792.jpg
4252,val,23,Y,Y1960.jpg
17406,train,23,Y,Y1237.jpg
17407,train,23,Y,Y1551.jpg
17408,train,23,Y,Y2058.jpg
17409,train,23,Y,Y1545.jpg
17410,train,23,Y,Y209.jpg
17411,train,23,Y,Y1223.jpg
4253,val,23,Y,Y84.jpg
17412,train,23,Y,Y221.jpg
17413,train,23,Y,Y2064.jpg
17414,train,23,Y,Y547.jpg
17415,train,23,Y,Y553.jpg
17416,train,23,Y,Y1579.jpg
17417,train,23,Y,Y2070.jpg
17418,train,23,Y,Y90.jpg
17419,train,23,Y,Y235.jpg
17420,train,23,Y,Y2925.jpg
17421,train,23,Y,Y1592.jpg
17422,train,23,Y,Y1586.jpg
17423,train,23,Y,Y2931.jpg
17424,train,23,Y,Y2919.jpg
17425,train,23,Y,Y47.jpg
17426,train,23,Y,Y584.jpg
17427,train,23,Y,Y590.jpg
4254,val,23,Y,Y53.jpg
17428,train,23,Y,Y591.jpg
17429,train,23,Y,Y52.jpg
17430,train,23,Y,Y46.jpg
4255,val,23,Y,Y2918.jpg
4256,val,23,Y,Y585.jpg
4257,val,23,Y,Y1587.jpg
17431,train,23,Y,Y2930.jpg
17432,train,23,Y,Y2924.jpg
17433,train,23,Y,Y1593.jpg
17434,train,23,Y,Y2071.jpg
17435,train,23,Y,Y552.jpg
17436,train,23,Y,Y1578.jpg
4258,val,23,Y,Y234.jpg
4259,val,23,Y,Y91.jpg
17437,train,23,Y,Y220.jpg
17438,train,23,Y,Y85.jpg
17439,train,23,Y,Y546.jpg
17440,train,23,Y,Y2065.jpg
17441,train,23,Y,Y1544.jpg
17442,train,23,Y,Y208.jpg
17443,train,23,Y,Y1222.jpg
17444,train,23,Y,Y1236.jpg
17445,train,23,Y,Y2059.jpg
4260,val,23,Y,Y1550.jpg
17446,train,23,Y,Y1961.jpg
17447,train,23,Y,Y793.jpg
17448,train,23,Y,Y1975.jpg
4261,val,23,Y,Y787.jpg
17449,train,23,Y,Y977.jpg
4262,val,23,Y,Y1785.jpg
17450,train,23,Y,Y2298.jpg
17451,train,23,Y,Y1949.jpg
17452,train,23,Y,Y963.jpg
4263,val,23,Y,Y1791.jpg
4264,val,23,Y,Y750.jpg
4265,val,23,Y,Y988.jpg
17453,train,23,Y,Y2273.jpg
17454,train,23,Y,Y2267.jpg
17455,train,23,Y,Y744.jpg
17456,train,23,Y,Y1008.jpg
17457,train,23,Y,Y1020.jpg
17458,train,23,Y,Y1746.jpg
17459,train,23,Y,Y778.jpg
17460,train,23,Y,Y1752.jpg
4266,val,23,Y,Y1034.jpg
17461,train,23,Y,Y181.jpg
17462,train,23,Y,Y1815.jpg
17463,train,23,Y,Y1801.jpg
17464,train,23,Y,Y195.jpg
17465,train,23,Y,Y1197.jpg
4267,val,23,Y,Y1829.jpg
17466,train,23,Y,Y803.jpg
4268,val,23,Y,Y817.jpg
17467,train,23,Y,Y1183.jpg
4269,val,23,Y,Y2461.jpg
17468,train,23,Y,Y142.jpg
17469,train,23,Y,Y1168.jpg
17470,train,23,Y,Y624.jpg
17471,train,23,Y,Y2307.jpg
17472,train,23,Y,Y7.jpg
17473,train,23,Y,Y2313.jpg
17474,train,23,Y,Y630.jpg
17475,train,23,Y,Y156.jpg
17476,train,23,Y,Y2475.jpg
17477,train,23,Y,Y1154.jpg
17478,train,23,Y,Y618.jpg
17479,train,23,Y,Y1632.jpg
17480,train,23,Y,Y1626.jpg
17481,train,23,Y,Y2449.jpg
17482,train,23,Y,Y1140.jpg
17483,train,23,Y,Y2878.jpg
17484,train,23,Y,Y383.jpg
17485,train,23,Y,Y397.jpg
17486,train,23,Y,Y1395.jpg
17487,train,23,Y,Y2844.jpg
17488,train,23,Y,Y2850.jpg
17489,train,23,Y,Y1381.jpg
17490,train,23,Y,Y2105.jpg
4270,val,23,Y,Y426.jpg
4271,val,23,Y,Y340.jpg
17491,train,23,Y,Y354.jpg
17492,train,23,Y,Y432.jpg
17493,train,23,Y,Y1418.jpg
17494,train,23,Y,Y2111.jpg
17495,train,23,Y,Y1430.jpg
17496,train,23,Y,Y2139.jpg
17497,train,23,Y,Y2887.jpg
17498,train,23,Y,Y1356.jpg
17499,train,23,Y,Y368.jpg
17500,train,23,Y,Y1342.jpg
17501,train,23,Y,Y2893.jpg
17502,train,23,Y,Y1424.jpg
17503,train,23,Y,Y1354.jpg
4272,val,23,Y,Y2885.jpg
17504,train,23,Y,Y418.jpg
17505,train,23,Y,Y1432.jpg
17506,train,23,Y,Y1426.jpg
17507,train,23,Y,Y2891.jpg
4273,val,23,Y,Y1340.jpg
4274,val,23,Y,Y342.jpg
17508,train,23,Y,Y1368.jpg
17509,train,23,Y,Y424.jpg
17510,train,23,Y,Y2107.jpg
17511,train,23,Y,Y2113.jpg
17512,train,23,Y,Y430.jpg
17513,train,23,Y,Y356.jpg
17514,train,23,Y,Y2846.jpg
17515,train,23,Y,Y1397.jpg
17516,train,23,Y,Y1383.jpg
17517,train,23,Y,Y2852.jpg
17518,train,23,Y,Y381.jpg
17519,train,23,Y,Y395.jpg
4275,val,23,Y,Y1630.jpg
17520,train,23,Y,Y2339.jpg
17521,train,23,Y,Y1156.jpg
17522,train,23,Y,Y168.jpg
17523,train,23,Y,Y1142.jpg
17524,train,23,Y,Y1624.jpg
17525,train,23,Y,Y5.jpg
17526,train,23,Y,Y2305.jpg
4276,val,23,Y,Y626.jpg
17527,train,23,Y,Y140.jpg
17528,train,23,Y,Y2463.jpg
4277,val,23,Y,Y2477.jpg
17529,train,23,Y,Y154.jpg
17530,train,23,Y,Y632.jpg
17531,train,23,Y,Y1618.jpg
4278,val,23,Y,Y2311.jpg
17532,train,23,Y,Y801.jpg
17533,train,23,Y,Y1195.jpg
17534,train,23,Y,Y2488.jpg
17535,train,23,Y,Y1181.jpg
4279,val,23,Y,Y815.jpg
17536,train,23,Y,Y1817.jpg
17537,train,23,Y,Y183.jpg
17538,train,23,Y,Y197.jpg
17539,train,23,Y,Y1803.jpg
4280,val,23,Y,Y829.jpg
17540,train,23,Y,Y1744.jpg
17541,train,23,Y,Y1022.jpg
17542,train,23,Y,Y1036.jpg
17543,train,23,Y,Y2259.jpg
17544,train,23,Y,Y1988.jpg
17545,train,23,Y,Y1750.jpg
17546,train,23,Y,Y2271.jpg
4281,val,23,Y,Y752.jpg
17547,train,23,Y,Y1778.jpg
17548,train,23,Y,Y2503.jpg
4282,val,23,Y,Y746.jpg
17549,train,23,Y,Y2265.jpg
17550,train,23,Y,Y1787.jpg
17551,train,23,Y,Y975.jpg
17552,train,23,Y,Y1793.jpg
17553,train,23,Y,Y961.jpg
4283,val,23,Y,Y791.jpg
17554,train,23,Y,Y1963.jpg
17555,train,23,Y,Y949.jpg
17556,train,23,Y,Y785.jpg
17557,train,23,Y,Y1977.jpg
17558,train,23,Y,Y1220.jpg
17559,train,23,Y,Y1546.jpg
17560,train,23,Y,Y578.jpg
4284,val,23,Y,Y1552.jpg
17561,train,23,Y,Y1234.jpg
17562,train,23,Y,Y93.jpg
17563,train,23,Y,Y236.jpg
17564,train,23,Y,Y550.jpg
17565,train,23,Y,Y2073.jpg
17566,train,23,Y,Y2067.jpg
17567,train,23,Y,Y544.jpg
17568,train,23,Y,Y87.jpg
17569,train,23,Y,Y222.jpg
4285,val,23,Y,Y1208.jpg
17570,train,23,Y,Y2932.jpg
17571,train,23,Y,Y1585.jpg
17572,train,23,Y,Y2098.jpg
17573,train,23,Y,Y1591.jpg
17574,train,23,Y,Y78.jpg
4286,val,23,Y,Y2926.jpg
17575,train,23,Y,Y50.jpg
4287,val,23,Y,Y593.jpg
17576,train,23,Y,Y587.jpg
4288,val,23,Y,Y44.jpg
17577,train,23,Y,Y586.jpg
17578,train,23,Y,Y45.jpg
4289,val,23,Y,Y51.jpg
17579,train,23,Y,Y592.jpg
17580,train,23,Y,Y1590.jpg
17581,train,23,Y,Y2099.jpg
4290,val,23,Y,Y2927.jpg
17582,train,23,Y,Y79.jpg
17583,train,23,Y,Y2933.jpg
17584,train,23,Y,Y1584.jpg
4291,val,23,Y,Y545.jpg
17585,train,23,Y,Y2066.jpg
17586,train,23,Y,Y223.jpg
4292,val,23,Y,Y1209.jpg
4293,val,23,Y,Y86.jpg
17587,train,23,Y,Y237.jpg
17588,train,23,Y,Y92.jpg
17589,train,23,Y,Y2072.jpg
17590,train,23,Y,Y551.jpg
17591,train,23,Y,Y579.jpg
4294,val,23,Y,Y1553.jpg
17592,train,23,Y,Y1235.jpg
17593,train,23,Y,Y1221.jpg
4295,val,23,Y,Y1547.jpg
4296,val,23,Y,Y1976.jpg
17594,train,23,Y,Y784.jpg
17595,train,23,Y,Y1962.jpg
17596,train,23,Y,Y948.jpg
4297,val,23,Y,Y790.jpg
17597,train,23,Y,Y960.jpg
4298,val,23,Y,Y1792.jpg
4299,val,23,Y,Y974.jpg
17598,train,23,Y,Y1786.jpg
17599,train,23,Y,Y2502.jpg
4300,val,23,Y,Y2264.jpg
17600,train,23,Y,Y1779.jpg
17601,train,23,Y,Y2270.jpg
4301,val,23,Y,Y1037.jpg
17602,train,23,Y,Y1751.jpg
17603,train,23,Y,Y1989.jpg
17604,train,23,Y,Y2258.jpg
4302,val,23,Y,Y1745.jpg
17605,train,23,Y,Y1023.jpg
17606,train,23,Y,Y196.jpg
17607,train,23,Y,Y1802.jpg
17608,train,23,Y,Y828.jpg
17609,train,23,Y,Y1816.jpg
17610,train,23,Y,Y182.jpg
17611,train,23,Y,Y1180.jpg
4303,val,23,Y,Y2489.jpg
17612,train,23,Y,Y814.jpg
4304,val,23,Y,Y800.jpg
17613,train,23,Y,Y1194.jpg
4305,val,23,Y,Y155.jpg
17614,train,23,Y,Y2476.jpg
17615,train,23,Y,Y2310.jpg
17616,train,23,Y,Y633.jpg
4306,val,23,Y,Y1619.jpg
17617,train,23,Y,Y627.jpg
17618,train,23,Y,Y2304.jpg
17619,train,23,Y,Y4.jpg
17620,train,23,Y,Y2462.jpg
17621,train,23,Y,Y141.jpg
4307,val,23,Y,Y169.jpg
4308,val,23,Y,Y1143.jpg
17622,train,23,Y,Y1625.jpg
4309,val,23,Y,Y2338.jpg
17623,train,23,Y,Y1631.jpg
4310,val,23,Y,Y1157.jpg
17624,train,23,Y,Y394.jpg
4311,val,23,Y,Y380.jpg
17625,train,23,Y,Y2853.jpg
4312,val,23,Y,Y1382.jpg
4313,val,23,Y,Y1396.jpg
17626,train,23,Y,Y2847.jpg
17627,train,23,Y,Y431.jpg
17628,train,23,Y,Y2112.jpg
17629,train,23,Y,Y357.jpg
17630,train,23,Y,Y343.jpg
17631,train,23,Y,Y1369.jpg
17632,train,23,Y,Y2106.jpg
17633,train,23,Y,Y425.jpg
17634,train,23,Y,Y1427.jpg
17635,train,23,Y,Y1341.jpg
17636,train,23,Y,Y2890.jpg
17637,train,23,Y,Y2884.jpg
17638,train,23,Y,Y1355.jpg
17639,train,23,Y,Y419.jpg
17640,train,23,Y,Y1433.jpg
17641,train,23,Y,Y421.jpg
17642,train,23,Y,Y2102.jpg
17643,train,23,Y,Y347.jpg
17644,train,23,Y,Y353.jpg
17645,train,23,Y,Y1379.jpg
17646,train,23,Y,Y2116.jpg
17647,train,23,Y,Y435.jpg
17648,train,23,Y,Y1437.jpg
4314,val,23,Y,Y1351.jpg
17649,train,23,Y,Y2880.jpg
17650,train,23,Y,Y2894.jpg
17651,train,23,Y,Y1345.jpg
17652,train,23,Y,Y409.jpg
4315,val,23,Y,Y1423.jpg
17653,train,23,Y,Y384.jpg
17654,train,23,Y,Y390.jpg
4316,val,23,Y,Y2843.jpg
17655,train,23,Y,Y1392.jpg
4317,val,23,Y,Y1386.jpg
17656,train,23,Y,Y2857.jpg
17657,train,23,Y,Y145.jpg
17658,train,23,Y,Y2466.jpg
17659,train,23,Y,Y2300.jpg
17660,train,23,Y,Y623.jpg
17661,train,23,Y,Y1609.jpg
17662,train,23,Y,Y637.jpg
17663,train,23,Y,Y2314.jpg
17664,train,23,Y,Y2472.jpg
17665,train,23,Y,Y151.jpg
4318,val,23,Y,Y179.jpg
17666,train,23,Y,Y1153.jpg
17667,train,23,Y,Y1635.jpg
4319,val,23,Y,Y2328.jpg
17668,train,23,Y,Y1621.jpg
17669,train,23,Y,Y1147.jpg
17670,train,23,Y,Y186.jpg
4320,val,23,Y,Y1812.jpg
17671,train,23,Y,Y838.jpg
17672,train,23,Y,Y1806.jpg
17673,train,23,Y,Y192.jpg
17674,train,23,Y,Y1190.jpg
17675,train,23,Y,Y2499.jpg
17676,train,23,Y,Y804.jpg
17677,train,23,Y,Y810.jpg
4321,val,23,Y,Y1184.jpg
17678,train,23,Y,Y2274.jpg
17679,train,23,Y,Y743.jpg
17680,train,23,Y,Y1769.jpg
17681,train,23,Y,Y2260.jpg
17682,train,23,Y,Y1027.jpg
17683,train,23,Y,Y1999.jpg
17684,train,23,Y,Y1741.jpg
17685,train,23,Y,Y2248.jpg
4322,val,23,Y,Y1755.jpg
17686,train,23,Y,Y1033.jpg
17687,train,23,Y,Y794.jpg
4323,val,23,Y,Y1966.jpg
17688,train,23,Y,Y780.jpg
17689,train,23,Y,Y1972.jpg
4324,val,23,Y,Y958.jpg
4325,val,23,Y,Y1782.jpg
17690,train,23,Y,Y970.jpg
17691,train,23,Y,Y1796.jpg
17692,train,23,Y,Y964.jpg
17693,train,23,Y,Y555.jpg
17694,train,23,Y,Y2076.jpg
4326,val,23,Y,Y96.jpg
17695,train,23,Y,Y233.jpg
17696,train,23,Y,Y1219.jpg
17697,train,23,Y,Y82.jpg
17698,train,23,Y,Y227.jpg
4327,val,23,Y,Y2062.jpg
17699,train,23,Y,Y541.jpg
17700,train,23,Y,Y569.jpg
17701,train,23,Y,Y1543.jpg
17702,train,23,Y,Y1225.jpg
17703,train,23,Y,Y1231.jpg
17704,train,23,Y,Y1557.jpg
17705,train,23,Y,Y596.jpg
17706,train,23,Y,Y55.jpg
17707,train,23,Y,Y41.jpg
17708,train,23,Y,Y582.jpg
17709,train,23,Y,Y1580.jpg
4328,val,23,Y,Y2089.jpg
17710,train,23,Y,Y2937.jpg
17711,train,23,Y,Y69.jpg
4329,val,23,Y,Y2923.jpg
4330,val,23,Y,Y1594.jpg
17712,train,23,Y,Y2922.jpg
4331,val,23,Y,Y1595.jpg
17713,train,23,Y,Y2088.jpg
17714,train,23,Y,Y1581.jpg
17715,train,23,Y,Y68.jpg
17716,train,23,Y,Y2936.jpg
17717,train,23,Y,Y40.jpg
17718,train,23,Y,Y583.jpg
17719,train,23,Y,Y597.jpg
17720,train,23,Y,Y54.jpg
17721,train,23,Y,Y1230.jpg
17722,train,23,Y,Y1556.jpg
17723,train,23,Y,Y568.jpg
4332,val,23,Y,Y1542.jpg
17724,train,23,Y,Y1224.jpg
17725,train,23,Y,Y226.jpg
17726,train,23,Y,Y83.jpg
17727,train,23,Y,Y540.jpg
17728,train,23,Y,Y2063.jpg
17729,train,23,Y,Y2077.jpg
17730,train,23,Y,Y554.jpg
17731,train,23,Y,Y232.jpg
4333,val,23,Y,Y1218.jpg
17732,train,23,Y,Y97.jpg
17733,train,23,Y,Y965.jpg
17734,train,23,Y,Y1797.jpg
17735,train,23,Y,Y971.jpg
17736,train,23,Y,Y1783.jpg
17737,train,23,Y,Y1973.jpg
17738,train,23,Y,Y959.jpg
17739,train,23,Y,Y781.jpg
17740,train,23,Y,Y1967.jpg
17741,train,23,Y,Y795.jpg
17742,train,23,Y,Y1754.jpg
4334,val,23,Y,Y1032.jpg
4335,val,23,Y,Y1026.jpg
17743,train,23,Y,Y2249.jpg
17744,train,23,Y,Y1740.jpg
17745,train,23,Y,Y1998.jpg
17746,train,23,Y,Y2261.jpg
4336,val,23,Y,Y742.jpg
17747,train,23,Y,Y1768.jpg
4337,val,23,Y,Y2275.jpg
17748,train,23,Y,Y811.jpg
17749,train,23,Y,Y1185.jpg
17750,train,23,Y,Y2498.jpg
17751,train,23,Y,Y1191.jpg
17752,train,23,Y,Y805.jpg
17753,train,23,Y,Y1807.jpg
4338,val,23,Y,Y193.jpg
17754,train,23,Y,Y187.jpg
17755,train,23,Y,Y1813.jpg
17756,train,23,Y,Y839.jpg
17757,train,23,Y,Y1620.jpg
17758,train,23,Y,Y2329.jpg
17759,train,23,Y,Y1146.jpg
17760,train,23,Y,Y178.jpg
17761,train,23,Y,Y1152.jpg
17762,train,23,Y,Y1634.jpg
4339,val,23,Y,Y2315.jpg
17763,train,23,Y,Y636.jpg
17764,train,23,Y,Y150.jpg
4340,val,23,Y,Y2473.jpg
4341,val,23,Y,Y2467.jpg
4342,val,23,Y,Y144.jpg
17765,train,23,Y,Y622.jpg
17766,train,23,Y,Y1608.jpg
17767,train,23,Y,Y2301.jpg
4343,val,23,Y,Y1.jpg
17768,train,23,Y,Y2856.jpg
4344,val,23,Y,Y1387.jpg
4345,val,23,Y,Y1393.jpg
4346,val,23,Y,Y2842.jpg
17769,train,23,Y,Y391.jpg
17770,train,23,Y,Y385.jpg
17771,train,23,Y,Y1344.jpg
4347,val,23,Y,Y2895.jpg
17772,train,23,Y,Y408.jpg
17773,train,23,Y,Y1422.jpg
17774,train,23,Y,Y1436.jpg
17775,train,23,Y,Y2881.jpg
17776,train,23,Y,Y1350.jpg
4348,val,23,Y,Y352.jpg
17777,train,23,Y,Y1378.jpg
17778,train,23,Y,Y434.jpg
4349,val,23,Y,Y2117.jpg
4350,val,23,Y,Y2103.jpg
17779,train,23,Y,Y420.jpg
17780,train,23,Y,Y346.jpg
17781,train,23,Y,Y2115.jpg
17782,train,23,Y,Y436.jpg
17783,train,23,Y,Y350.jpg
17784,train,23,Y,Y344.jpg
17785,train,23,Y,Y422.jpg
17786,train,23,Y,Y1408.jpg
17787,train,23,Y,Y2101.jpg
17788,train,23,Y,Y1420.jpg
17789,train,23,Y,Y2129.jpg
17790,train,23,Y,Y2897.jpg
17791,train,23,Y,Y1346.jpg
17792,train,23,Y,Y378.jpg
17793,train,23,Y,Y1352.jpg
17794,train,23,Y,Y2883.jpg
17795,train,23,Y,Y1434.jpg
17796,train,23,Y,Y2868.jpg
17797,train,23,Y,Y393.jpg
17798,train,23,Y,Y387.jpg
17799,train,23,Y,Y1385.jpg
4351,val,23,Y,Y2854.jpg
17800,train,23,Y,Y2840.jpg
17801,train,23,Y,Y1391.jpg
17802,train,23,Y,Y2471.jpg
17803,train,23,Y,Y152.jpg
17804,train,23,Y,Y1178.jpg
17805,train,23,Y,Y634.jpg
17806,train,23,Y,Y2317.jpg
17807,train,23,Y,Y3.jpg
17808,train,23,Y,Y2303.jpg
4352,val,23,Y,Y620.jpg
17809,train,23,Y,Y146.jpg
17810,train,23,Y,Y2465.jpg
17811,train,23,Y,Y1144.jpg
4353,val,23,Y,Y608.jpg
17812,train,23,Y,Y1622.jpg
17813,train,23,Y,Y1636.jpg
17814,train,23,Y,Y2459.jpg
17815,train,23,Y,Y1150.jpg
17816,train,23,Y,Y191.jpg
17817,train,23,Y,Y1805.jpg
4354,val,23,Y,Y1811.jpg
17818,train,23,Y,Y185.jpg
17819,train,23,Y,Y1187.jpg
4355,val,23,Y,Y1839.jpg
17820,train,23,Y,Y813.jpg
4356,val,23,Y,Y807.jpg
17821,train,23,Y,Y1193.jpg
17822,train,23,Y,Y998.jpg
17823,train,23,Y,Y740.jpg
17824,train,23,Y,Y2263.jpg
17825,train,23,Y,Y2277.jpg
17826,train,23,Y,Y1018.jpg
17827,train,23,Y,Y1030.jpg
17828,train,23,Y,Y1756.jpg
17829,train,23,Y,Y1742.jpg
17830,train,23,Y,Y1024.jpg
4357,val,23,Y,Y783.jpg
17831,train,23,Y,Y1971.jpg
17832,train,23,Y,Y797.jpg
17833,train,23,Y,Y1965.jpg
17834,train,23,Y,Y1795.jpg
17835,train,23,Y,Y967.jpg
4358,val,23,Y,Y2288.jpg
17836,train,23,Y,Y1781.jpg
17837,train,23,Y,Y1959.jpg
17838,train,23,Y,Y973.jpg
17839,train,23,Y,Y2061.jpg
17840,train,23,Y,Y542.jpg
17841,train,23,Y,Y1568.jpg
17842,train,23,Y,Y81.jpg
17843,train,23,Y,Y224.jpg
17844,train,23,Y,Y95.jpg
4359,val,23,Y,Y230.jpg
17845,train,23,Y,Y556.jpg
17846,train,23,Y,Y2075.jpg
17847,train,23,Y,Y1554.jpg
17848,train,23,Y,Y218.jpg
17849,train,23,Y,Y1232.jpg
17850,train,23,Y,Y1226.jpg
17851,train,23,Y,Y2049.jpg
4360,val,23,Y,Y1540.jpg
17852,train,23,Y,Y581.jpg
17853,train,23,Y,Y42.jpg
17854,train,23,Y,Y56.jpg
17855,train,23,Y,Y2908.jpg
17856,train,23,Y,Y595.jpg
17857,train,23,Y,Y1597.jpg
17858,train,23,Y,Y2920.jpg
4361,val,23,Y,Y2934.jpg
17859,train,23,Y,Y1583.jpg
4362,val,23,Y,Y2935.jpg
17860,train,23,Y,Y1582.jpg
17861,train,23,Y,Y1596.jpg
17862,train,23,Y,Y2921.jpg
17863,train,23,Y,Y2909.jpg
17864,train,23,Y,Y57.jpg
4363,val,23,Y,Y594.jpg
4364,val,23,Y,Y580.jpg
17865,train,23,Y,Y43.jpg
17866,train,23,Y,Y1227.jpg
17867,train,23,Y,Y1541.jpg
17868,train,23,Y,Y2048.jpg
17869,train,23,Y,Y1555.jpg
17870,train,23,Y,Y219.jpg
4365,val,23,Y,Y1233.jpg
17871,train,23,Y,Y231.jpg
17872,train,23,Y,Y94.jpg
17873,train,23,Y,Y2074.jpg
17874,train,23,Y,Y557.jpg
17875,train,23,Y,Y543.jpg
4366,val,23,Y,Y1569.jpg
4367,val,23,Y,Y2060.jpg
17876,train,23,Y,Y225.jpg
17877,train,23,Y,Y80.jpg
17878,train,23,Y,Y1958.jpg
17879,train,23,Y,Y972.jpg
17880,train,23,Y,Y1780.jpg
17881,train,23,Y,Y2289.jpg
17882,train,23,Y,Y966.jpg
17883,train,23,Y,Y1794.jpg
17884,train,23,Y,Y1964.jpg
4368,val,23,Y,Y796.jpg
17885,train,23,Y,Y1970.jpg
4369,val,23,Y,Y782.jpg
4370,val,23,Y,Y769.jpg
17886,train,23,Y,Y1743.jpg
17887,train,23,Y,Y1025.jpg
17888,train,23,Y,Y1031.jpg
4371,val,23,Y,Y1757.jpg
17889,train,23,Y,Y755.jpg
17890,train,23,Y,Y2276.jpg
17891,train,23,Y,Y1019.jpg
17892,train,23,Y,Y2262.jpg
4372,val,23,Y,Y741.jpg
4373,val,23,Y,Y999.jpg
17893,train,23,Y,Y806.jpg
17894,train,23,Y,Y1192.jpg
17895,train,23,Y,Y1186.jpg
17896,train,23,Y,Y1838.jpg
17897,train,23,Y,Y812.jpg
17898,train,23,Y,Y1810.jpg
17899,train,23,Y,Y184.jpg
4374,val,23,Y,Y190.jpg
17900,train,23,Y,Y1804.jpg
17901,train,23,Y,Y1637.jpg
17902,train,23,Y,Y1151.jpg
17903,train,23,Y,Y2458.jpg
4375,val,23,Y,Y1145.jpg
17904,train,23,Y,Y609.jpg
4376,val,23,Y,Y1623.jpg
17905,train,23,Y,Y621.jpg
17906,train,23,Y,Y2302.jpg
4377,val,23,Y,Y2.jpg
4378,val,23,Y,Y2464.jpg
4379,val,23,Y,Y147.jpg
4380,val,23,Y,Y153.jpg
17907,train,23,Y,Y1179.jpg
17908,train,23,Y,Y2470.jpg
17909,train,23,Y,Y2316.jpg
17910,train,23,Y,Y635.jpg
17911,train,23,Y,Y1390.jpg
17912,train,23,Y,Y2841.jpg
17913,train,23,Y,Y2855.jpg
17914,train,23,Y,Y1384.jpg
4381,val,23,Y,Y386.jpg
17915,train,23,Y,Y392.jpg
17916,train,23,Y,Y2869.jpg
4382,val,23,Y,Y2882.jpg
17917,train,23,Y,Y379.jpg
17918,train,23,Y,Y1353.jpg
17919,train,23,Y,Y1435.jpg
4383,val,23,Y,Y2128.jpg
17920,train,23,Y,Y1421.jpg
17921,train,23,Y,Y1347.jpg
17922,train,23,Y,Y2896.jpg
17923,train,23,Y,Y345.jpg
17924,train,23,Y,Y2100.jpg
17925,train,23,Y,Y423.jpg
17926,train,23,Y,Y1409.jpg
17927,train,23,Y,Y437.jpg
17928,train,23,Y,Y2114.jpg
17929,train,23,Y,Y351.jpg
17930,train,23,Y,Y1446.jpg
4384,val,23,Y,Y1320.jpg
17931,train,23,Y,Y1334.jpg
17932,train,23,Y,Y478.jpg
4385,val,23,Y,Y1452.jpg
4386,val,23,Y,Y450.jpg
4387,val,23,Y,Y2173.jpg
17933,train,23,Y,Y336.jpg
17934,train,23,Y,Y322.jpg
17935,train,23,Y,Y1308.jpg
17936,train,23,Y,Y2167.jpg
17937,train,23,Y,Y444.jpg
4388,val,23,Y,Y1485.jpg
4389,val,23,Y,Y2826.jpg
4390,val,23,Y,Y2198.jpg
17938,train,23,Y,Y1491.jpg
17939,train,23,Y,Y493.jpg
17940,train,23,Y,Y487.jpg
17941,train,23,Y,Y108.jpg
4391,val,23,Y,Y1122.jpg
17942,train,23,Y,Y1644.jpg
17943,train,23,Y,Y2359.jpg
17944,train,23,Y,Y1650.jpg
17945,train,23,Y,Y1888.jpg
17946,train,23,Y,Y1136.jpg
17947,train,23,Y,Y134.jpg
17948,train,23,Y,Y2417.jpg
17949,train,23,Y,Y2371.jpg
17950,train,23,Y,Y652.jpg
17951,train,23,Y,Y1678.jpg
17952,train,23,Y,Y646.jpg
17953,train,23,Y,Y2365.jpg
17954,train,23,Y,Y2403.jpg
4392,val,23,Y,Y120.jpg
17955,train,23,Y,Y875.jpg
17956,train,23,Y,Y1687.jpg
17957,train,23,Y,Y861.jpg
17958,train,23,Y,Y1693.jpg
17959,train,23,Y,Y1863.jpg
17960,train,23,Y,Y849.jpg
17961,train,23,Y,Y691.jpg
17962,train,23,Y,Y1877.jpg
17963,train,23,Y,Y685.jpg
17964,train,23,Y,Y1056.jpg
17965,train,23,Y,Y1730.jpg
4393,val,23,Y,Y2239.jpg
17966,train,23,Y,Y1724.jpg
17967,train,23,Y,Y1042.jpg
17968,train,23,Y,Y2205.jpg
17969,train,23,Y,Y726.jpg
17970,train,23,Y,Y732.jpg
17971,train,23,Y,Y1718.jpg
17972,train,23,Y,Y1095.jpg
4394,val,23,Y,Y901.jpg
17973,train,23,Y,Y915.jpg
17974,train,23,Y,Y1081.jpg
17975,train,23,Y,Y1917.jpg
17976,train,23,Y,Y1903.jpg
17977,train,23,Y,Y929.jpg
17978,train,23,Y,Y518.jpg
17979,train,23,Y,Y1532.jpg
17980,train,23,Y,Y1254.jpg
17981,train,23,Y,Y2985.jpg
17982,train,23,Y,Y2991.jpg
17983,train,23,Y,Y1240.jpg
17984,train,23,Y,Y1526.jpg
17985,train,23,Y,Y524.jpg
17986,train,23,Y,Y2007.jpg
4395,val,23,Y,Y242.jpg
17987,train,23,Y,Y1268.jpg
17988,train,23,Y,Y256.jpg
17989,train,23,Y,Y2013.jpg
17990,train,23,Y,Y530.jpg
17991,train,23,Y,Y2946.jpg
17992,train,23,Y,Y1297.jpg
17993,train,23,Y,Y18.jpg
4396,val,23,Y,Y1283.jpg
17994,train,23,Y,Y2952.jpg
4397,val,23,Y,Y281.jpg
17995,train,23,Y,Y24.jpg
17996,train,23,Y,Y295.jpg
17997,train,23,Y,Y30.jpg
17998,train,23,Y,Y31.jpg
17999,train,23,Y,Y294.jpg
4398,val,23,Y,Y25.jpg
18000,train,23,Y,Y280.jpg
18001,train,23,Y,Y2953.jpg
18002,train,23,Y,Y1282.jpg
18003,train,23,Y,Y19.jpg
18004,train,23,Y,Y1296.jpg
18005,train,23,Y,Y2947.jpg
4399,val,23,Y,Y257.jpg
18006,train,23,Y,Y531.jpg
18007,train,23,Y,Y2012.jpg
18008,train,23,Y,Y2006.jpg
18009,train,23,Y,Y525.jpg
18010,train,23,Y,Y243.jpg
18011,train,23,Y,Y1269.jpg
18012,train,23,Y,Y1241.jpg
18013,train,23,Y,Y2990.jpg
4400,val,23,Y,Y1527.jpg
18014,train,23,Y,Y519.jpg
18015,train,23,Y,Y1533.jpg
18016,train,23,Y,Y2984.jpg
18017,train,23,Y,Y1255.jpg
18018,train,23,Y,Y1902.jpg
18019,train,23,Y,Y928.jpg
18020,train,23,Y,Y1916.jpg
4401,val,23,Y,Y914.jpg
4402,val,23,Y,Y1080.jpg
18021,train,23,Y,Y1094.jpg
18022,train,23,Y,Y900.jpg
18023,train,23,Y,Y2210.jpg
18024,train,23,Y,Y733.jpg
18025,train,23,Y,Y1719.jpg
4403,val,23,Y,Y727.jpg
4404,val,23,Y,Y2204.jpg
4405,val,23,Y,Y1725.jpg
18026,train,23,Y,Y1043.jpg
4406,val,23,Y,Y1057.jpg
18027,train,23,Y,Y2238.jpg
18028,train,23,Y,Y1731.jpg
18029,train,23,Y,Y684.jpg
18030,train,23,Y,Y1876.jpg
18031,train,23,Y,Y690.jpg
18032,train,23,Y,Y1862.jpg
18033,train,23,Y,Y848.jpg
18034,train,23,Y,Y1692.jpg
18035,train,23,Y,Y860.jpg
18036,train,23,Y,Y1686.jpg
18037,train,23,Y,Y874.jpg
18038,train,23,Y,Y2364.jpg
18039,train,23,Y,Y647.jpg
18040,train,23,Y,Y121.jpg
18041,train,23,Y,Y2402.jpg
18042,train,23,Y,Y2416.jpg
18043,train,23,Y,Y135.jpg
18044,train,23,Y,Y653.jpg
18045,train,23,Y,Y1679.jpg
18046,train,23,Y,Y2370.jpg
18047,train,23,Y,Y1889.jpg
18048,train,23,Y,Y1651.jpg
4407,val,23,Y,Y2358.jpg
4408,val,23,Y,Y1137.jpg
18049,train,23,Y,Y109.jpg
18050,train,23,Y,Y1123.jpg
18051,train,23,Y,Y1645.jpg
18052,train,23,Y,Y486.jpg
18053,train,23,Y,Y492.jpg
18054,train,23,Y,Y2827.jpg
18055,train,23,Y,Y1490.jpg
18056,train,23,Y,Y2199.jpg
18057,train,23,Y,Y1484.jpg
18058,train,23,Y,Y2833.jpg
18059,train,23,Y,Y323.jpg
18060,train,23,Y,Y1309.jpg
4409,val,23,Y,Y445.jpg
18061,train,23,Y,Y2166.jpg
18062,train,23,Y,Y2172.jpg
18063,train,23,Y,Y451.jpg
18064,train,23,Y,Y337.jpg
18065,train,23,Y,Y1335.jpg
18066,train,23,Y,Y479.jpg
4410,val,23,Y,Y1453.jpg
4411,val,23,Y,Y1447.jpg
18067,train,23,Y,Y1321.jpg
18068,train,23,Y,Y1451.jpg
18069,train,23,Y,Y2158.jpg
18070,train,23,Y,Y1337.jpg
18071,train,23,Y,Y309.jpg
18072,train,23,Y,Y1323.jpg
18073,train,23,Y,Y1445.jpg
18074,train,23,Y,Y2164.jpg
18075,train,23,Y,Y447.jpg
18076,train,23,Y,Y321.jpg
18077,train,23,Y,Y335.jpg
18078,train,23,Y,Y453.jpg
18079,train,23,Y,Y1479.jpg
18080,train,23,Y,Y2170.jpg
4412,val,23,Y,Y1492.jpg
18081,train,23,Y,Y2825.jpg
18082,train,23,Y,Y1486.jpg
18083,train,23,Y,Y484.jpg
18084,train,23,Y,Y2819.jpg
4413,val,23,Y,Y490.jpg
18085,train,23,Y,Y1135.jpg
4414,val,23,Y,Y679.jpg
4415,val,23,Y,Y1653.jpg
18086,train,23,Y,Y1647.jpg
18087,train,23,Y,Y2428.jpg
18088,train,23,Y,Y1121.jpg
18089,train,23,Y,Y2400.jpg
18090,train,23,Y,Y123.jpg
18091,train,23,Y,Y1109.jpg
18092,train,23,Y,Y645.jpg
18093,train,23,Y,Y2366.jpg
18094,train,23,Y,Y2372.jpg
18095,train,23,Y,Y651.jpg
4416,val,23,Y,Y889.jpg
4417,val,23,Y,Y137.jpg
4418,val,23,Y,Y2414.jpg
18096,train,23,Y,Y1848.jpg
4419,val,23,Y,Y862.jpg
18097,train,23,Y,Y1690.jpg
18098,train,23,Y,Y2399.jpg
18099,train,23,Y,Y876.jpg
18100,train,23,Y,Y1684.jpg
18101,train,23,Y,Y1874.jpg
18102,train,23,Y,Y686.jpg
18103,train,23,Y,Y1860.jpg
18104,train,23,Y,Y692.jpg
18105,train,23,Y,Y1041.jpg
4420,val,23,Y,Y1727.jpg
18106,train,23,Y,Y719.jpg
4421,val,23,Y,Y1733.jpg
18107,train,23,Y,Y1055.jpg
18108,train,23,Y,Y731.jpg
18109,train,23,Y,Y2212.jpg
18110,train,23,Y,Y2206.jpg
18111,train,23,Y,Y725.jpg
18112,train,23,Y,Y1069.jpg
18113,train,23,Y,Y1082.jpg
18114,train,23,Y,Y916.jpg
18115,train,23,Y,Y1928.jpg
18116,train,23,Y,Y902.jpg
18117,train,23,Y,Y1096.jpg
18118,train,23,Y,Y1900.jpg
18119,train,23,Y,Y1914.jpg
18120,train,23,Y,Y1525.jpg
18121,train,23,Y,Y2992.jpg
18122,train,23,Y,Y269.jpg
18123,train,23,Y,Y1243.jpg
18124,train,23,Y,Y1257.jpg
18125,train,23,Y,Y2986.jpg
18126,train,23,Y,Y2038.jpg
18127,train,23,Y,Y1531.jpg
18128,train,23,Y,Y2010.jpg
18129,train,23,Y,Y533.jpg
18130,train,23,Y,Y1519.jpg
4422,val,23,Y,Y255.jpg
4423,val,23,Y,Y241.jpg
18131,train,23,Y,Y527.jpg
18132,train,23,Y,Y2004.jpg
4424,val,23,Y,Y1280.jpg
18133,train,23,Y,Y2951.jpg
18134,train,23,Y,Y2945.jpg
18135,train,23,Y,Y1294.jpg
18136,train,23,Y,Y296.jpg
18137,train,23,Y,Y33.jpg
4425,val,23,Y,Y282.jpg
18138,train,23,Y,Y27.jpg
18139,train,23,Y,Y2979.jpg
18140,train,23,Y,Y2978.jpg
18141,train,23,Y,Y26.jpg
18142,train,23,Y,Y283.jpg
18143,train,23,Y,Y32.jpg
4426,val,23,Y,Y297.jpg
18144,train,23,Y,Y1295.jpg
18145,train,23,Y,Y2944.jpg
18146,train,23,Y,Y2950.jpg
4427,val,23,Y,Y1281.jpg
18147,train,23,Y,Y240.jpg
18148,train,23,Y,Y2005.jpg
18149,train,23,Y,Y526.jpg
18150,train,23,Y,Y532.jpg
4428,val,23,Y,Y1518.jpg
4429,val,23,Y,Y2011.jpg
18151,train,23,Y,Y254.jpg
18152,train,23,Y,Y1256.jpg
18153,train,23,Y,Y1530.jpg
18154,train,23,Y,Y2039.jpg
18155,train,23,Y,Y1524.jpg
18156,train,23,Y,Y268.jpg
18157,train,23,Y,Y1242.jpg
18158,train,23,Y,Y2993.jpg
18159,train,23,Y,Y1915.jpg
18160,train,23,Y,Y1901.jpg
18161,train,14,P,P1036.jpg
18162,train,14,P,P1988.jpg
4430,val,14,P,P1750.jpg
18163,train,14,P,P1744.jpg
18164,train,14,P,P359.jpg
4431,val,14,P,P1022.jpg
4432,val,14,P,P417.jpg
18165,train,14,P,P371.jpg
4433,val,14,P,P365.jpg
18166,train,14,P,P1778.jpg
4434,val,14,P,P403.jpg
4435,val,14,P,P1793.jpg
4436,val,14,P,P1787.jpg
18167,train,14,P,P1977.jpg
18168,train,14,P,P1963.jpg
18169,train,14,P,P1552.jpg
4437,val,14,P,P629.jpg
18170,train,14,P,P1234.jpg
18171,train,14,P,P1220.jpg
18172,train,14,P,P1546.jpg
18173,train,14,P,P173.jpg
18174,train,14,P,P1208.jpg
18175,train,14,P,P615.jpg
4438,val,14,P,P2701.jpg
18176,train,14,P,P601.jpg
18177,train,14,P,P167.jpg
18178,train,14,P,P2098.jpg
18179,train,14,P,P1591.jpg
18180,train,14,P,P832.jpg
4439,val,14,P,P826.jpg
18181,train,14,P,P1585.jpg
18182,train,14,P,P198.jpg
18183,train,14,P,P1426.jpg
18184,train,14,P,P985.jpg
18185,train,14,P,P1340.jpg
4440,val,14,P,P1354.jpg
18186,train,14,P,P991.jpg
18187,train,14,P,P1432.jpg
18188,train,14,P,P2113.jpg
18189,train,14,P,P761.jpg
18190,train,14,P,P1368.jpg
18191,train,14,P,P2107.jpg
18192,train,14,P,P1383.jpg
18193,train,14,P,P946.jpg
18194,train,14,P,P952.jpg
18195,train,14,P,P1397.jpg
18196,train,14,P,P1142.jpg
18197,train,14,P,P239.jpg
4441,val,14,P,P1624.jpg
4442,val,14,P,P1630.jpg
18198,train,14,P,P2339.jpg
18199,train,14,P,P1156.jpg
18200,train,14,P,P563.jpg
18201,train,14,P,P1618.jpg
18202,train,14,P,P205.jpg
18203,train,14,P,P211.jpg
18204,train,14,P,P577.jpg
18205,train,14,P,P2463.jpg
18206,train,14,P,P1181.jpg
18207,train,14,P,P1195.jpg
4443,val,14,P,P588.jpg
18208,train,14,P,P1803.jpg
18209,train,14,P,P1817.jpg
4444,val,14,P,P1816.jpg
18210,train,14,P,P1802.jpg
18211,train,14,P,P589.jpg
18212,train,14,P,P1194.jpg
18213,train,14,P,P1180.jpg
18214,train,14,P,P210.jpg
18215,train,14,P,P2462.jpg
18216,train,14,P,P576.jpg
18217,train,14,P,P562.jpg
18218,train,14,P,P204.jpg
18219,train,14,P,P1619.jpg
18220,train,14,P,P2338.jpg
18221,train,14,P,P1631.jpg
18222,train,14,P,P1157.jpg
18223,train,14,P,P1143.jpg
18224,train,14,P,P1625.jpg
18225,train,14,P,P238.jpg
4445,val,14,P,P1396.jpg
18226,train,14,P,P953.jpg
18227,train,14,P,P947.jpg
18228,train,14,P,P1382.jpg
18229,train,14,P,P1369.jpg
4446,val,14,P,P2106.jpg
18230,train,14,P,P2112.jpg
4447,val,14,P,P760.jpg
18231,train,14,P,P2674.jpg
18232,train,14,P,P990.jpg
4448,val,14,P,P1355.jpg
4449,val,14,P,P1433.jpg
18233,train,14,P,P1427.jpg
18234,train,14,P,P1341.jpg
18235,train,14,P,P984.jpg
4450,val,14,P,P827.jpg
18236,train,14,P,P199.jpg
18237,train,14,P,P1584.jpg
4451,val,14,P,P1590.jpg
18238,train,14,P,P2099.jpg
18239,train,14,P,P833.jpg
18240,train,14,P,P600.jpg
18241,train,14,P,P166.jpg
18242,train,14,P,P172.jpg
18243,train,14,P,P2066.jpg
18244,train,14,P,P614.jpg
4452,val,14,P,P1209.jpg
18245,train,14,P,P2728.jpg
18246,train,14,P,P1221.jpg
18247,train,14,P,P1547.jpg
4453,val,14,P,P1553.jpg
18248,train,14,P,P1235.jpg
18249,train,14,P,P628.jpg
18250,train,14,P,P1962.jpg
18251,train,14,P,P1976.jpg
18252,train,14,P,P1786.jpg
4454,val,14,P,P1792.jpg
4455,val,14,P,P1779.jpg
18253,train,14,P,P364.jpg
18254,train,14,P,P402.jpg
4456,val,14,P,P416.jpg
18255,train,14,P,P370.jpg
18256,train,14,P,P358.jpg
4457,val,14,P,P1745.jpg
18257,train,14,P,P1023.jpg
18258,train,14,P,P1037.jpg
18259,train,14,P,P1751.jpg
18260,train,14,P,P1989.jpg
18261,train,14,P,P1021.jpg
18262,train,14,P,P1747.jpg
18263,train,14,P,P1753.jpg
18264,train,14,P,P1035.jpg
18265,train,14,P,P428.jpg
18266,train,14,P,P400.jpg
18267,train,14,P,P366.jpg
18268,train,14,P,P372.jpg
18269,train,14,P,P414.jpg
18270,train,14,P,P1009.jpg
18271,train,14,P,P399.jpg
18272,train,14,P,P1784.jpg
4458,val,14,P,P1790.jpg
18273,train,14,P,P1948.jpg
4459,val,14,P,P1960.jpg
18274,train,14,P,P1974.jpg
18275,train,14,P,P158.jpg
18276,train,14,P,P1545.jpg
18277,train,14,P,P1223.jpg
4460,val,14,P,P1237.jpg
18278,train,14,P,P1551.jpg
18279,train,14,P,P2058.jpg
18280,train,14,P,P1579.jpg
18281,train,14,P,P164.jpg
18282,train,14,P,P602.jpg
18283,train,14,P,P2716.jpg
4461,val,14,P,P616.jpg
18284,train,14,P,P2064.jpg
18285,train,14,P,P170.jpg
18286,train,14,P,P1586.jpg
18287,train,14,P,P825.jpg
4462,val,14,P,P831.jpg
18288,train,14,P,P1592.jpg
18289,train,14,P,P819.jpg
18290,train,14,P,P2138.jpg
18291,train,14,P,P1431.jpg
18292,train,14,P,P1357.jpg
18293,train,14,P,P992.jpg
18294,train,14,P,P986.jpg
18295,train,14,P,P1343.jpg
18296,train,14,P,P1425.jpg
18297,train,14,P,P2104.jpg
18298,train,14,P,P2676.jpg
18299,train,14,P,P762.jpg
18300,train,14,P,P2110.jpg
4463,val,14,P,P1419.jpg
18301,train,14,P,P951.jpg
18302,train,14,P,P1394.jpg
18303,train,14,P,P1380.jpg
18304,train,14,P,P945.jpg
18305,train,14,P,P979.jpg
18306,train,14,P,P548.jpg
4464,val,14,P,P1155.jpg
18307,train,14,P,P1633.jpg
4465,val,14,P,P1627.jpg
4466,val,14,P,P1141.jpg
18308,train,14,P,P2448.jpg
18309,train,14,P,P1169.jpg
18310,train,14,P,P574.jpg
18311,train,14,P,P2460.jpg
18312,train,14,P,P212.jpg
18313,train,14,P,P206.jpg
4467,val,14,P,P560.jpg
18314,train,14,P,P1196.jpg
18315,train,14,P,P1828.jpg
18316,train,14,P,P1182.jpg
4468,val,14,P,P1814.jpg
18317,train,14,P,P1800.jpg
18318,train,14,P,P1801.jpg
18319,train,14,P,P1815.jpg
18320,train,14,P,P1183.jpg
4469,val,14,P,P1197.jpg
18321,train,14,P,P1829.jpg
4470,val,14,P,P207.jpg
18322,train,14,P,P561.jpg
18323,train,14,P,P2461.jpg
18324,train,14,P,P575.jpg
18325,train,14,P,P1168.jpg
18326,train,14,P,P213.jpg
18327,train,14,P,P1626.jpg
18328,train,14,P,P2449.jpg
18329,train,14,P,P1140.jpg
18330,train,14,P,P1154.jpg
18331,train,14,P,P549.jpg
18332,train,14,P,P1632.jpg
18333,train,14,P,P978.jpg
18334,train,14,P,P944.jpg
18335,train,14,P,P1381.jpg
18336,train,14,P,P1395.jpg
18337,train,14,P,P950.jpg
18338,train,14,P,P2677.jpg
18339,train,14,P,P1418.jpg
18340,train,14,P,P2111.jpg
18341,train,14,P,P2105.jpg
18342,train,14,P,P1342.jpg
4471,val,14,P,P987.jpg
18343,train,14,P,P1424.jpg
18344,train,14,P,P1430.jpg
18345,train,14,P,P2139.jpg
18346,train,14,P,P993.jpg
18347,train,14,P,P1356.jpg
18348,train,14,P,P818.jpg
18349,train,14,P,P830.jpg
18350,train,14,P,P1593.jpg
18351,train,14,P,P1587.jpg
18352,train,14,P,P824.jpg
4472,val,14,P,P617.jpg
18353,train,14,P,P171.jpg
18354,train,14,P,P2065.jpg
18355,train,14,P,P165.jpg
18356,train,14,P,P2071.jpg
18357,train,14,P,P1578.jpg
18358,train,14,P,P603.jpg
4473,val,14,P,P1236.jpg
18359,train,14,P,P2059.jpg
18360,train,14,P,P1550.jpg
18361,train,14,P,P1544.jpg
18362,train,14,P,P159.jpg
18363,train,14,P,P1222.jpg
18364,train,14,P,P1975.jpg
18365,train,14,P,P1961.jpg
18366,train,14,P,P1949.jpg
4474,val,14,P,P1791.jpg
18367,train,14,P,P1785.jpg
18368,train,14,P,P398.jpg
18369,train,14,P,P373.jpg
18370,train,14,P,P1008.jpg
4475,val,14,P,P415.jpg
18371,train,14,P,P401.jpg
18372,train,14,P,P367.jpg
18373,train,14,P,P1752.jpg
4476,val,14,P,P429.jpg
18374,train,14,P,P1034.jpg
18375,train,14,P,P1020.jpg
18376,train,14,P,P1746.jpg
18377,train,14,P,P363.jpg
18378,train,14,P,P1018.jpg
4477,val,14,P,P405.jpg
18379,train,14,P,P411.jpg
18380,train,14,P,P377.jpg
4478,val,14,P,P1742.jpg
4479,val,14,P,P439.jpg
18381,train,14,P,P1024.jpg
18382,train,14,P,P1030.jpg
18383,train,14,P,P1756.jpg
4480,val,14,P,P1965.jpg
18384,train,14,P,P1971.jpg
18385,train,14,P,P1781.jpg
18386,train,14,P,P1959.jpg
4481,val,14,P,P1795.jpg
18387,train,14,P,P388.jpg
18388,train,14,P,P607.jpg
4482,val,14,P,P161.jpg
4483,val,14,P,P2075.jpg
18389,train,14,P,P175.jpg
18390,train,14,P,P2061.jpg
18391,train,14,P,P1568.jpg
18392,train,14,P,P613.jpg
18393,train,14,P,P1226.jpg
18394,train,14,P,P2049.jpg
18395,train,14,P,P1540.jpg
18396,train,14,P,P1554.jpg
18397,train,14,P,P149.jpg
4484,val,14,P,P1232.jpg
4485,val,14,P,P808.jpg
4486,val,14,P,P820.jpg
4487,val,14,P,P1583.jpg
18398,train,14,P,P1597.jpg
18399,train,14,P,P834.jpg
18400,train,14,P,P2667.jpg
18401,train,14,P,P1408.jpg
18402,train,14,P,P2101.jpg
18403,train,14,P,P2115.jpg
18404,train,14,P,P2673.jpg
18405,train,14,P,P1352.jpg
4488,val,14,P,P997.jpg
18406,train,14,P,P1434.jpg
18407,train,14,P,P1420.jpg
18408,train,14,P,P2129.jpg
18409,train,14,P,P983.jpg
18410,train,14,P,P1346.jpg
4489,val,14,P,P968.jpg
18411,train,14,P,P954.jpg
18412,train,14,P,P1391.jpg
18413,train,14,P,P1385.jpg
18414,train,14,P,P940.jpg
18415,train,14,P,P217.jpg
18416,train,14,P,P2465.jpg
18417,train,14,P,P571.jpg
18418,train,14,P,P565.jpg
4490,val,14,P,P1178.jpg
18419,train,14,P,P203.jpg
18420,train,14,P,P1636.jpg
18421,train,14,P,P14.jpg
18422,train,14,P,P2459.jpg
18423,train,14,P,P1150.jpg
18424,train,14,P,P1144.jpg
18425,train,14,P,P559.jpg
4491,val,14,P,P1622.jpg
4492,val,14,P,P1811.jpg
18426,train,14,P,P1805.jpg
18427,train,14,P,P1193.jpg
18428,train,14,P,P1187.jpg
4493,val,14,P,P1839.jpg
18429,train,14,P,P1186.jpg
18430,train,14,P,P1838.jpg
18431,train,14,P,P1192.jpg
18432,train,14,P,P1804.jpg
18433,train,14,P,P1810.jpg
18434,train,14,P,P558.jpg
18435,train,14,P,P1145.jpg
18436,train,14,P,P1623.jpg
18437,train,14,P,P15.jpg
18438,train,14,P,P1637.jpg
18439,train,14,P,P1151.jpg
18440,train,14,P,P2458.jpg
18441,train,14,P,P1179.jpg
18442,train,14,P,P564.jpg
18443,train,14,P,P202.jpg
18444,train,14,P,P216.jpg
18445,train,14,P,P570.jpg
18446,train,14,P,P2464.jpg
18447,train,14,P,P941.jpg
18448,train,14,P,P1384.jpg
4494,val,14,P,P1390.jpg
4495,val,14,P,P955.jpg
18449,train,14,P,P2699.jpg
18450,train,14,P,P969.jpg
18451,train,14,P,P2128.jpg
4496,val,14,P,P1421.jpg
18452,train,14,P,P1347.jpg
18453,train,14,P,P982.jpg
18454,train,14,P,P996.jpg
18455,train,14,P,P1353.jpg
18456,train,14,P,P1435.jpg
18457,train,14,P,P2114.jpg
18458,train,14,P,P2100.jpg
18459,train,14,P,P1409.jpg
18460,train,14,P,P1596.jpg
18461,train,14,P,P835.jpg
18462,train,14,P,P821.jpg
4497,val,14,P,P1582.jpg
18463,train,14,P,P809.jpg
4498,val,14,P,P148.jpg
18464,train,14,P,P1555.jpg
18465,train,14,P,P1233.jpg
18466,train,14,P,P1227.jpg
18467,train,14,P,P1541.jpg
18468,train,14,P,P2048.jpg
18469,train,14,P,P1569.jpg
18470,train,14,P,P174.jpg
18471,train,14,P,P612.jpg
4499,val,14,P,P606.jpg
18472,train,14,P,P2074.jpg
4500,val,14,P,P160.jpg
4501,val,14,P,P389.jpg
18473,train,14,P,P1794.jpg
18474,train,14,P,P1958.jpg
18475,train,14,P,P1780.jpg
18476,train,14,P,P1970.jpg
4502,val,14,P,P1964.jpg
4503,val,14,P,P1031.jpg
18477,train,14,P,P1757.jpg
18478,train,14,P,P1743.jpg
4504,val,14,P,P1025.jpg
18479,train,14,P,P438.jpg
18480,train,14,P,P410.jpg
18481,train,14,P,P376.jpg
18482,train,14,P,P362.jpg
4505,val,14,P,P404.jpg
18483,train,14,P,P1019.jpg
18484,train,14,P,P1769.jpg
18485,train,14,P,P374.jpg
18486,train,14,P,P412.jpg
18487,train,14,P,P406.jpg
18488,train,14,P,P360.jpg
18489,train,14,P,P348.jpg
18490,train,14,P,P1755.jpg
18491,train,14,P,P1033.jpg
4506,val,14,P,P1027.jpg
18492,train,14,P,P1999.jpg
18493,train,14,P,P1741.jpg
18494,train,14,P,P1972.jpg
18495,train,14,P,P1966.jpg
4507,val,14,P,P1796.jpg
4508,val,14,P,P1782.jpg
18496,train,14,P,P610.jpg
4509,val,14,P,P176.jpg
18497,train,14,P,P2062.jpg
18498,train,14,P,P162.jpg
18499,train,14,P,P2076.jpg
4510,val,14,P,P2710.jpg
18500,train,14,P,P604.jpg
4511,val,14,P,P1219.jpg
4512,val,14,P,P1231.jpg
18501,train,14,P,P1557.jpg
4513,val,14,P,P1543.jpg
18502,train,14,P,P1225.jpg
4514,val,14,P,P638.jpg
18503,train,14,P,P837.jpg
18504,train,14,P,P189.jpg
18505,train,14,P,P1594.jpg
18506,train,14,P,P1580.jpg
4515,val,14,P,P2089.jpg
18507,train,14,P,P823.jpg
18508,train,14,P,P1379.jpg
18509,train,14,P,P2116.jpg
18510,train,14,P,P2102.jpg
18511,train,14,P,P980.jpg
18512,train,14,P,P1345.jpg
18513,train,14,P,P1423.jpg
18514,train,14,P,P1437.jpg
18515,train,14,P,P1351.jpg
18516,train,14,P,P994.jpg
18517,train,14,P,P1386.jpg
18518,train,14,P,P943.jpg
18519,train,14,P,P957.jpg
18520,train,14,P,P1392.jpg
18521,train,14,P,P200.jpg
4516,val,14,P,P566.jpg
4517,val,14,P,P2466.jpg
4518,val,14,P,P572.jpg
18522,train,14,P,P214.jpg
18523,train,14,P,P1609.jpg
18524,train,14,P,P2328.jpg
4519,val,14,P,P1621.jpg
18525,train,14,P,P1147.jpg
18526,train,14,P,P1153.jpg
4520,val,14,P,P1635.jpg
18527,train,14,P,P228.jpg
18528,train,14,P,P1806.jpg
18529,train,14,P,P1812.jpg
18530,train,14,P,P599.jpg
18531,train,14,P,P1184.jpg
4521,val,14,P,P1190.jpg
18532,train,14,P,P1191.jpg
18533,train,14,P,P1185.jpg
4522,val,14,P,P598.jpg
4523,val,14,P,P1813.jpg
18534,train,14,P,P1807.jpg
18535,train,14,P,P1152.jpg
18536,train,14,P,P229.jpg
18537,train,14,P,P1634.jpg
4524,val,14,P,P1620.jpg
18538,train,14,P,P2329.jpg
18539,train,14,P,P1146.jpg
4525,val,14,P,P573.jpg
4526,val,14,P,P1608.jpg
18540,train,14,P,P215.jpg
18541,train,14,P,P201.jpg
4527,val,14,P,P567.jpg
18542,train,14,P,P1393.jpg
4528,val,14,P,P956.jpg
18543,train,14,P,P942.jpg
18544,train,14,P,P1387.jpg
18545,train,14,P,P1436.jpg
4529,val,14,P,P995.jpg
18546,train,14,P,P1350.jpg
4530,val,14,P,P1344.jpg
4531,val,14,P,P759.jpg
18547,train,14,P,P981.jpg
4532,val,14,P,P1422.jpg
4533,val,14,P,P2103.jpg
4534,val,14,P,P1378.jpg
18548,train,14,P,P2117.jpg
4535,val,14,P,P2088.jpg
18549,train,14,P,P1581.jpg
4536,val,14,P,P822.jpg
18550,train,14,P,P836.jpg
4537,val,14,P,P1595.jpg
18551,train,14,P,P188.jpg
18552,train,14,P,P1542.jpg
18553,train,14,P,P639.jpg
18554,train,14,P,P1224.jpg
18555,train,14,P,P1230.jpg
18556,train,14,P,P1556.jpg
4538,val,14,P,P163.jpg
18557,train,14,P,P1218.jpg
4539,val,14,P,P605.jpg
18558,train,14,P,P611.jpg
18559,train,14,P,P177.jpg
18560,train,14,P,P1783.jpg
18561,train,14,P,P1797.jpg
18562,train,14,P,P1967.jpg
18563,train,14,P,P1973.jpg
18564,train,14,P,P1026.jpg
18565,train,14,P,P1740.jpg
18566,train,14,P,P1998.jpg
18567,train,14,P,P1754.jpg
18568,train,14,P,P349.jpg
18569,train,14,P,P1032.jpg
4540,val,14,P,P407.jpg
18570,train,14,P,P361.jpg
18571,train,14,P,P375.jpg
18572,train,14,P,P1768.jpg
18573,train,14,P,P413.jpg
4541,val,14,P,P1733.jpg
18574,train,14,P,P448.jpg
18575,train,14,P,P1055.jpg
18576,train,14,P,P1041.jpg
18577,train,14,P,P1727.jpg
4542,val,14,P,P312.jpg
18578,train,14,P,P1069.jpg
18579,train,14,P,P474.jpg
18580,train,14,P,P460.jpg
18581,train,14,P,P306.jpg
18582,train,14,P,P1928.jpg
18583,train,14,P,P1096.jpg
18584,train,14,P,P1082.jpg
18585,train,14,P,P1914.jpg
18586,train,14,P,P1900.jpg
18587,train,14,P,P1257.jpg
18588,train,14,P,P892.jpg
18589,train,14,P,P2038.jpg
4543,val,14,P,P1531.jpg
18590,train,14,P,P1525.jpg
18591,train,14,P,P138.jpg
18592,train,14,P,P886.jpg
18593,train,14,P,P1243.jpg
18594,train,14,P,P2004.jpg
18595,train,14,P,P110.jpg
18596,train,14,P,P2010.jpg
18597,train,14,P,P104.jpg
18598,train,14,P,P1519.jpg
18599,train,14,P,P2776.jpg
4544,val,14,P,P851.jpg
18600,train,14,P,P1294.jpg
4545,val,14,P,P1280.jpg
18601,train,14,P,P845.jpg
18602,train,14,P,P879.jpg
18603,train,14,P,P1323.jpg
18604,train,14,P,P1445.jpg
18605,train,14,P,P1451.jpg
18606,train,14,P,P2158.jpg
18607,train,14,P,P1337.jpg
18608,train,14,P,P1479.jpg
4546,val,14,P,P2170.jpg
18609,train,14,P,P2164.jpg
18610,train,14,P,P925.jpg
18611,train,14,P,P1486.jpg
18612,train,14,P,P1492.jpg
18613,train,14,P,P931.jpg
4547,val,14,P,P919.jpg
18614,train,14,P,P1647.jpg
18615,train,14,P,P65.jpg
18616,train,14,P,P2428.jpg
18617,train,14,P,P1121.jpg
18618,train,14,P,P1135.jpg
18619,train,14,P,P528.jpg
18620,train,14,P,P1653.jpg
4548,val,14,P,P2372.jpg
18621,train,14,P,P266.jpg
18622,train,14,P,P500.jpg
18623,train,14,P,P2414.jpg
18624,train,14,P,P514.jpg
18625,train,14,P,P2400.jpg
4549,val,14,P,P1109.jpg
18626,train,14,P,P2366.jpg
18627,train,14,P,P272.jpg
18628,train,14,P,P299.jpg
18629,train,14,P,P1684.jpg
4550,val,14,P,P1848.jpg
18630,train,14,P,P1690.jpg
18631,train,14,P,P2399.jpg
18632,train,14,P,P1860.jpg
18633,train,14,P,P1874.jpg
4551,val,14,P,P1875.jpg
18634,train,14,P,P1861.jpg
4552,val,14,P,P2398.jpg
4553,val,14,P,P1691.jpg
18635,train,14,P,P1849.jpg
4554,val,14,P,P1685.jpg
4555,val,14,P,P298.jpg
18636,train,14,P,P1108.jpg
18637,train,14,P,P2401.jpg
18638,train,14,P,P515.jpg
4556,val,14,P,P273.jpg
18639,train,14,P,P2367.jpg
18640,train,14,P,P267.jpg
18641,train,14,P,P2373.jpg
18642,train,14,P,P2415.jpg
18643,train,14,P,P501.jpg
18644,train,14,P,P529.jpg
18645,train,14,P,P1134.jpg
4557,val,14,P,P1652.jpg
4558,val,14,P,P64.jpg
18646,train,14,P,P1646.jpg
18647,train,14,P,P1120.jpg
18648,train,14,P,P2429.jpg
4559,val,14,P,P918.jpg
4560,val,14,P,P1493.jpg
18649,train,14,P,P930.jpg
18650,train,14,P,P924.jpg
18651,train,14,P,P1487.jpg
18652,train,14,P,P2165.jpg
18653,train,14,P,P2171.jpg
4561,val,14,P,P1478.jpg
18654,train,14,P,P2159.jpg
18655,train,14,P,P1450.jpg
18656,train,14,P,P1336.jpg
18657,train,14,P,P1322.jpg
18658,train,14,P,P1444.jpg
18659,train,14,P,P878.jpg
4562,val,14,P,P844.jpg
18660,train,14,P,P1281.jpg
4563,val,14,P,P1295.jpg
18661,train,14,P,P850.jpg
18662,train,14,P,P1518.jpg
18663,train,14,P,P105.jpg
18664,train,14,P,P2011.jpg
18665,train,14,P,P663.jpg
18666,train,14,P,P111.jpg
18667,train,14,P,P2005.jpg
18668,train,14,P,P139.jpg
18669,train,14,P,P1524.jpg
18670,train,14,P,P1242.jpg
4564,val,14,P,P887.jpg
18671,train,14,P,P893.jpg
18672,train,14,P,P1256.jpg
4565,val,14,P,P1530.jpg
18673,train,14,P,P2039.jpg
18674,train,14,P,P1901.jpg
18675,train,14,P,P1915.jpg
18676,train,14,P,P1083.jpg
4566,val,14,P,P1929.jpg
4567,val,14,P,P1097.jpg
18677,train,14,P,P461.jpg
18678,train,14,P,P307.jpg
18679,train,14,P,P313.jpg
4568,val,14,P,P475.jpg
18680,train,14,P,P1068.jpg
18681,train,14,P,P1040.jpg
4569,val,14,P,P1726.jpg
4570,val,14,P,P1732.jpg
18682,train,14,P,P1054.jpg
18683,train,14,P,P449.jpg
18684,train,14,P,P339.jpg
18685,train,14,P,P1724.jpg
18686,train,14,P,P1042.jpg
18687,train,14,P,P1056.jpg
18688,train,14,P,P1730.jpg
18689,train,14,P,P1718.jpg
18690,train,14,P,P305.jpg
18691,train,14,P,P463.jpg
18692,train,14,P,P477.jpg
4571,val,14,P,P311.jpg
4572,val,14,P,P1081.jpg
4573,val,14,P,P1095.jpg
18693,train,14,P,P488.jpg
18694,train,14,P,P1903.jpg
18695,train,14,P,P1917.jpg
18696,train,14,P,P885.jpg
18697,train,14,P,P1240.jpg
4574,val,14,P,P1526.jpg
18698,train,14,P,P1532.jpg
18699,train,14,P,P1254.jpg
18700,train,14,P,P649.jpg
18701,train,14,P,P891.jpg
18702,train,14,P,P2775.jpg
18703,train,14,P,P2013.jpg
18704,train,14,P,P107.jpg
18705,train,14,P,P2007.jpg
4575,val,14,P,P113.jpg
18706,train,14,P,P1268.jpg
18707,train,14,P,P1283.jpg
4576,val,14,P,P846.jpg
18708,train,14,P,P852.jpg
18709,train,14,P,P1297.jpg
4577,val,14,P,P1334.jpg
4578,val,14,P,P1452.jpg
4579,val,14,P,P1446.jpg
18710,train,14,P,P1320.jpg
18711,train,14,P,P1308.jpg
4580,val,14,P,P2167.jpg
18712,train,14,P,P2173.jpg
18713,train,14,P,P932.jpg
18714,train,14,P,P1491.jpg
18715,train,14,P,P1485.jpg
18716,train,14,P,P926.jpg
4581,val,14,P,P2359.jpg
18717,train,14,P,P1650.jpg
18718,train,14,P,P1888.jpg
18719,train,14,P,P1136.jpg
4582,val,14,P,P1122.jpg
4583,val,14,P,P1644.jpg
4584,val,14,P,P259.jpg
18720,train,14,P,P2365.jpg
18721,train,14,P,P271.jpg
18722,train,14,P,P517.jpg
18723,train,14,P,P2403.jpg
18724,train,14,P,P503.jpg
18725,train,14,P,P2417.jpg
18726,train,14,P,P2371.jpg
18727,train,14,P,P265.jpg
18728,train,14,P,P1678.jpg
18729,train,14,P,P1693.jpg
4585,val,14,P,P1687.jpg
18730,train,14,P,P1877.jpg
18731,train,14,P,P1863.jpg
18732,train,14,P,P99.jpg
18733,train,14,P,P98.jpg
18734,train,14,P,P1862.jpg
18735,train,14,P,P1876.jpg
18736,train,14,P,P1686.jpg
18737,train,14,P,P1692.jpg
18738,train,14,P,P2416.jpg
18739,train,14,P,P502.jpg
18740,train,14,P,P1679.jpg
4586,val,14,P,P264.jpg
18741,train,14,P,P2370.jpg
18742,train,14,P,P270.jpg
18743,train,14,P,P2364.jpg
18744,train,14,P,P2402.jpg
18745,train,14,P,P516.jpg
18746,train,14,P,P1123.jpg
18747,train,14,P,P258.jpg
18748,train,14,P,P1645.jpg
18749,train,14,P,P1889.jpg
4587,val,14,P,P1651.jpg
18750,train,14,P,P2358.jpg
18751,train,14,P,P1137.jpg
18752,train,14,P,P1484.jpg
18753,train,14,P,P927.jpg
18754,train,14,P,P933.jpg
18755,train,14,P,P1490.jpg
18756,train,14,P,P2172.jpg
18757,train,14,P,P1309.jpg
18758,train,14,P,P2166.jpg
4588,val,14,P,P1447.jpg
18759,train,14,P,P1321.jpg
18760,train,14,P,P1335.jpg
18761,train,14,P,P1453.jpg
18762,train,14,P,P1296.jpg
18763,train,14,P,P853.jpg
18764,train,14,P,P847.jpg
18765,train,14,P,P1282.jpg
18766,train,14,P,P112.jpg
18767,train,14,P,P2006.jpg
18768,train,14,P,P1269.jpg
18769,train,14,P,P2774.jpg
18770,train,14,P,P106.jpg
18771,train,14,P,P2012.jpg
18772,train,14,P,P1533.jpg
4589,val,14,P,P890.jpg
18773,train,14,P,P648.jpg
18774,train,14,P,P1255.jpg
18775,train,14,P,P1241.jpg
18776,train,14,P,P884.jpg
4590,val,14,P,P1527.jpg
18777,train,14,P,P1916.jpg
18778,train,14,P,P1902.jpg
18779,train,14,P,P489.jpg
18780,train,14,P,P1094.jpg
18781,train,14,P,P1080.jpg
18782,train,14,P,P476.jpg
18783,train,14,P,P310.jpg
18784,train,14,P,P304.jpg
18785,train,14,P,P1719.jpg
4591,val,14,P,P462.jpg
18786,train,14,P,P1057.jpg
18787,train,14,P,P1731.jpg
18788,train,14,P,P1725.jpg
18789,train,14,P,P338.jpg
18790,train,14,P,P1043.jpg
18791,train,14,P,P466.jpg
18792,train,14,P,P300.jpg
18793,train,14,P,P314.jpg
18794,train,14,P,P1709.jpg
18795,train,14,P,P472.jpg
18796,train,14,P,P1047.jpg
18797,train,14,P,P1721.jpg
18798,train,14,P,P1735.jpg
18799,train,14,P,P328.jpg
18800,train,14,P,P1053.jpg
18801,train,14,P,P1906.jpg
18802,train,14,P,P1912.jpg
18803,train,14,P,P499.jpg
18804,train,14,P,P1084.jpg
4592,val,14,P,P1090.jpg
18805,train,14,P,P102.jpg
18806,train,14,P,P2016.jpg
18807,train,14,P,P1279.jpg
18808,train,14,P,P116.jpg
18809,train,14,P,P2002.jpg
4593,val,14,P,P1523.jpg
4594,val,14,P,P880.jpg
4595,val,14,P,P1245.jpg
18810,train,14,P,P1251.jpg
18811,train,14,P,P894.jpg
18812,train,14,P,P1537.jpg
18813,train,14,P,P1286.jpg
18814,train,14,P,P843.jpg
4596,val,14,P,P857.jpg
4597,val,14,P,P1292.jpg
4598,val,14,P,P2162.jpg
4599,val,14,P,P1319.jpg
18815,train,14,P,P2176.jpg
18816,train,14,P,P1457.jpg
18817,train,14,P,P1331.jpg
18818,train,14,P,P1325.jpg
18819,train,14,P,P738.jpg
4600,val,14,P,P1443.jpg
18820,train,14,P,P1494.jpg
18821,train,14,P,P937.jpg
4601,val,14,P,P923.jpg
18822,train,14,P,P1480.jpg
18823,train,14,P,P2406.jpg
18824,train,14,P,P512.jpg
18825,train,14,P,P1669.jpg
18826,train,14,P,P274.jpg
18827,train,14,P,P260.jpg
18828,train,14,P,P2374.jpg
18829,train,14,P,P2412.jpg
18830,train,14,P,P506.jpg
18831,train,14,P,P1133.jpg
18832,train,14,P,P248.jpg
18833,train,14,P,P1655.jpg
4602,val,14,P,P1641.jpg
18834,train,14,P,P1899.jpg
4603,val,14,P,P63.jpg
4604,val,14,P,P2348.jpg
4605,val,14,P,P1127.jpg
18835,train,14,P,P1872.jpg
4606,val,14,P,P1866.jpg
4607,val,14,P,P1696.jpg
18836,train,14,P,P1682.jpg
18837,train,14,P,P1683.jpg
4608,val,14,P,P1697.jpg
4609,val,14,P,P1867.jpg
18838,train,14,P,P1873.jpg
18839,train,14,P,P89.jpg
4610,val,14,P,P2349.jpg
18840,train,14,P,P62.jpg
18841,train,14,P,P1898.jpg
18842,train,14,P,P1640.jpg
18843,train,14,P,P1126.jpg
18844,train,14,P,P1132.jpg
18845,train,14,P,P1654.jpg
18846,train,14,P,P249.jpg
4611,val,14,P,P2375.jpg
4612,val,14,P,P261.jpg
18847,train,14,P,P507.jpg
4613,val,14,P,P2413.jpg
4614,val,14,P,P513.jpg
18848,train,14,P,P2407.jpg
4615,val,14,P,P2361.jpg
18849,train,14,P,P275.jpg
18850,train,14,P,P1668.jpg
18851,train,14,P,P922.jpg
18852,train,14,P,P1481.jpg
18853,train,14,P,P1495.jpg
18854,train,14,P,P936.jpg
18855,train,14,P,P739.jpg
4616,val,14,P,P1324.jpg
18856,train,14,P,P1442.jpg
18857,train,14,P,P1456.jpg
18858,train,14,P,P1330.jpg
18859,train,14,P,P1318.jpg
18860,train,14,P,P2177.jpg
18861,train,14,P,P2163.jpg
18862,train,14,P,P1293.jpg
18863,train,14,P,P856.jpg
4617,val,14,P,P842.jpg
18864,train,14,P,P1287.jpg
18865,train,14,P,P895.jpg
4618,val,14,P,P1250.jpg
4619,val,14,P,P1536.jpg
4620,val,14,P,P1522.jpg
4621,val,14,P,P1244.jpg
4622,val,14,P,P881.jpg
18866,train,14,P,P2003.jpg
18867,train,14,P,P117.jpg
18868,train,14,P,P2017.jpg
18869,train,14,P,P103.jpg
18870,train,14,P,P1278.jpg
18871,train,14,P,P1091.jpg
18872,train,14,P,P1085.jpg
4623,val,14,P,P498.jpg
18873,train,14,P,P1913.jpg
18874,train,14,P,P1907.jpg
18875,train,14,P,P329.jpg
18876,train,14,P,P1734.jpg
18877,train,14,P,P1052.jpg
4624,val,14,P,P1046.jpg
4625,val,14,P,P1720.jpg
18878,train,14,P,P1708.jpg
4626,val,14,P,P315.jpg
4627,val,14,P,P473.jpg
4628,val,14,P,P467.jpg
18879,train,14,P,P301.jpg
18880,train,14,P,P471.jpg
4629,val,14,P,P317.jpg
18881,train,14,P,P303.jpg
18882,train,14,P,P465.jpg
4630,val,14,P,P1078.jpg
18883,train,14,P,P1050.jpg
18884,train,14,P,P1736.jpg
4631,val,14,P,P1722.jpg
18885,train,14,P,P1044.jpg
18886,train,14,P,P459.jpg
18887,train,14,P,P1911.jpg
18888,train,14,P,P1905.jpg
18889,train,14,P,P1093.jpg
18890,train,14,P,P1939.jpg
18891,train,14,P,P1087.jpg
18892,train,14,P,P1508.jpg
18893,train,14,P,P115.jpg
18894,train,14,P,P2001.jpg
4632,val,14,P,P101.jpg
18895,train,14,P,P129.jpg
18896,train,14,P,P1534.jpg
18897,train,14,P,P1252.jpg
18898,train,14,P,P897.jpg
18899,train,14,P,P883.jpg
18900,train,14,P,P1246.jpg
18901,train,14,P,P1520.jpg
4633,val,14,P,P2029.jpg
18902,train,14,P,P868.jpg
18903,train,14,P,P854.jpg
18904,train,14,P,P1291.jpg
4634,val,14,P,P1285.jpg
18905,train,14,P,P840.jpg
18906,train,14,P,P2175.jpg
18907,train,14,P,P2161.jpg
18908,train,14,P,P1468.jpg
18909,train,14,P,P2149.jpg
18910,train,14,P,P1440.jpg
18911,train,14,P,P1326.jpg
18912,train,14,P,P1332.jpg
18913,train,14,P,P1454.jpg
18914,train,14,P,P908.jpg
18915,train,14,P,P1483.jpg
18916,train,14,P,P920.jpg
18917,train,14,P,P934.jpg
18918,train,14,P,P1497.jpg
18919,train,14,P,P1118.jpg
18920,train,14,P,P2411.jpg
18921,train,14,P,P505.jpg
18922,train,14,P,P263.jpg
18923,train,14,P,P2377.jpg
4635,val,14,P,P277.jpg
18924,train,14,P,P2363.jpg
18925,train,14,P,P2405.jpg
18926,train,14,P,P511.jpg
18927,train,14,P,P539.jpg
4636,val,14,P,P1124.jpg
4637,val,14,P,P1642.jpg
18928,train,14,P,P1656.jpg
4638,val,14,P,P1130.jpg
18929,train,14,P,P2439.jpg
18930,train,14,P,P1865.jpg
18931,train,14,P,P1871.jpg
4639,val,14,P,P2388.jpg
18932,train,14,P,P1859.jpg
4640,val,14,P,P1681.jpg
18933,train,14,P,P1695.jpg
18934,train,14,P,P288.jpg
18935,train,14,P,P289.jpg
18936,train,14,P,P1694.jpg
18937,train,14,P,P1680.jpg
18938,train,14,P,P1858.jpg
4641,val,14,P,P2389.jpg
18939,train,14,P,P1870.jpg
4642,val,14,P,P1864.jpg
18940,train,14,P,P1657.jpg
4643,val,14,P,P2438.jpg
18941,train,14,P,P1131.jpg
18942,train,14,P,P1125.jpg
18943,train,14,P,P538.jpg
18944,train,14,P,P61.jpg
18945,train,14,P,P1643.jpg
18946,train,14,P,P2362.jpg
18947,train,21,W,W344.jpg
18948,train,21,W,W2966.jpg
4644,val,21,W,W422.jpg
18949,train,21,W,W2972.jpg
18950,train,21,W,W436.jpg
18951,train,21,W,W350.jpg
18952,train,21,W,W378.jpg
18953,train,21,W,W387.jpg
18954,train,21,W,W1512.jpg
18955,train,21,W,W1274.jpg
18956,train,21,W,W1260.jpg
18957,train,21,W,W1506.jpg
18958,train,21,W,W393.jpg
18959,train,21,W,W2027.jpg
18960,train,21,W,W2999.jpg
18961,train,21,W,W1248.jpg
18962,train,21,W,W2033.jpg
18963,train,21,W,W146.jpg
4645,val,21,W,W152.jpg
18964,train,21,W,W2580.jpg
18965,train,21,W,W1937.jpg
18966,train,21,W,W1923.jpg
4646,val,21,W,W2594.jpg
18967,train,21,W,W608.jpg
18968,train,21,W,W1710.jpg
18969,train,21,W,W185.jpg
18970,train,21,W,W191.jpg
18971,train,21,W,W1704.jpg
18972,train,21,W,W1062.jpg
4647,val,21,W,W807.jpg
18973,train,21,W,W2543.jpg
18974,train,21,W,W2225.jpg
18975,train,21,W,W1738.jpg
18976,train,21,W,W813.jpg
18977,train,21,W,W2557.jpg
18978,train,21,W,W754.jpg
4648,val,21,W,W740.jpg
18979,train,21,W,W998.jpg
18980,train,21,W,W768.jpg
18981,train,21,W,W1843.jpg
4649,val,21,W,W2392.jpg
18982,train,21,W,W2386.jpg
18983,train,21,W,W1857.jpg
18984,train,21,W,W797.jpg
18985,train,21,W,W1664.jpg
18986,train,21,W,W2379.jpg
18987,train,21,W,W1670.jpg
18988,train,21,W,W783.jpg
18989,train,21,W,W2437.jpg
4650,val,21,W,W973.jpg
18990,train,21,W,W2351.jpg
18991,train,21,W,W1658.jpg
18992,train,21,W,W1880.jpg
4651,val,21,W,W1894.jpg
18993,train,21,W,W2345.jpg
18994,train,21,W,W2423.jpg
18995,train,21,W,W967.jpg
18996,train,21,W,W230.jpg
18997,train,21,W,W556.jpg
18998,train,21,W,W542.jpg
18999,train,21,W,W224.jpg
19000,train,21,W,W1499.jpg
19001,train,21,W,W218.jpg
19002,train,21,W,W1466.jpg
4652,val,21,W,W1300.jpg
19003,train,21,W,W595.jpg
19004,train,21,W,W581.jpg
19005,train,21,W,W1314.jpg
19006,train,21,W,W1472.jpg
4653,val,21,W,W2153.jpg
19007,train,21,W,W1328.jpg
19008,train,21,W,W2621.jpg
19009,train,21,W,W2147.jpg
19010,train,21,W,W2620.jpg
4654,val,21,W,W1329.jpg
4655,val,21,W,W2146.jpg
19011,train,21,W,W2152.jpg
19012,train,21,W,W1315.jpg
19013,train,21,W,W580.jpg
19014,train,21,W,W1473.jpg
19015,train,21,W,W1467.jpg
19016,train,21,W,W594.jpg
19017,train,21,W,W1301.jpg
19018,train,21,W,W219.jpg
19019,train,21,W,W1498.jpg
19020,train,21,W,W543.jpg
4656,val,21,W,W225.jpg
4657,val,21,W,W231.jpg
19021,train,21,W,W557.jpg
19022,train,21,W,W2344.jpg
19023,train,21,W,W1895.jpg
19024,train,21,W,W966.jpg
19025,train,21,W,W2422.jpg
19026,train,21,W,W972.jpg
19027,train,21,W,W2436.jpg
19028,train,21,W,W1881.jpg
19029,train,21,W,W1659.jpg
19030,train,21,W,W2350.jpg
19031,train,21,W,W1671.jpg
19032,train,21,W,W2378.jpg
4658,val,21,W,W782.jpg
19033,train,21,W,W796.jpg
19034,train,21,W,W1665.jpg
4659,val,21,W,W1856.jpg
19035,train,21,W,W2387.jpg
19036,train,21,W,W769.jpg
4660,val,21,W,W2393.jpg
19037,train,21,W,W1842.jpg
19038,train,21,W,W999.jpg
19039,train,21,W,W741.jpg
19040,train,21,W,W755.jpg
19041,train,21,W,W2230.jpg
19042,train,21,W,W1739.jpg
19043,train,21,W,W2556.jpg
4661,val,21,W,W812.jpg
19044,train,21,W,W2542.jpg
19045,train,21,W,W806.jpg
19046,train,21,W,W2224.jpg
19047,train,21,W,W1705.jpg
4662,val,21,W,W190.jpg
4663,val,21,W,W1063.jpg
19048,train,21,W,W1077.jpg
19049,train,21,W,W184.jpg
19050,train,21,W,W2218.jpg
19051,train,21,W,W1711.jpg
19052,train,21,W,W1922.jpg
19053,train,21,W,W609.jpg
19054,train,21,W,W2595.jpg
19055,train,21,W,W2581.jpg
19056,train,21,W,W1936.jpg
19057,train,21,W,W153.jpg
19058,train,21,W,W147.jpg
19059,train,21,W,W2032.jpg
19060,train,21,W,W2026.jpg
19061,train,21,W,W1249.jpg
19062,train,21,W,W2998.jpg
19063,train,21,W,W1261.jpg
19064,train,21,W,W392.jpg
19065,train,21,W,W1507.jpg
19066,train,21,W,W1513.jpg
4664,val,21,W,W386.jpg
19067,train,21,W,W1275.jpg
4665,val,21,W,W379.jpg
19068,train,21,W,W437.jpg
19069,train,21,W,W2973.jpg
4666,val,21,W,W351.jpg
4667,val,21,W,W345.jpg
4668,val,21,W,W423.jpg
4669,val,21,W,W2967.jpg
19070,train,21,W,W353.jpg
19071,train,21,W,W2971.jpg
19072,train,21,W,W435.jpg
4670,val,21,W,W2965.jpg
4671,val,21,W,W421.jpg
4672,val,21,W,W347.jpg
19073,train,21,W,W409.jpg
19074,train,21,W,W1288.jpg
19075,train,21,W,W2959.jpg
19076,train,21,W,W1505.jpg
19077,train,21,W,W390.jpg
19078,train,21,W,W1263.jpg
4673,val,21,W,W1277.jpg
19079,train,21,W,W384.jpg
4674,val,21,W,W2018.jpg
19080,train,21,W,W1511.jpg
19081,train,21,W,W2030.jpg
4675,val,21,W,W1539.jpg
19082,train,21,W,W2024.jpg
19083,train,21,W,W151.jpg
19084,train,21,W,W145.jpg
19085,train,21,W,W1908.jpg
19086,train,21,W,W2597.jpg
19087,train,21,W,W1920.jpg
19088,train,21,W,W1934.jpg
4676,val,21,W,W179.jpg
19089,train,21,W,W2583.jpg
19090,train,21,W,W1061.jpg
19091,train,21,W,W2568.jpg
4677,val,21,W,W192.jpg
19092,train,21,W,W1707.jpg
19093,train,21,W,W1713.jpg
19094,train,21,W,W186.jpg
19095,train,21,W,W838.jpg
19096,train,21,W,W810.jpg
19097,train,21,W,W2554.jpg
4678,val,21,W,W2232.jpg
19098,train,21,W,W2226.jpg
19099,train,21,W,W1049.jpg
4679,val,21,W,W804.jpg
19100,train,21,W,W2540.jpg
19101,train,21,W,W743.jpg
19102,train,21,W,W1868.jpg
19103,train,21,W,W757.jpg
19104,train,21,W,W2385.jpg
19105,train,21,W,W1854.jpg
19106,train,21,W,W1840.jpg
19107,train,21,W,W1698.jpg
19108,train,21,W,W2391.jpg
19109,train,21,W,W958.jpg
4680,val,21,W,W780.jpg
19110,train,21,W,W1673.jpg
19111,train,21,W,W1667.jpg
19112,train,21,W,W2408.jpg
4681,val,21,W,W794.jpg
19113,train,21,W,W2420.jpg
19114,train,21,W,W964.jpg
4682,val,21,W,W1897.jpg
19115,train,21,W,W2346.jpg
19116,train,21,W,W2352.jpg
19117,train,21,W,W1883.jpg
19118,train,21,W,W2434.jpg
19119,train,21,W,W970.jpg
19120,train,21,W,W227.jpg
19121,train,21,W,W541.jpg
19122,train,21,W,W555.jpg
19123,train,21,W,W233.jpg
19124,train,21,W,W2839.jpg
4683,val,21,W,W569.jpg
19125,train,21,W,W1471.jpg
19126,train,21,W,W2178.jpg
19127,train,21,W,W582.jpg
4684,val,21,W,W1317.jpg
19128,train,21,W,W1303.jpg
19129,train,21,W,W596.jpg
19130,train,21,W,W1465.jpg
19131,train,21,W,W2144.jpg
19132,train,21,W,W88.jpg
19133,train,21,W,W2622.jpg
19134,train,21,W,W1459.jpg
19135,train,21,W,W2150.jpg
19136,train,21,W,W2151.jpg
19137,train,21,W,W1458.jpg
4685,val,21,W,W2145.jpg
19138,train,21,W,W89.jpg
19139,train,21,W,W2623.jpg
19140,train,21,W,W1302.jpg
4686,val,21,W,W1464.jpg
19141,train,21,W,W1470.jpg
4687,val,21,W,W1316.jpg
19142,train,21,W,W583.jpg
19143,train,21,W,W568.jpg
19144,train,21,W,W2192.jpg
19145,train,21,W,W2838.jpg
19146,train,21,W,W554.jpg
4688,val,21,W,W232.jpg
19147,train,21,W,W226.jpg
19148,train,21,W,W540.jpg
19149,train,21,W,W1882.jpg
19150,train,21,W,W2353.jpg
19151,train,21,W,W971.jpg
19152,train,21,W,W2435.jpg
19153,train,21,W,W965.jpg
19154,train,21,W,W2421.jpg
4689,val,21,W,W2347.jpg
19155,train,21,W,W1896.jpg
4690,val,21,W,W1666.jpg
19156,train,21,W,W795.jpg
19157,train,21,W,W2409.jpg
19158,train,21,W,W781.jpg
19159,train,21,W,W959.jpg
19160,train,21,W,W1672.jpg
4691,val,21,W,W2390.jpg
19161,train,21,W,W1699.jpg
19162,train,21,W,W1841.jpg
4692,val,21,W,W1855.jpg
19163,train,21,W,W2384.jpg
4693,val,21,W,W756.jpg
19164,train,21,W,W742.jpg
4694,val,21,W,W1869.jpg
19165,train,21,W,W2227.jpg
19166,train,21,W,W2541.jpg
19167,train,21,W,W805.jpg
19168,train,21,W,W1048.jpg
4695,val,21,W,W811.jpg
4696,val,21,W,W187.jpg
19169,train,21,W,W1712.jpg
19170,train,21,W,W1074.jpg
19171,train,21,W,W839.jpg
19172,train,21,W,W2569.jpg
19173,train,21,W,W1060.jpg
19174,train,21,W,W1706.jpg
19175,train,21,W,W193.jpg
4697,val,21,W,W178.jpg
19176,train,21,W,W1935.jpg
4698,val,21,W,W2582.jpg
19177,train,21,W,W2596.jpg
19178,train,21,W,W1921.jpg
19179,train,21,W,W1909.jpg
4699,val,21,W,W144.jpg
19180,train,21,W,W150.jpg
19181,train,21,W,W2025.jpg
4700,val,21,W,W1538.jpg
4701,val,21,W,W2031.jpg
19182,train,21,W,W1276.jpg
4702,val,21,W,W1510.jpg
19183,train,21,W,W2019.jpg
19184,train,21,W,W385.jpg
19185,train,21,W,W391.jpg
19186,train,21,W,W1504.jpg
19187,train,21,W,W1262.jpg
19188,train,21,W,W2958.jpg
19189,train,21,W,W1289.jpg
19190,train,21,W,W408.jpg
4703,val,21,W,W420.jpg
19191,train,21,W,W2964.jpg
19192,train,21,W,W346.jpg
19193,train,21,W,W352.jpg
4704,val,21,W,W434.jpg
19194,train,21,W,W2970.jpg
19195,train,21,W,W2948.jpg
19196,train,21,W,W1299.jpg
19197,train,21,W,W418.jpg
19198,train,21,W,W430.jpg
19199,train,21,W,W2974.jpg
19200,train,21,W,W356.jpg
19201,train,21,W,W342.jpg
19202,train,21,W,W424.jpg
19203,train,21,W,W2960.jpg
4705,val,21,W,W2035.jpg
19204,train,21,W,W1528.jpg
19205,train,21,W,W2021.jpg
19206,train,21,W,W1266.jpg
19207,train,21,W,W1500.jpg
19208,train,21,W,W395.jpg
19209,train,21,W,W2009.jpg
19210,train,21,W,W381.jpg
19211,train,21,W,W1514.jpg
19212,train,21,W,W1272.jpg
19213,train,21,W,W168.jpg
19214,train,21,W,W1925.jpg
19215,train,21,W,W2592.jpg
19216,train,21,W,W2586.jpg
4706,val,21,W,W1931.jpg
19217,train,21,W,W1919.jpg
19218,train,21,W,W154.jpg
19219,train,21,W,W140.jpg
4707,val,21,W,W2551.jpg
19220,train,21,W,W815.jpg
19221,train,21,W,W1058.jpg
4708,val,21,W,W801.jpg
19222,train,21,W,W2223.jpg
19223,train,21,W,W197.jpg
19224,train,21,W,W1702.jpg
4709,val,21,W,W1064.jpg
4710,val,21,W,W829.jpg
4711,val,21,W,W2579.jpg
19225,train,21,W,W1070.jpg
4712,val,21,W,W1716.jpg
4713,val,21,W,W183.jpg
19226,train,21,W,W2380.jpg
19227,train,21,W,W1851.jpg
19228,train,21,W,W1689.jpg
19229,train,21,W,W1845.jpg
19230,train,21,W,W2394.jpg
19231,train,21,W,W746.jpg
19232,train,21,W,W752.jpg
19233,train,21,W,W1879.jpg
19234,train,21,W,W1892.jpg
19235,train,21,W,W2343.jpg
19236,train,21,W,W961.jpg
19237,train,21,W,W2425.jpg
19238,train,21,W,W975.jpg
4714,val,21,W,W2431.jpg
19239,train,21,W,W2357.jpg
19240,train,21,W,W1886.jpg
19241,train,21,W,W1676.jpg
4715,val,21,W,W2419.jpg
19242,train,21,W,W785.jpg
19243,train,21,W,W949.jpg
4716,val,21,W,W791.jpg
19244,train,21,W,W1662.jpg
19245,train,21,W,W578.jpg
4717,val,21,W,W2182.jpg
19246,train,21,W,W2828.jpg
19247,train,21,W,W544.jpg
19248,train,21,W,W222.jpg
19249,train,21,W,W236.jpg
19250,train,21,W,W550.jpg
4718,val,21,W,W2627.jpg
19251,train,21,W,W2141.jpg
19252,train,21,W,W1448.jpg
19253,train,21,W,W2155.jpg
4719,val,21,W,W99.jpg
19254,train,21,W,W587.jpg
19255,train,21,W,W1312.jpg
19256,train,21,W,W1474.jpg
19257,train,21,W,W2169.jpg
19258,train,21,W,W1460.jpg
19259,train,21,W,W1306.jpg
4720,val,21,W,W593.jpg
19260,train,21,W,W1461.jpg
4721,val,21,W,W2168.jpg
19261,train,21,W,W592.jpg
19262,train,21,W,W1307.jpg
19263,train,21,W,W1313.jpg
19264,train,21,W,W586.jpg
19265,train,21,W,W1475.jpg
19266,train,21,W,W2154.jpg
19267,train,21,W,W98.jpg
4722,val,21,W,W2626.jpg
19268,train,21,W,W1449.jpg
4723,val,21,W,W2140.jpg
19269,train,21,W,W237.jpg
19270,train,21,W,W551.jpg
4724,val,21,W,W545.jpg
19271,train,21,W,W223.jpg
19272,train,21,W,W2829.jpg
4725,val,21,W,W579.jpg
19273,train,21,W,W790.jpg
19274,train,21,W,W948.jpg
19275,train,21,W,W1663.jpg
19276,train,21,W,W1677.jpg
4726,val,21,W,W784.jpg
19277,train,21,W,W2418.jpg
19278,train,21,W,W2430.jpg
4727,val,21,W,W974.jpg
19279,train,21,W,W1887.jpg
4728,val,21,W,W2356.jpg
4729,val,21,W,W2342.jpg
19280,train,21,W,W1893.jpg
19281,train,21,W,W2424.jpg
19282,train,21,W,W960.jpg
19283,train,21,W,W753.jpg
19284,train,21,W,W1878.jpg
19285,train,21,W,W747.jpg
19286,train,21,W,W2395.jpg
19287,train,21,W,W1844.jpg
19288,train,21,W,W1688.jpg
4730,val,21,W,W1850.jpg
4731,val,21,W,W2381.jpg
19289,train,21,W,W1071.jpg
19290,train,21,W,W2578.jpg
19291,train,21,W,W182.jpg
4732,val,21,W,W1717.jpg
4733,val,21,W,W1703.jpg
19292,train,21,W,W196.jpg
19293,train,21,W,W828.jpg
19294,train,21,W,W800.jpg
19295,train,21,W,W2544.jpg
4734,val,21,W,W2222.jpg
19296,train,21,W,W1059.jpg
4735,val,21,W,W814.jpg
4736,val,21,W,W141.jpg
19297,train,21,W,W155.jpg
19298,train,21,W,W1918.jpg
19299,train,21,W,W2587.jpg
4737,val,21,W,W1930.jpg
19300,train,21,W,W1924.jpg
19301,train,21,W,W169.jpg
19302,train,21,W,W2593.jpg
19303,train,21,W,W1515.jpg
4738,val,21,W,W380.jpg
19304,train,21,W,W1273.jpg
19305,train,21,W,W1267.jpg
19306,train,21,W,W2008.jpg
19307,train,21,W,W394.jpg
19308,train,21,W,W1501.jpg
4739,val,21,W,W2020.jpg
19309,train,21,W,W1529.jpg
19310,train,21,W,W2034.jpg
19311,train,21,W,W343.jpg
19312,train,21,W,W2961.jpg
4740,val,21,W,W425.jpg
19313,train,21,W,W2975.jpg
19314,train,21,W,W431.jpg
19315,train,21,W,W357.jpg
4741,val,21,W,W419.jpg
19316,train,21,W,W1298.jpg
19317,train,21,W,W2949.jpg
19318,train,21,W,W369.jpg
19319,train,21,W,W427.jpg
19320,train,21,W,W2963.jpg
19321,train,21,W,W341.jpg
19322,train,21,W,W355.jpg
19323,train,21,W,W433.jpg
19324,train,21,W,W2977.jpg
4742,val,21,W,W2022.jpg
4743,val,21,W,W2036.jpg
19325,train,21,W,W1259.jpg
4744,val,21,W,W2988.jpg
19326,train,21,W,W1271.jpg
19327,train,21,W,W382.jpg
19328,train,21,W,W1517.jpg
4745,val,21,W,W1503.jpg
4746,val,21,W,W396.jpg
19329,train,21,W,W1265.jpg
4747,val,21,W,W1932.jpg
19330,train,21,W,W2585.jpg
19331,train,21,W,W619.jpg
19332,train,21,W,W2591.jpg
19333,train,21,W,W1926.jpg
19334,train,21,W,W143.jpg
4748,val,21,W,W157.jpg
19335,train,21,W,W2220.jpg
19336,train,21,W,W1729.jpg
19337,train,21,W,W802.jpg
4749,val,21,W,W2552.jpg
4750,val,21,W,W816.jpg
4751,val,21,W,W1715.jpg
4752,val,21,W,W180.jpg
19338,train,21,W,W1073.jpg
19339,train,21,W,W194.jpg
4753,val,21,W,W1701.jpg
19340,train,21,W,W1846.jpg
19341,train,21,W,W2397.jpg
19342,train,21,W,W779.jpg
4754,val,21,W,W2383.jpg
19343,train,21,W,W1852.jpg
19344,train,21,W,W751.jpg
19345,train,21,W,W989.jpg
19346,train,21,W,W745.jpg
19347,train,21,W,W2354.jpg
19348,train,21,W,W1885.jpg
19349,train,21,W,W976.jpg
19350,train,21,W,W2432.jpg
19351,train,21,W,W962.jpg
19352,train,21,W,W2426.jpg
4755,val,21,W,W1649.jpg
4756,val,21,W,W1891.jpg
19353,train,21,W,W2340.jpg
19354,train,21,W,W1661.jpg
19355,train,21,W,W2368.jpg
19356,train,21,W,W792.jpg
4757,val,21,W,W786.jpg
19357,train,21,W,W1675.jpg
4758,val,21,W,W209.jpg
19358,train,21,W,W2195.jpg
19359,train,21,W,W1488.jpg
19360,train,21,W,W553.jpg
19361,train,21,W,W235.jpg
19362,train,21,W,W221.jpg
19363,train,21,W,W547.jpg
19364,train,21,W,W1339.jpg
19365,train,21,W,W2156.jpg
19366,train,21,W,W2142.jpg
19367,train,21,W,W2624.jpg
19368,train,21,W,W1305.jpg
4759,val,21,W,W590.jpg
19369,train,21,W,W1463.jpg
19370,train,21,W,W1477.jpg
19371,train,21,W,W584.jpg
19372,train,21,W,W1311.jpg
19373,train,21,W,W1476.jpg
19374,train,21,W,W1310.jpg
19375,train,21,W,W2619.jpg
19376,train,21,W,W585.jpg
19377,train,21,W,W591.jpg
4760,val,21,W,W1304.jpg
19378,train,21,W,W1462.jpg
19379,train,21,W,W2143.jpg
4761,val,21,W,W2625.jpg
19380,train,21,W,W1338.jpg
19381,train,21,W,W2157.jpg
19382,train,21,W,W220.jpg
4762,val,21,W,W546.jpg
19383,train,21,W,W552.jpg
4763,val,21,W,W234.jpg
19384,train,21,W,W1489.jpg
19385,train,21,W,W208.jpg
19386,train,21,W,W787.jpg
4764,val,21,W,W1674.jpg
19387,train,21,W,W2369.jpg
19388,train,21,W,W1660.jpg
19389,train,21,W,W793.jpg
19390,train,21,W,W2427.jpg
19391,train,21,W,W963.jpg
19392,train,21,W,W2341.jpg
4765,val,21,W,W1890.jpg
19393,train,21,W,W1648.jpg
19394,train,21,W,W1884.jpg
19395,train,21,W,W2355.jpg
19396,train,21,W,W2433.jpg
19397,train,21,W,W977.jpg
19398,train,21,W,W744.jpg
4766,val,21,W,W988.jpg
19399,train,21,W,W750.jpg
19400,train,21,W,W778.jpg
19401,train,21,W,W1853.jpg
4767,val,21,W,W2382.jpg
19402,train,21,W,W2396.jpg
19403,train,21,W,W1847.jpg
19404,train,21,W,W1066.jpg
19405,train,21,W,W1700.jpg
19406,train,21,W,W195.jpg
19407,train,21,W,W181.jpg
19408,train,21,W,W1714.jpg
19409,train,21,W,W1072.jpg
19410,train,21,W,W9.jpg
19411,train,21,W,W817.jpg
19412,train,21,W,W1728.jpg
4768,val,21,W,W803.jpg
19413,train,21,W,W2547.jpg
19414,train,21,W,W156.jpg
19415,train,21,W,W142.jpg
4769,val,21,W,W2590.jpg
19416,train,21,W,W1927.jpg
19417,train,21,W,W1933.jpg
19418,train,21,W,W618.jpg
19419,train,21,W,W2584.jpg
4770,val,21,W,W397.jpg
19420,train,21,W,W1502.jpg
19421,train,21,W,W1264.jpg
19422,train,21,W,W1270.jpg
19423,train,21,W,W1516.jpg
19424,train,21,W,W383.jpg
19425,train,21,W,W2037.jpg
19426,train,21,W,W2989.jpg
19427,train,21,W,W1258.jpg
19428,train,21,W,W2023.jpg
19429,train,21,W,W354.jpg
19430,train,21,W,W2976.jpg
19431,train,21,W,W432.jpg
19432,train,21,W,W2962.jpg
4771,val,21,W,W426.jpg
4772,val,21,W,W340.jpg
4773,val,21,W,W368.jpg
19433,train,21,W,W2905.jpg
19434,train,21,W,W441.jpg
19435,train,21,W,W327.jpg
19436,train,21,W,W333.jpg
4774,val,21,W,W2911.jpg
19437,train,21,W,W455.jpg
19438,train,21,W,W2939.jpg
4775,val,21,W,W2087.jpg
19439,train,21,W,W2093.jpg
19440,train,21,W,W469.jpg
19441,train,21,W,W482.jpg
4776,val,21,W,W1217.jpg
4777,val,21,W,W1571.jpg
19442,train,21,W,W2078.jpg
4778,val,21,W,W1565.jpg
19443,train,21,W,W1203.jpg
19444,train,21,W,W496.jpg
4779,val,21,W,W2044.jpg
19445,train,21,W,W1559.jpg
4780,val,21,W,W2050.jpg
19446,train,21,W,W1968.jpg
4781,val,21,W,W125.jpg
4782,val,21,W,W131.jpg
19447,train,21,W,W119.jpg
19448,train,21,W,W2285.jpg
19449,train,21,W,W1954.jpg
19450,train,21,W,W1798.jpg
19451,train,21,W,W1940.jpg
4783,val,21,W,W2291.jpg
19452,train,21,W,W1773.jpg
19453,train,21,W,W1015.jpg
19454,train,21,W,W680.jpg
19455,train,21,W,W858.jpg
19456,train,21,W,W694.jpg
4784,val,21,W,W1001.jpg
19457,train,21,W,W1767.jpg
19458,train,21,W,W1997.jpg
19459,train,21,W,W864.jpg
19460,train,21,W,W2520.jpg
19461,train,21,W,W1029.jpg
4785,val,21,W,W870.jpg
19462,train,21,W,W2534.jpg
19463,train,21,W,W1983.jpg
19464,train,21,W,W737.jpg
19465,train,21,W,W723.jpg
19466,train,21,W,W1808.jpg
19467,train,21,W,W1820.jpg
4786,val,21,W,W2497.jpg
19468,train,21,W,W1834.jpg
4787,val,21,W,W1607.jpg
19469,train,21,W,W1161.jpg
4788,val,21,W,W2468.jpg
19470,train,21,W,W938.jpg
19471,train,21,W,W1175.jpg
19472,train,21,W,W1613.jpg
4789,val,21,W,W2332.jpg
19473,train,21,W,W2454.jpg
19474,train,21,W,W910.jpg
19475,train,21,W,W2440.jpg
4790,val,21,W,W904.jpg
19476,train,21,W,W2326.jpg
4791,val,21,W,W535.jpg
19477,train,21,W,W2871.jpg
19478,train,21,W,W253.jpg
4792,val,21,W,W247.jpg
19479,train,21,W,W17.jpg
19480,train,21,W,W521.jpg
19481,train,21,W,W2865.jpg
19482,train,21,W,W509.jpg
4793,val,21,W,W1388.jpg
19483,train,21,W,W2859.jpg
19484,train,21,W,W1363.jpg
19485,train,21,W,W1405.jpg
19486,train,21,W,W290.jpg
19487,train,21,W,W2118.jpg
19488,train,21,W,W284.jpg
4794,val,21,W,W1411.jpg
19489,train,21,W,W1377.jpg
19490,train,21,W,W2130.jpg
4795,val,21,W,W1439.jpg
19491,train,21,W,W2124.jpg
19492,train,21,W,W2125.jpg
19493,train,21,W,W2643.jpg
19494,train,21,W,W1438.jpg
19495,train,21,W,W2131.jpg
19496,train,21,W,W1410.jpg
19497,train,21,W,W285.jpg
4796,val,21,W,W2119.jpg
19498,train,21,W,W1376.jpg
4797,val,21,W,W1362.jpg
4798,val,21,W,W291.jpg
19499,train,21,W,W1404.jpg
19500,train,21,W,W2858.jpg
4799,val,21,W,W1389.jpg
19501,train,21,W,W508.jpg
4800,val,21,W,W16.jpg
4801,val,21,W,W246.jpg
19502,train,21,W,W2864.jpg
19503,train,21,W,W520.jpg
19504,train,21,W,W2870.jpg
19505,train,21,W,W534.jpg
19506,train,21,W,W252.jpg
19507,train,21,W,W905.jpg
19508,train,21,W,W2441.jpg
19509,train,21,W,W2327.jpg
19510,train,21,W,W2333.jpg
4802,val,21,W,W911.jpg
4803,val,21,W,W2455.jpg
19511,train,21,W,W1174.jpg
19512,train,21,W,W939.jpg
19513,train,21,W,W1612.jpg
19514,train,21,W,W1606.jpg
19515,train,21,W,W2469.jpg
19516,train,21,W,W2482.jpg
19517,train,21,W,W1835.jpg
19518,train,21,W,W1821.jpg
19519,train,21,W,W2496.jpg
19520,train,21,W,W722.jpg
19521,train,21,W,W1809.jpg
19522,train,21,W,W736.jpg
4804,val,21,W,W2535.jpg
19523,train,21,W,W871.jpg
19524,train,21,W,W1982.jpg
19525,train,21,W,W1996.jpg
19526,train,21,W,W1028.jpg
19527,train,21,W,W2521.jpg
19528,train,21,W,W865.jpg
19529,train,21,W,W1000.jpg
19530,train,21,W,W695.jpg
4805,val,21,W,W1766.jpg
4806,val,21,W,W1772.jpg
19531,train,21,W,W859.jpg
19532,train,21,W,W681.jpg
19533,train,21,W,W1014.jpg
19534,train,21,W,W2290.jpg
19535,train,21,W,W1941.jpg
19536,train,21,W,W1799.jpg
19537,train,21,W,W1955.jpg
19538,train,21,W,W2284.jpg
19539,train,21,W,W118.jpg
19540,train,21,W,W130.jpg
19541,train,21,W,W124.jpg
19542,train,21,W,W1969.jpg
4807,val,21,W,W2051.jpg
4808,val,21,W,W1558.jpg
4809,val,21,W,W2045.jpg
19543,train,21,W,W1564.jpg
19544,train,21,W,W497.jpg
4810,val,21,W,W1202.jpg
19545,train,21,W,W1216.jpg
19546,train,21,W,W483.jpg
4811,val,21,W,W2079.jpg
19547,train,21,W,W1570.jpg
19548,train,21,W,W2092.jpg
19549,train,21,W,W468.jpg
19550,train,21,W,W2938.jpg
4812,val,21,W,W2086.jpg
19551,train,21,W,W332.jpg
19552,train,21,W,W454.jpg
19553,train,21,W,W2910.jpg
19554,train,21,W,W440.jpg
4813,val,21,W,W2904.jpg
19555,train,21,W,W326.jpg
19556,train,21,W,W2912.jpg
19557,train,21,W,W456.jpg
19558,train,21,W,W330.jpg
19559,train,21,W,W324.jpg
19560,train,21,W,W2906.jpg
19561,train,21,W,W442.jpg
19562,train,21,W,W2090.jpg
19563,train,21,W,W1599.jpg
19564,train,21,W,W2084.jpg
19565,train,21,W,W318.jpg
19566,train,21,W,W1200.jpg
19567,train,21,W,W495.jpg
19568,train,21,W,W1566.jpg
4814,val,21,W,W1572.jpg
4815,val,21,W,W481.jpg
19569,train,21,W,W1214.jpg
19570,train,21,W,W2053.jpg
19571,train,21,W,W2047.jpg
19572,train,21,W,W1228.jpg
19573,train,21,W,W132.jpg
19574,train,21,W,W898.jpg
19575,train,21,W,W126.jpg
4816,val,21,W,W1943.jpg
4817,val,21,W,W2292.jpg
19576,train,21,W,W668.jpg
4818,val,21,W,W2286.jpg
19577,train,21,W,W1957.jpg
4819,val,21,W,W1764.jpg
19578,train,21,W,W697.jpg
19579,train,21,W,W1002.jpg
19580,train,21,W,W1016.jpg
19581,train,21,W,W683.jpg
4820,val,21,W,W2279.jpg
19582,train,21,W,W1770.jpg
19583,train,21,W,W1980.jpg
19584,train,21,W,W1758.jpg
19585,train,21,W,W873.jpg
19586,train,21,W,W2537.jpg
4821,val,21,W,W867.jpg
4822,val,21,W,W2523.jpg
19587,train,21,W,W1994.jpg
19588,train,21,W,W720.jpg
19589,train,21,W,W734.jpg
19590,train,21,W,W1837.jpg
19591,train,21,W,W2480.jpg
19592,train,21,W,W1189.jpg
19593,train,21,W,W708.jpg
19594,train,21,W,W2494.jpg
19595,train,21,W,W1823.jpg
19596,train,21,W,W1610.jpg
19597,train,21,W,W2319.jpg
19598,train,21,W,W1176.jpg
19599,train,21,W,W1162.jpg
19600,train,21,W,W1604.jpg
19601,train,21,W,W2325.jpg
19602,train,21,W,W2443.jpg
19603,train,21,W,W907.jpg
19604,train,21,W,W2457.jpg
19605,train,21,W,W913.jpg
19606,train,21,W,W1638.jpg
19607,train,21,W,W2331.jpg
19608,train,21,W,W522.jpg
19609,train,21,W,W2866.jpg
19610,train,21,W,W244.jpg
19611,train,21,W,W14.jpg
19612,train,21,W,W250.jpg
19613,train,21,W,W536.jpg
19614,train,21,W,W2872.jpg
19615,train,21,W,W278.jpg
4823,val,21,W,W1374.jpg
19616,train,21,W,W287.jpg
19617,train,21,W,W1412.jpg
19618,train,21,W,W1406.jpg
19619,train,21,W,W293.jpg
19620,train,21,W,W1360.jpg
19621,train,21,W,W2899.jpg
19622,train,21,W,W1348.jpg
19623,train,21,W,W2127.jpg
19624,train,21,W,W2133.jpg
19625,train,21,W,W2132.jpg
19626,train,21,W,W1349.jpg
19627,train,21,W,W2898.jpg
4824,val,21,W,W2126.jpg
19628,train,21,W,W292.jpg
19629,train,21,W,W1407.jpg
19630,train,21,W,W1361.jpg
4825,val,21,W,W1375.jpg
19631,train,21,W,W1413.jpg
19632,train,21,W,W286.jpg
19633,train,21,W,W279.jpg
19634,train,21,W,W251.jpg
19635,train,21,W,W2873.jpg
19636,train,21,W,W537.jpg
4826,val,21,W,W2867.jpg
19637,train,21,W,W523.jpg
19638,train,21,W,W15.jpg
19639,train,21,W,W245.jpg
19640,train,21,W,W912.jpg
19641,train,21,W,W2456.jpg
19642,train,21,W,W2330.jpg
19643,train,21,W,W1639.jpg
19644,train,21,W,W2324.jpg
19645,train,21,W,W906.jpg
4827,val,21,W,W2442.jpg
4828,val,21,W,W1163.jpg
19646,train,21,W,W1605.jpg
19647,train,21,W,W2318.jpg
19648,train,21,W,W1611.jpg
19649,train,21,W,W1177.jpg
19650,train,21,W,W2495.jpg
19651,train,21,W,W709.jpg
19652,train,21,W,W1822.jpg
19653,train,21,W,W1836.jpg
19654,train,21,W,W1188.jpg
19655,train,21,W,W2481.jpg
19656,train,21,W,W735.jpg
19657,train,21,W,W721.jpg
19658,train,21,W,W2522.jpg
19659,train,21,W,W866.jpg
19660,train,21,W,W1995.jpg
19661,train,21,W,W1759.jpg
19662,train,21,W,W1981.jpg
4829,val,21,W,W2536.jpg
4830,val,21,W,W872.jpg
19663,train,21,W,W682.jpg
4831,val,21,W,W1017.jpg
19664,train,21,W,W1771.jpg
4832,val,21,W,W2278.jpg
19665,train,21,W,W1765.jpg
19666,train,21,W,W1003.jpg
19667,train,21,W,W696.jpg
19668,train,21,W,W1956.jpg
19669,train,21,W,W2287.jpg
19670,train,21,W,W2293.jpg
19671,train,21,W,W1942.jpg
4833,val,21,W,W669.jpg
19672,train,21,W,W899.jpg
19673,train,21,W,W127.jpg
19674,train,21,W,W133.jpg
4834,val,21,W,W2046.jpg
19675,train,21,W,W1229.jpg
19676,train,21,W,W2052.jpg
19677,train,21,W,W1215.jpg
4835,val,21,W,W480.jpg
19678,train,21,W,W494.jpg
19679,train,21,W,W1201.jpg
19680,train,21,W,W1567.jpg
19681,train,21,W,W319.jpg
19682,train,21,W,W2085.jpg
19683,train,21,W,W1598.jpg
4836,val,21,W,W2091.jpg
19684,train,21,W,W325.jpg
19685,train,21,W,W443.jpg
19686,train,21,W,W2907.jpg
4837,val,21,W,W457.jpg
19687,train,21,W,W2913.jpg
19688,train,21,W,W331.jpg
19689,train,21,W,W2095.jpg
19690,train,21,W,W309.jpg
19691,train,21,W,W1588.jpg
19692,train,21,W,W2081.jpg
19693,train,21,W,W335.jpg
19694,train,21,W,W453.jpg
19695,train,21,W,W2917.jpg
19696,train,21,W,W447.jpg
19697,train,21,W,W2903.jpg
19698,train,21,W,W321.jpg
19699,train,21,W,W2056.jpg
19700,train,21,W,W1239.jpg
19701,train,21,W,W2042.jpg
19702,train,21,W,W1563.jpg
19703,train,21,W,W1205.jpg
19704,train,21,W,W490.jpg
19705,train,21,W,W484.jpg
19706,train,21,W,W1211.jpg
19707,train,21,W,W1577.jpg
19708,train,21,W,W1946.jpg
19709,train,21,W,W2297.jpg
4838,val,21,W,W2283.jpg
19710,train,21,W,W1952.jpg
19711,train,21,W,W679.jpg
19712,train,21,W,W889.jpg
19713,train,21,W,W137.jpg
19714,train,21,W,W123.jpg
19715,train,21,W,W876.jpg
19716,train,21,W,W1985.jpg
19717,train,21,W,W1991.jpg
19718,train,21,W,W1749.jpg
19719,train,21,W,W2526.jpg
19720,train,21,W,W862.jpg
19721,train,21,W,W692.jpg
19722,train,21,W,W1007.jpg
19723,train,21,W,W1761.jpg
19724,train,21,W,W1775.jpg
19725,train,21,W,W1013.jpg
19726,train,21,W,W686.jpg
19727,train,21,W,W719.jpg
4839,val,21,W,W2485.jpg
4840,val,21,W,W1832.jpg
19728,train,21,W,W1826.jpg
19729,train,21,W,W1198.jpg
19730,train,21,W,W2491.jpg
19731,train,21,W,W725.jpg
4841,val,21,W,W731.jpg
19732,train,21,W,W902.jpg
19733,train,21,W,W2446.jpg
19734,train,21,W,W2320.jpg
19735,train,21,W,W1629.jpg
19736,train,21,W,W2334.jpg
19737,train,21,W,W916.jpg
19738,train,21,W,W2452.jpg
19739,train,21,W,W1173.jpg
19740,train,21,W,W1615.jpg
19741,train,21,W,W2308.jpg
19742,train,21,W,W1601.jpg
19743,train,21,W,W1167.jpg
19744,train,21,W,W269.jpg
19745,train,21,W,W241.jpg
19746,train,21,W,W2863.jpg
4842,val,21,W,W527.jpg
4843,val,21,W,W2877.jpg
0,test,1,B,B_test.jpg
1,test,5,F,F_test.jpg
2,test,6,G,G_test.jpg
3,test,7,H,H_test.jpg
4,test,8,I,I_test.jpg
5,test,9,K,K_test.jpg
6,test,10,L,L_test.jpg
7,test,11,M,M_test.jpg
8,test,13,O,O_test.jpg
9,test,14,P,P_test.jpg
10,test,15,Q,Q_test.jpg
11,test,16,R,R_test.jpg
12,test,17,S,S_test.jpg
13,test,18,T,T_test.jpg
14,test,21,W,W_test.jpg
15,test,23,Y,Y_test.jpg
